solid OpenSCAD_Model
  facet normal 0.977461 0.211116 0
    outer loop
      vertex 9.41554 1.87287 10.4
      vertex 9.34922 2.17993 2.6
      vertex 9.34922 2.17993 10.4
    endloop
  endfacet
  facet normal 0.977461 0.211116 0
    outer loop
      vertex 9.34922 2.17993 2.6
      vertex 9.41554 1.87287 10.4
      vertex 9.41554 1.87287 2.6
    endloop
  endfacet
  facet normal -0.783282 -0.621666 0
    outer loop
      vertex -7.4209 -6.09017 2.6
      vertex -7.61619 -5.84411 10.4
      vertex -7.61619 -5.84411 2.6
    endloop
  endfacet
  facet normal -0.783282 -0.621666 0
    outer loop
      vertex -7.61619 -5.84411 10.4
      vertex -7.4209 -6.09017 2.6
      vertex -7.4209 -6.09017 10.4
    endloop
  endfacet
  facet normal 0.998795 0.0490855 0
    outer loop
      vertex 9.59486 0.314103 10.4
      vertex 9.57944 0.62787 2.6
      vertex 9.57944 0.62787 10.4
    endloop
  endfacet
  facet normal 0.998795 0.0490855 0
    outer loop
      vertex 9.57944 0.62787 2.6
      vertex 9.59486 0.314103 10.4
      vertex 9.59486 0.314103 2.6
    endloop
  endfacet
  facet normal 0.999866 0.0163619 0
    outer loop
      vertex 9.6 0 10.4
      vertex 9.59486 0.314103 2.6
      vertex 9.59486 0.314103 10.4
    endloop
  endfacet
  facet normal 0.999866 0.0163619 0
    outer loop
      vertex 9.59486 0.314103 2.6
      vertex 9.6 0 10.4
      vertex 9.6 0 2.6
    endloop
  endfacet
  facet normal 0.996656 0.081714 0
    outer loop
      vertex 9.57944 0.62787 10.4
      vertex 9.55377 0.940964 2.6
      vertex 9.55377 0.940964 10.4
    endloop
  endfacet
  facet normal 0.996656 0.081714 0
    outer loop
      vertex 9.55377 0.940964 2.6
      vertex 9.57944 0.62787 10.4
      vertex 9.57944 0.62787 2.6
    endloop
  endfacet
  facet normal -0.87409 0.485765 0
    outer loop
      vertex -8.46644 4.52541 2.6
      vertex -8.31384 4.8 10.4
      vertex -8.31384 4.8 2.6
    endloop
  endfacet
  facet normal -0.87409 0.485765 0
    outer loop
      vertex -8.31384 4.8 10.4
      vertex -8.46644 4.52541 2.6
      vertex -8.46644 4.52541 10.4
    endloop
  endfacet
  facet normal -0.695457 0.718568 0
    outer loop
      vertex -6.56249 7.00669 2.6
      vertex -6.78822 6.78822 10.4
      vertex -6.56249 7.00669 10.4
    endloop
  endfacet
  facet normal -0.695457 0.718568 0
    outer loop
      vertex -6.78822 6.78822 10.4
      vertex -6.56249 7.00669 2.6
      vertex -6.78822 6.78822 2.6
    endloop
  endfacet
  facet normal 0.595713 -0.803197 0
    outer loop
      vertex 5.59179 -7.80333 2.6
      vertex 5.84411 -7.61619 10.4
      vertex 5.59179 -7.80333 10.4
    endloop
  endfacet
  facet normal 0.595713 -0.803197 0
    outer loop
      vertex 5.84411 -7.61619 10.4
      vertex 5.59179 -7.80333 2.6
      vertex 5.84411 -7.61619 2.6
    endloop
  endfacet
  facet normal -0.998795 -0.0490855 0
    outer loop
      vertex -9.57944 -0.62787 2.6
      vertex -9.59486 -0.314103 10.4
      vertex -9.59486 -0.314103 2.6
    endloop
  endfacet
  facet normal -0.998795 -0.0490855 0
    outer loop
      vertex -9.59486 -0.314103 10.4
      vertex -9.57944 -0.62787 2.6
      vertex -9.57944 -0.62787 10.4
    endloop
  endfacet
  facet normal 0.996656 -0.081714 0
    outer loop
      vertex 9.55377 -0.940964 10.4
      vertex 9.57944 -0.62787 2.6
      vertex 9.57944 -0.62787 10.4
    endloop
  endfacet
  facet normal 0.996656 -0.081714 0
    outer loop
      vertex 9.57944 -0.62787 2.6
      vertex 9.55377 -0.940964 10.4
      vertex 9.55377 -0.940964 2.6
    endloop
  endfacet
  facet normal 0.081714 -0.996656 0
    outer loop
      vertex 0.62787 -9.57944 2.6
      vertex 0.940964 -9.55377 10.4
      vertex 0.62787 -9.57944 10.4
    endloop
  endfacet
  facet normal 0.081714 -0.996656 0
    outer loop
      vertex 0.940964 -9.55377 10.4
      vertex 0.62787 -9.57944 2.6
      vertex 0.940964 -9.55377 2.6
    endloop
  endfacet
  facet normal 0.569087 -0.822277 0
    outer loop
      vertex 5.33347 -7.98211 2.6
      vertex 5.59179 -7.80333 10.4
      vertex 5.33347 -7.98211 10.4
    endloop
  endfacet
  facet normal 0.569087 -0.822277 0
    outer loop
      vertex 5.59179 -7.80333 10.4
      vertex 5.33347 -7.98211 2.6
      vertex 5.59179 -7.80333 2.6
    endloop
  endfacet
  facet normal 0.0490855 0.998795 -0
    outer loop
      vertex 0.62787 9.57944 2.6
      vertex 0.314103 9.59486 10.4
      vertex 0.62787 9.57944 10.4
    endloop
  endfacet
  facet normal 0.0490855 0.998795 0
    outer loop
      vertex 0.314103 9.59486 10.4
      vertex 0.62787 9.57944 2.6
      vertex 0.314103 9.59486 2.6
    endloop
  endfacet
  facet normal 0.993449 0.114279 0
    outer loop
      vertex 9.55377 0.940964 10.4
      vertex 9.51787 1.25305 2.6
      vertex 9.51787 1.25305 10.4
    endloop
  endfacet
  facet normal 0.993449 0.114279 0
    outer loop
      vertex 9.51787 1.25305 2.6
      vertex 9.55377 0.940964 10.4
      vertex 9.55377 0.940964 2.6
    endloop
  endfacet
  facet normal 0.740952 0.671558 0
    outer loop
      vertex 7.21766 6.32972 10.4
      vertex 7.00669 6.56249 2.6
      vertex 7.00669 6.56249 10.4
    endloop
  endfacet
  facet normal 0.740952 0.671558 0
    outer loop
      vertex 7.00669 6.56249 2.6
      vertex 7.21766 6.32972 10.4
      vertex 7.21766 6.32972 2.6
    endloop
  endfacet
  facet normal 0.952062 -0.305905 0
    outer loop
      vertex 9.09053 -3.08582 10.4
      vertex 9.18663 -2.78673 2.6
      vertex 9.18663 -2.78673 10.4
    endloop
  endfacet
  facet normal 0.952062 -0.305905 0
    outer loop
      vertex 9.18663 -2.78673 2.6
      vertex 9.09053 -3.08582 10.4
      vertex 9.09053 -3.08582 2.6
    endloop
  endfacet
  facet normal 0.211116 -0.977461 0
    outer loop
      vertex 1.87287 -9.41554 2.6
      vertex 2.17993 -9.34922 10.4
      vertex 1.87287 -9.41554 10.4
    endloop
  endfacet
  facet normal 0.211116 -0.977461 0
    outer loop
      vertex 2.17993 -9.34922 10.4
      vertex 1.87287 -9.41554 2.6
      vertex 2.17993 -9.34922 2.6
    endloop
  endfacet
  facet normal 0.783282 0.621666 0
    outer loop
      vertex 7.61619 5.84411 10.4
      vertex 7.4209 6.09017 2.6
      vertex 7.4209 6.09017 10.4
    endloop
  endfacet
  facet normal 0.783282 0.621666 0
    outer loop
      vertex 7.4209 6.09017 2.6
      vertex 7.61619 5.84411 10.4
      vertex 7.61619 5.84411 2.6
    endloop
  endfacet
  facet normal -0.961562 0.274587 0
    outer loop
      vertex -9.27289 2.48466 2.6
      vertex -9.18663 2.78673 10.4
      vertex -9.18663 2.78673 2.6
    endloop
  endfacet
  facet normal -0.961562 0.274587 0
    outer loop
      vertex -9.18663 2.78673 10.4
      vertex -9.27289 2.48466 2.6
      vertex -9.27289 2.48466 10.4
    endloop
  endfacet
  facet normal 0.485765 -0.87409 0
    outer loop
      vertex 4.52541 -8.46644 2.6
      vertex 4.8 -8.31384 10.4
      vertex 4.52541 -8.46644 10.4
    endloop
  endfacet
  facet normal 0.485765 -0.87409 0
    outer loop
      vertex 4.8 -8.31384 10.4
      vertex 4.52541 -8.46644 2.6
      vertex 4.8 -8.31384 2.6
    endloop
  endfacet
  facet normal 0.179025 -0.983844 0
    outer loop
      vertex 1.5638 -9.47178 2.6
      vertex 1.87287 -9.41554 10.4
      vertex 1.5638 -9.47178 10.4
    endloop
  endfacet
  facet normal 0.179025 -0.983844 0
    outer loop
      vertex 1.87287 -9.41554 10.4
      vertex 1.5638 -9.47178 2.6
      vertex 1.87287 -9.41554 2.6
    endloop
  endfacet
  facet normal 0.0163619 0.999866 -0
    outer loop
      vertex 0.314103 9.59486 2.6
      vertex 0 9.6 10.4
      vertex 0.314103 9.59486 10.4
    endloop
  endfacet
  facet normal 0.0163619 0.999866 0
    outer loop
      vertex 0 9.6 10.4
      vertex 0.314103 9.59486 2.6
      vertex 0 9.6 2.6
    endloop
  endfacet
  facet normal 0.87409 0.485765 0
    outer loop
      vertex 8.46644 4.52541 10.4
      vertex 8.31384 4.8 2.6
      vertex 8.31384 4.8 10.4
    endloop
  endfacet
  facet normal 0.87409 0.485765 0
    outer loop
      vertex 8.31384 4.8 2.6
      vertex 8.46644 4.52541 10.4
      vertex 8.46644 4.52541 2.6
    endloop
  endfacet
  facet normal 0.595713 0.803197 -0
    outer loop
      vertex 5.84411 7.61619 2.6
      vertex 5.59179 7.80333 10.4
      vertex 5.84411 7.61619 10.4
    endloop
  endfacet
  facet normal 0.595713 0.803197 0
    outer loop
      vertex 5.59179 7.80333 10.4
      vertex 5.84411 7.61619 2.6
      vertex 5.59179 7.80333 2.6
    endloop
  endfacet
  facet normal 0.857732 0.514098 0
    outer loop
      vertex 8.31384 4.8 10.4
      vertex 8.15234 5.06945 2.6
      vertex 8.15234 5.06945 10.4
    endloop
  endfacet
  facet normal 0.857732 0.514098 0
    outer loop
      vertex 8.15234 5.06945 2.6
      vertex 8.31384 4.8 10.4
      vertex 8.31384 4.8 2.6
    endloop
  endfacet
  facet normal -0.718568 -0.695457 0
    outer loop
      vertex -6.78822 -6.78822 2.6
      vertex -7.00669 -6.56249 10.4
      vertex -7.00669 -6.56249 2.6
    endloop
  endfacet
  facet normal -0.718568 -0.695457 0
    outer loop
      vertex -7.00669 -6.56249 10.4
      vertex -6.78822 -6.78822 2.6
      vertex -6.78822 -6.78822 10.4
    endloop
  endfacet
  facet normal -0.803197 0.595713 0
    outer loop
      vertex -7.80333 5.59179 2.6
      vertex -7.61619 5.84411 10.4
      vertex -7.61619 5.84411 2.6
    endloop
  endfacet
  facet normal -0.803197 0.595713 0
    outer loop
      vertex -7.61619 5.84411 10.4
      vertex -7.80333 5.59179 2.6
      vertex -7.80333 5.59179 10.4
    endloop
  endfacet
  facet normal 0.114279 0.993449 -0
    outer loop
      vertex 1.25305 9.51787 2.6
      vertex 0.940964 9.55377 10.4
      vertex 1.25305 9.51787 10.4
    endloop
  endfacet
  facet normal 0.114279 0.993449 0
    outer loop
      vertex 0.940964 9.55377 10.4
      vertex 1.25305 9.51787 2.6
      vertex 0.940964 9.55377 2.6
    endloop
  endfacet
  facet normal 0.114279 -0.993449 0
    outer loop
      vertex 0.940964 -9.55377 2.6
      vertex 1.25305 -9.51787 10.4
      vertex 0.940964 -9.55377 10.4
    endloop
  endfacet
  facet normal 0.114279 -0.993449 0
    outer loop
      vertex 1.25305 -9.51787 10.4
      vertex 0.940964 -9.55377 2.6
      vertex 1.25305 -9.51787 2.6
    endloop
  endfacet
  facet normal -0.595713 0.803197 0
    outer loop
      vertex -5.59179 7.80333 2.6
      vertex -5.84411 7.61619 10.4
      vertex -5.59179 7.80333 10.4
    endloop
  endfacet
  facet normal -0.595713 0.803197 0
    outer loop
      vertex -5.84411 7.61619 10.4
      vertex -5.59179 7.80333 2.6
      vertex -5.84411 7.61619 2.6
    endloop
  endfacet
  facet normal -0.903992 -0.427548 0
    outer loop
      vertex -8.60998 -4.24597 2.6
      vertex -8.74429 -3.96199 10.4
      vertex -8.74429 -3.96199 2.6
    endloop
  endfacet
  facet normal -0.903992 -0.427548 0
    outer loop
      vertex -8.74429 -3.96199 10.4
      vertex -8.60998 -4.24597 2.6
      vertex -8.60998 -4.24597 10.4
    endloop
  endfacet
  facet normal 0.952062 0.305905 0
    outer loop
      vertex 9.18663 2.78673 10.4
      vertex 9.09053 3.08582 2.6
      vertex 9.09053 3.08582 10.4
    endloop
  endfacet
  facet normal 0.952062 0.305905 0
    outer loop
      vertex 9.09053 3.08582 2.6
      vertex 9.18663 2.78673 10.4
      vertex 9.18663 2.78673 2.6
    endloop
  endfacet
  facet normal 0.427548 0.903992 -0
    outer loop
      vertex 4.24597 8.60998 2.6
      vertex 3.96199 8.74429 10.4
      vertex 4.24597 8.60998 10.4
    endloop
  endfacet
  facet normal 0.427548 0.903992 0
    outer loop
      vertex 3.96199 8.74429 10.4
      vertex 4.24597 8.60998 2.6
      vertex 3.96199 8.74429 2.6
    endloop
  endfacet
  facet normal 0.961562 0.274587 0
    outer loop
      vertex 9.27289 2.48466 10.4
      vertex 9.18663 2.78673 2.6
      vertex 9.18663 2.78673 10.4
    endloop
  endfacet
  facet normal 0.961562 0.274587 0
    outer loop
      vertex 9.18663 2.78673 2.6
      vertex 9.27289 2.48466 10.4
      vertex 9.27289 2.48466 2.6
    endloop
  endfacet
  facet normal 0.803197 0.595713 0
    outer loop
      vertex 7.80333 5.59179 10.4
      vertex 7.61619 5.84411 2.6
      vertex 7.61619 5.84411 10.4
    endloop
  endfacet
  facet normal 0.803197 0.595713 0
    outer loop
      vertex 7.61619 5.84411 2.6
      vertex 7.80333 5.59179 10.4
      vertex 7.80333 5.59179 2.6
    endloop
  endfacet
  facet normal 0.305905 -0.952062 0
    outer loop
      vertex 2.78673 -9.18663 2.6
      vertex 3.08582 -9.09053 10.4
      vertex 2.78673 -9.18663 10.4
    endloop
  endfacet
  facet normal 0.305905 -0.952062 0
    outer loop
      vertex 3.08582 -9.09053 10.4
      vertex 2.78673 -9.18663 2.6
      vertex 3.08582 -9.09053 2.6
    endloop
  endfacet
  facet normal -0.803197 -0.595713 0
    outer loop
      vertex -7.61619 -5.84411 2.6
      vertex -7.80333 -5.59179 10.4
      vertex -7.80333 -5.59179 2.6
    endloop
  endfacet
  facet normal -0.803197 -0.595713 0
    outer loop
      vertex -7.80333 -5.59179 10.4
      vertex -7.61619 -5.84411 2.6
      vertex -7.61619 -5.84411 10.4
    endloop
  endfacet
  facet normal 0.456915 0.88951 -0
    outer loop
      vertex 4.52541 8.46644 2.6
      vertex 4.24597 8.60998 10.4
      vertex 4.52541 8.46644 10.4
    endloop
  endfacet
  facet normal 0.456915 0.88951 0
    outer loop
      vertex 4.24597 8.60998 10.4
      vertex 4.52541 8.46644 2.6
      vertex 4.24597 8.60998 2.6
    endloop
  endfacet
  facet normal -0.336885 0.941546 0
    outer loop
      vertex -3.08582 9.09053 2.6
      vertex -3.3816 8.9847 10.4
      vertex -3.08582 9.09053 10.4
    endloop
  endfacet
  facet normal -0.336885 0.941546 0
    outer loop
      vertex -3.3816 8.9847 10.4
      vertex -3.08582 9.09053 2.6
      vertex -3.3816 8.9847 2.6
    endloop
  endfacet
  facet normal -0.305905 -0.952062 0
    outer loop
      vertex -3.08582 -9.09053 2.6
      vertex -2.78673 -9.18663 10.4
      vertex -3.08582 -9.09053 10.4
    endloop
  endfacet
  facet normal -0.305905 -0.952062 -0
    outer loop
      vertex -2.78673 -9.18663 10.4
      vertex -3.08582 -9.09053 2.6
      vertex -2.78673 -9.18663 2.6
    endloop
  endfacet
  facet normal 0.903992 0.427548 0
    outer loop
      vertex 8.74429 3.96199 10.4
      vertex 8.60998 4.24597 2.6
      vertex 8.60998 4.24597 10.4
    endloop
  endfacet
  facet normal 0.903992 0.427548 0
    outer loop
      vertex 8.60998 4.24597 2.6
      vertex 8.74429 3.96199 10.4
      vertex 8.74429 3.96199 2.6
    endloop
  endfacet
  facet normal -0.336885 -0.941546 0
    outer loop
      vertex -3.3816 -8.9847 2.6
      vertex -3.08582 -9.09053 10.4
      vertex -3.3816 -8.9847 10.4
    endloop
  endfacet
  facet normal -0.336885 -0.941546 -0
    outer loop
      vertex -3.08582 -9.09053 10.4
      vertex -3.3816 -8.9847 2.6
      vertex -3.08582 -9.09053 2.6
    endloop
  endfacet
  facet normal 0.179025 0.983844 -0
    outer loop
      vertex 1.87287 9.41554 2.6
      vertex 1.5638 9.47178 10.4
      vertex 1.87287 9.41554 10.4
    endloop
  endfacet
  facet normal 0.179025 0.983844 0
    outer loop
      vertex 1.5638 9.47178 10.4
      vertex 1.87287 9.41554 2.6
      vertex 1.5638 9.47178 2.6
    endloop
  endfacet
  facet normal 0.822277 -0.569087 0
    outer loop
      vertex 7.80333 -5.59179 10.4
      vertex 7.98211 -5.33347 2.6
      vertex 7.98211 -5.33347 10.4
    endloop
  endfacet
  facet normal 0.822277 -0.569087 0
    outer loop
      vertex 7.98211 -5.33347 2.6
      vertex 7.80333 -5.59179 10.4
      vertex 7.80333 -5.59179 2.6
    endloop
  endfacet
  facet normal 0.485765 0.87409 -0
    outer loop
      vertex 4.8 8.31384 2.6
      vertex 4.52541 8.46644 10.4
      vertex 4.8 8.31384 10.4
    endloop
  endfacet
  facet normal 0.485765 0.87409 0
    outer loop
      vertex 4.52541 8.46644 10.4
      vertex 4.8 8.31384 2.6
      vertex 4.52541 8.46644 2.6
    endloop
  endfacet
  facet normal 0.740952 -0.671558 0
    outer loop
      vertex 7.00669 -6.56249 10.4
      vertex 7.21766 -6.32972 2.6
      vertex 7.21766 -6.32972 10.4
    endloop
  endfacet
  facet normal 0.740952 -0.671558 0
    outer loop
      vertex 7.21766 -6.32972 2.6
      vertex 7.00669 -6.56249 10.4
      vertex 7.00669 -6.56249 2.6
    endloop
  endfacet
  facet normal 0.970032 0.242978 0
    outer loop
      vertex 9.34922 2.17993 10.4
      vertex 9.27289 2.48466 2.6
      vertex 9.27289 2.48466 10.4
    endloop
  endfacet
  facet normal 0.970032 0.242978 0
    outer loop
      vertex 9.27289 2.48466 2.6
      vertex 9.34922 2.17993 10.4
      vertex 9.34922 2.17993 2.6
    endloop
  endfacet
  facet normal -0.961562 -0.274587 0
    outer loop
      vertex -9.18663 -2.78673 2.6
      vertex -9.27289 -2.48466 10.4
      vertex -9.27289 -2.48466 2.6
    endloop
  endfacet
  facet normal -0.961562 -0.274587 0
    outer loop
      vertex -9.27289 -2.48466 10.4
      vertex -9.18663 -2.78673 2.6
      vertex -9.18663 -2.78673 10.4
    endloop
  endfacet
  facet normal 0.857732 -0.514098 0
    outer loop
      vertex 8.15234 -5.06945 10.4
      vertex 8.31384 -4.8 2.6
      vertex 8.31384 -4.8 10.4
    endloop
  endfacet
  facet normal 0.857732 -0.514098 0
    outer loop
      vertex 8.31384 -4.8 2.6
      vertex 8.15234 -5.06945 10.4
      vertex 8.15234 -5.06945 2.6
    endloop
  endfacet
  facet normal 0.84045 -0.54189 0
    outer loop
      vertex 7.98211 -5.33347 10.4
      vertex 8.15234 -5.06945 2.6
      vertex 8.15234 -5.06945 10.4
    endloop
  endfacet
  facet normal 0.84045 -0.54189 0
    outer loop
      vertex 8.15234 -5.06945 2.6
      vertex 7.98211 -5.33347 10.4
      vertex 7.98211 -5.33347 2.6
    endloop
  endfacet
  facet normal -0.977461 -0.211116 0
    outer loop
      vertex -9.34922 -2.17993 2.6
      vertex -9.41554 -1.87287 10.4
      vertex -9.41554 -1.87287 2.6
    endloop
  endfacet
  facet normal -0.977461 -0.211116 0
    outer loop
      vertex -9.41554 -1.87287 10.4
      vertex -9.34922 -2.17993 2.6
      vertex -9.34922 -2.17993 10.4
    endloop
  endfacet
  facet normal -0.646951 -0.762532 0
    outer loop
      vertex -6.32972 -7.21766 2.6
      vertex -6.09017 -7.4209 10.4
      vertex -6.32972 -7.21766 10.4
    endloop
  endfacet
  facet normal -0.646951 -0.762532 -0
    outer loop
      vertex -6.09017 -7.4209 10.4
      vertex -6.32972 -7.21766 2.6
      vertex -6.09017 -7.4209 2.6
    endloop
  endfacet
  facet normal -0.081714 0.996656 0
    outer loop
      vertex -0.62787 9.57944 2.6
      vertex -0.940964 9.55377 10.4
      vertex -0.62787 9.57944 10.4
    endloop
  endfacet
  facet normal -0.081714 0.996656 0
    outer loop
      vertex -0.940964 9.55377 10.4
      vertex -0.62787 9.57944 2.6
      vertex -0.940964 9.55377 2.6
    endloop
  endfacet
  facet normal 0.671558 0.740952 -0
    outer loop
      vertex 6.56249 7.00669 2.6
      vertex 6.32972 7.21766 10.4
      vertex 6.56249 7.00669 10.4
    endloop
  endfacet
  facet normal 0.671558 0.740952 0
    outer loop
      vertex 6.32972 7.21766 10.4
      vertex 6.56249 7.00669 2.6
      vertex 6.32972 7.21766 2.6
    endloop
  endfacet
  facet normal 0.54189 0.84045 -0
    outer loop
      vertex 5.33347 7.98211 2.6
      vertex 5.06945 8.15234 10.4
      vertex 5.33347 7.98211 10.4
    endloop
  endfacet
  facet normal 0.54189 0.84045 0
    outer loop
      vertex 5.06945 8.15234 10.4
      vertex 5.33347 7.98211 2.6
      vertex 5.06945 8.15234 2.6
    endloop
  endfacet
  facet normal -0.367535 -0.93001 0
    outer loop
      vertex -3.67376 -8.86924 2.6
      vertex -3.3816 -8.9847 10.4
      vertex -3.67376 -8.86924 10.4
    endloop
  endfacet
  facet normal -0.367535 -0.93001 -0
    outer loop
      vertex -3.3816 -8.9847 10.4
      vertex -3.67376 -8.86924 2.6
      vertex -3.3816 -8.9847 2.6
    endloop
  endfacet
  facet normal 0.998795 -0.0490855 0
    outer loop
      vertex 9.57944 -0.62787 10.4
      vertex 9.59486 -0.314103 2.6
      vertex 9.59486 -0.314103 10.4
    endloop
  endfacet
  facet normal 0.998795 -0.0490855 0
    outer loop
      vertex 9.59486 -0.314103 2.6
      vertex 9.57944 -0.62787 10.4
      vertex 9.57944 -0.62787 2.6
    endloop
  endfacet
  facet normal -0.179025 0.983844 0
    outer loop
      vertex -1.5638 9.47178 2.6
      vertex -1.87287 9.41554 10.4
      vertex -1.5638 9.47178 10.4
    endloop
  endfacet
  facet normal -0.179025 0.983844 0
    outer loop
      vertex -1.87287 9.41554 10.4
      vertex -1.5638 9.47178 2.6
      vertex -1.87287 9.41554 2.6
    endloop
  endfacet
  facet normal 0.569087 0.822277 -0
    outer loop
      vertex 5.59179 7.80333 2.6
      vertex 5.33347 7.98211 10.4
      vertex 5.59179 7.80333 10.4
    endloop
  endfacet
  facet normal 0.569087 0.822277 0
    outer loop
      vertex 5.33347 7.98211 10.4
      vertex 5.59179 7.80333 2.6
      vertex 5.33347 7.98211 2.6
    endloop
  endfacet
  facet normal -0.569087 0.822277 0
    outer loop
      vertex -5.33347 7.98211 2.6
      vertex -5.59179 7.80333 10.4
      vertex -5.33347 7.98211 10.4
    endloop
  endfacet
  facet normal -0.569087 0.822277 0
    outer loop
      vertex -5.59179 7.80333 10.4
      vertex -5.33347 7.98211 2.6
      vertex -5.59179 7.80333 2.6
    endloop
  endfacet
  facet normal -0.970032 -0.242978 0
    outer loop
      vertex -9.27289 -2.48466 2.6
      vertex -9.34922 -2.17993 10.4
      vertex -9.34922 -2.17993 2.6
    endloop
  endfacet
  facet normal -0.970032 -0.242978 0
    outer loop
      vertex -9.34922 -2.17993 10.4
      vertex -9.27289 -2.48466 2.6
      vertex -9.27289 -2.48466 10.4
    endloop
  endfacet
  facet normal 0.336885 -0.941546 0
    outer loop
      vertex 3.08582 -9.09053 2.6
      vertex 3.3816 -8.9847 10.4
      vertex 3.08582 -9.09053 10.4
    endloop
  endfacet
  facet normal 0.336885 -0.941546 0
    outer loop
      vertex 3.3816 -8.9847 10.4
      vertex 3.08582 -9.09053 2.6
      vertex 3.3816 -8.9847 2.6
    endloop
  endfacet
  facet normal -0.114279 0.993449 0
    outer loop
      vertex -0.940964 9.55377 2.6
      vertex -1.25305 9.51787 10.4
      vertex -0.940964 9.55377 10.4
    endloop
  endfacet
  facet normal -0.114279 0.993449 0
    outer loop
      vertex -1.25305 9.51787 10.4
      vertex -0.940964 9.55377 2.6
      vertex -1.25305 9.51787 2.6
    endloop
  endfacet
  facet normal -0.146714 0.989179 0
    outer loop
      vertex -1.25305 9.51787 2.6
      vertex -1.5638 9.47178 10.4
      vertex -1.25305 9.51787 10.4
    endloop
  endfacet
  facet normal -0.146714 0.989179 0
    outer loop
      vertex -1.5638 9.47178 10.4
      vertex -1.25305 9.51787 2.6
      vertex -1.5638 9.47178 2.6
    endloop
  endfacet
  facet normal -0.84045 0.54189 0
    outer loop
      vertex -8.15234 5.06945 2.6
      vertex -7.98211 5.33347 10.4
      vertex -7.98211 5.33347 2.6
    endloop
  endfacet
  facet normal -0.84045 0.54189 0
    outer loop
      vertex -7.98211 5.33347 10.4
      vertex -8.15234 5.06945 2.6
      vertex -8.15234 5.06945 10.4
    endloop
  endfacet
  facet normal -0.996656 0.081714 0
    outer loop
      vertex -9.57944 0.62787 2.6
      vertex -9.55377 0.940964 10.4
      vertex -9.55377 0.940964 2.6
    endloop
  endfacet
  facet normal -0.996656 0.081714 0
    outer loop
      vertex -9.55377 0.940964 10.4
      vertex -9.57944 0.62787 2.6
      vertex -9.57944 0.62787 10.4
    endloop
  endfacet
  facet normal 0.87409 -0.485765 0
    outer loop
      vertex 8.31384 -4.8 10.4
      vertex 8.46644 -4.52541 2.6
      vertex 8.46644 -4.52541 10.4
    endloop
  endfacet
  facet normal 0.87409 -0.485765 0
    outer loop
      vertex 8.46644 -4.52541 2.6
      vertex 8.31384 -4.8 10.4
      vertex 8.31384 -4.8 2.6
    endloop
  endfacet
  facet normal -0.903992 0.427548 0
    outer loop
      vertex -8.74429 3.96199 2.6
      vertex -8.60998 4.24597 10.4
      vertex -8.60998 4.24597 2.6
    endloop
  endfacet
  facet normal -0.903992 0.427548 0
    outer loop
      vertex -8.60998 4.24597 10.4
      vertex -8.74429 3.96199 2.6
      vertex -8.74429 3.96199 10.4
    endloop
  endfacet
  facet normal 0.146714 0.989179 -0
    outer loop
      vertex 1.5638 9.47178 2.6
      vertex 1.25305 9.51787 10.4
      vertex 1.5638 9.47178 10.4
    endloop
  endfacet
  facet normal 0.146714 0.989179 0
    outer loop
      vertex 1.25305 9.51787 10.4
      vertex 1.5638 9.47178 2.6
      vertex 1.25305 9.51787 2.6
    endloop
  endfacet
  facet normal 0.970032 -0.242978 0
    outer loop
      vertex 9.27289 -2.48466 10.4
      vertex 9.34922 -2.17993 2.6
      vertex 9.34922 -2.17993 10.4
    endloop
  endfacet
  facet normal 0.970032 -0.242978 0
    outer loop
      vertex 9.34922 -2.17993 2.6
      vertex 9.27289 -2.48466 10.4
      vertex 9.27289 -2.48466 2.6
    endloop
  endfacet
  facet normal -0.367535 0.93001 0
    outer loop
      vertex -3.3816 8.9847 2.6
      vertex -3.67376 8.86924 10.4
      vertex -3.3816 8.9847 10.4
    endloop
  endfacet
  facet normal -0.367535 0.93001 0
    outer loop
      vertex -3.67376 8.86924 10.4
      vertex -3.3816 8.9847 2.6
      vertex -3.67376 8.86924 2.6
    endloop
  endfacet
  facet normal 0.0163619 -0.999866 0
    outer loop
      vertex 0 -9.6 2.6
      vertex 0.314103 -9.59486 10.4
      vertex 0 -9.6 10.4
    endloop
  endfacet
  facet normal 0.0163619 -0.999866 0
    outer loop
      vertex 0.314103 -9.59486 10.4
      vertex 0 -9.6 2.6
      vertex 0.314103 -9.59486 2.6
    endloop
  endfacet
  facet normal 0.961562 -0.274587 0
    outer loop
      vertex 9.18663 -2.78673 10.4
      vertex 9.27289 -2.48466 2.6
      vertex 9.27289 -2.48466 10.4
    endloop
  endfacet
  facet normal 0.961562 -0.274587 0
    outer loop
      vertex 9.27289 -2.48466 2.6
      vertex 9.18663 -2.78673 10.4
      vertex 9.18663 -2.78673 2.6
    endloop
  endfacet
  facet normal 0.983844 0.179025 0
    outer loop
      vertex 9.47178 1.5638 10.4
      vertex 9.41554 1.87287 2.6
      vertex 9.41554 1.87287 10.4
    endloop
  endfacet
  facet normal 0.983844 0.179025 0
    outer loop
      vertex 9.41554 1.87287 2.6
      vertex 9.47178 1.5638 10.4
      vertex 9.47178 1.5638 2.6
    endloop
  endfacet
  facet normal 0.0490855 -0.998795 0
    outer loop
      vertex 0.314103 -9.59486 2.6
      vertex 0.62787 -9.57944 10.4
      vertex 0.314103 -9.59486 10.4
    endloop
  endfacet
  facet normal 0.0490855 -0.998795 0
    outer loop
      vertex 0.62787 -9.57944 10.4
      vertex 0.314103 -9.59486 2.6
      vertex 0.62787 -9.57944 2.6
    endloop
  endfacet
  facet normal -0.397742 0.917497 0
    outer loop
      vertex -3.67376 8.86924 2.6
      vertex -3.96199 8.74429 10.4
      vertex -3.67376 8.86924 10.4
    endloop
  endfacet
  facet normal -0.397742 0.917497 0
    outer loop
      vertex -3.96199 8.74429 10.4
      vertex -3.67376 8.86924 2.6
      vertex -3.96199 8.74429 2.6
    endloop
  endfacet
  facet normal -0.996656 -0.081714 0
    outer loop
      vertex -9.55377 -0.940964 2.6
      vertex -9.57944 -0.62787 10.4
      vertex -9.57944 -0.62787 2.6
    endloop
  endfacet
  facet normal -0.996656 -0.081714 0
    outer loop
      vertex -9.57944 -0.62787 10.4
      vertex -9.55377 -0.940964 2.6
      vertex -9.55377 -0.940964 10.4
    endloop
  endfacet
  facet normal 0.803197 -0.595713 0
    outer loop
      vertex 7.61619 -5.84411 10.4
      vertex 7.80333 -5.59179 2.6
      vertex 7.80333 -5.59179 10.4
    endloop
  endfacet
  facet normal 0.803197 -0.595713 0
    outer loop
      vertex 7.80333 -5.59179 2.6
      vertex 7.61619 -5.84411 10.4
      vertex 7.61619 -5.84411 2.6
    endloop
  endfacet
  facet normal 0.671558 -0.740952 0
    outer loop
      vertex 6.32972 -7.21766 2.6
      vertex 6.56249 -7.00669 10.4
      vertex 6.32972 -7.21766 10.4
    endloop
  endfacet
  facet normal 0.671558 -0.740952 0
    outer loop
      vertex 6.56249 -7.00669 10.4
      vertex 6.32972 -7.21766 2.6
      vertex 6.56249 -7.00669 2.6
    endloop
  endfacet
  facet normal -0.081714 -0.996656 0
    outer loop
      vertex -0.940964 -9.55377 2.6
      vertex -0.62787 -9.57944 10.4
      vertex -0.940964 -9.55377 10.4
    endloop
  endfacet
  facet normal -0.081714 -0.996656 -0
    outer loop
      vertex -0.62787 -9.57944 10.4
      vertex -0.940964 -9.55377 2.6
      vertex -0.62787 -9.57944 2.6
    endloop
  endfacet
  facet normal -0.0163619 0.999866 0
    outer loop
      vertex 0 9.6 2.6
      vertex -0.314103 9.59486 10.4
      vertex 0 9.6 10.4
    endloop
  endfacet
  facet normal -0.0163619 0.999866 0
    outer loop
      vertex -0.314103 9.59486 10.4
      vertex 0 9.6 2.6
      vertex -0.314103 9.59486 2.6
    endloop
  endfacet
  facet normal 0.695457 0.718568 -0
    outer loop
      vertex 6.78822 6.78822 2.6
      vertex 6.56249 7.00669 10.4
      vertex 6.78822 6.78822 10.4
    endloop
  endfacet
  facet normal 0.695457 0.718568 0
    outer loop
      vertex 6.56249 7.00669 10.4
      vertex 6.78822 6.78822 2.6
      vertex 6.56249 7.00669 2.6
    endloop
  endfacet
  facet normal 0.88951 -0.456915 0
    outer loop
      vertex 8.46644 -4.52541 10.4
      vertex 8.60998 -4.24597 2.6
      vertex 8.60998 -4.24597 10.4
    endloop
  endfacet
  facet normal 0.88951 -0.456915 0
    outer loop
      vertex 8.60998 -4.24597 2.6
      vertex 8.46644 -4.52541 10.4
      vertex 8.46644 -4.52541 2.6
    endloop
  endfacet
  facet normal -0.993449 -0.114279 0
    outer loop
      vertex -9.51787 -1.25305 2.6
      vertex -9.55377 -0.940964 10.4
      vertex -9.55377 -0.940964 2.6
    endloop
  endfacet
  facet normal -0.993449 -0.114279 0
    outer loop
      vertex -9.55377 -0.940964 10.4
      vertex -9.51787 -1.25305 2.6
      vertex -9.51787 -1.25305 10.4
    endloop
  endfacet
  facet normal -0.621666 -0.783282 0
    outer loop
      vertex -6.09017 -7.4209 2.6
      vertex -5.84411 -7.61619 10.4
      vertex -6.09017 -7.4209 10.4
    endloop
  endfacet
  facet normal -0.621666 -0.783282 -0
    outer loop
      vertex -5.84411 -7.61619 10.4
      vertex -6.09017 -7.4209 2.6
      vertex -5.84411 -7.61619 2.6
    endloop
  endfacet
  facet normal -0.983844 0.179025 0
    outer loop
      vertex -9.47178 1.5638 2.6
      vertex -9.41554 1.87287 10.4
      vertex -9.41554 1.87287 2.6
    endloop
  endfacet
  facet normal -0.983844 0.179025 0
    outer loop
      vertex -9.41554 1.87287 10.4
      vertex -9.47178 1.5638 2.6
      vertex -9.47178 1.5638 10.4
    endloop
  endfacet
  facet normal -0.989179 0.146714 0
    outer loop
      vertex -9.51787 1.25305 2.6
      vertex -9.47178 1.5638 10.4
      vertex -9.47178 1.5638 2.6
    endloop
  endfacet
  facet normal -0.989179 0.146714 0
    outer loop
      vertex -9.47178 1.5638 10.4
      vertex -9.51787 1.25305 2.6
      vertex -9.51787 1.25305 10.4
    endloop
  endfacet
  facet normal 0.274587 0.961562 -0
    outer loop
      vertex 2.78673 9.18663 2.6
      vertex 2.48466 9.27289 10.4
      vertex 2.78673 9.18663 10.4
    endloop
  endfacet
  facet normal 0.274587 0.961562 0
    outer loop
      vertex 2.48466 9.27289 10.4
      vertex 2.78673 9.18663 2.6
      vertex 2.48466 9.27289 2.6
    endloop
  endfacet
  facet normal 0.977461 -0.211116 0
    outer loop
      vertex 9.34922 -2.17993 10.4
      vertex 9.41554 -1.87287 2.6
      vertex 9.41554 -1.87287 10.4
    endloop
  endfacet
  facet normal 0.977461 -0.211116 0
    outer loop
      vertex 9.41554 -1.87287 2.6
      vertex 9.34922 -2.17993 10.4
      vertex 9.34922 -2.17993 2.6
    endloop
  endfacet
  facet normal -0.93001 -0.367535 0
    outer loop
      vertex -8.86924 -3.67376 2.6
      vertex -8.9847 -3.3816 10.4
      vertex -8.9847 -3.3816 2.6
    endloop
  endfacet
  facet normal -0.93001 -0.367535 0
    outer loop
      vertex -8.9847 -3.3816 10.4
      vertex -8.86924 -3.67376 2.6
      vertex -8.86924 -3.67376 10.4
    endloop
  endfacet
  facet normal 0.941546 0.336885 0
    outer loop
      vertex 9.09053 3.08582 10.4
      vertex 8.9847 3.3816 2.6
      vertex 8.9847 3.3816 10.4
    endloop
  endfacet
  facet normal 0.941546 0.336885 0
    outer loop
      vertex 8.9847 3.3816 2.6
      vertex 9.09053 3.08582 10.4
      vertex 9.09053 3.08582 2.6
    endloop
  endfacet
  facet normal 0.242978 -0.970032 0
    outer loop
      vertex 2.17993 -9.34922 2.6
      vertex 2.48466 -9.27289 10.4
      vertex 2.17993 -9.34922 10.4
    endloop
  endfacet
  facet normal 0.242978 -0.970032 0
    outer loop
      vertex 2.48466 -9.27289 10.4
      vertex 2.17993 -9.34922 2.6
      vertex 2.48466 -9.27289 2.6
    endloop
  endfacet
  facet normal -0.211116 -0.977461 0
    outer loop
      vertex -2.17993 -9.34922 2.6
      vertex -1.87287 -9.41554 10.4
      vertex -2.17993 -9.34922 10.4
    endloop
  endfacet
  facet normal -0.211116 -0.977461 -0
    outer loop
      vertex -1.87287 -9.41554 10.4
      vertex -2.17993 -9.34922 2.6
      vertex -1.87287 -9.41554 2.6
    endloop
  endfacet
  facet normal -0.397742 -0.917497 0
    outer loop
      vertex -3.96199 -8.74429 2.6
      vertex -3.67376 -8.86924 10.4
      vertex -3.96199 -8.74429 10.4
    endloop
  endfacet
  facet normal -0.397742 -0.917497 -0
    outer loop
      vertex -3.67376 -8.86924 10.4
      vertex -3.96199 -8.74429 2.6
      vertex -3.67376 -8.86924 2.6
    endloop
  endfacet
  facet normal 0.621666 0.783282 -0
    outer loop
      vertex 6.09017 7.4209 2.6
      vertex 5.84411 7.61619 10.4
      vertex 6.09017 7.4209 10.4
    endloop
  endfacet
  facet normal 0.621666 0.783282 0
    outer loop
      vertex 5.84411 7.61619 10.4
      vertex 6.09017 7.4209 2.6
      vertex 5.84411 7.61619 2.6
    endloop
  endfacet
  facet normal 0.146714 -0.989179 0
    outer loop
      vertex 1.25305 -9.51787 2.6
      vertex 1.5638 -9.47178 10.4
      vertex 1.25305 -9.51787 10.4
    endloop
  endfacet
  facet normal 0.146714 -0.989179 0
    outer loop
      vertex 1.5638 -9.47178 10.4
      vertex 1.25305 -9.51787 2.6
      vertex 1.5638 -9.47178 2.6
    endloop
  endfacet
  facet normal 0.621666 -0.783282 0
    outer loop
      vertex 5.84411 -7.61619 2.6
      vertex 6.09017 -7.4209 10.4
      vertex 5.84411 -7.61619 10.4
    endloop
  endfacet
  facet normal 0.621666 -0.783282 0
    outer loop
      vertex 6.09017 -7.4209 10.4
      vertex 5.84411 -7.61619 2.6
      vertex 6.09017 -7.4209 2.6
    endloop
  endfacet
  facet normal 0.646951 0.762532 -0
    outer loop
      vertex 6.32972 7.21766 2.6
      vertex 6.09017 7.4209 10.4
      vertex 6.32972 7.21766 10.4
    endloop
  endfacet
  facet normal 0.646951 0.762532 0
    outer loop
      vertex 6.09017 7.4209 10.4
      vertex 6.32972 7.21766 2.6
      vertex 6.09017 7.4209 2.6
    endloop
  endfacet
  facet normal -0.88951 0.456915 0
    outer loop
      vertex -8.60998 4.24597 2.6
      vertex -8.46644 4.52541 10.4
      vertex -8.46644 4.52541 2.6
    endloop
  endfacet
  facet normal -0.88951 0.456915 0
    outer loop
      vertex -8.46644 4.52541 10.4
      vertex -8.60998 4.24597 2.6
      vertex -8.60998 4.24597 10.4
    endloop
  endfacet
  facet normal 0.989179 0.146714 0
    outer loop
      vertex 9.51787 1.25305 10.4
      vertex 9.47178 1.5638 2.6
      vertex 9.47178 1.5638 10.4
    endloop
  endfacet
  facet normal 0.989179 0.146714 0
    outer loop
      vertex 9.47178 1.5638 2.6
      vertex 9.51787 1.25305 10.4
      vertex 9.51787 1.25305 2.6
    endloop
  endfacet
  facet normal 0.783282 -0.621666 0
    outer loop
      vertex 7.4209 -6.09017 10.4
      vertex 7.61619 -5.84411 2.6
      vertex 7.61619 -5.84411 10.4
    endloop
  endfacet
  facet normal 0.783282 -0.621666 0
    outer loop
      vertex 7.61619 -5.84411 2.6
      vertex 7.4209 -6.09017 10.4
      vertex 7.4209 -6.09017 2.6
    endloop
  endfacet
  facet normal 0.397742 -0.917497 0
    outer loop
      vertex 3.67376 -8.86924 2.6
      vertex 3.96199 -8.74429 10.4
      vertex 3.67376 -8.86924 10.4
    endloop
  endfacet
  facet normal 0.397742 -0.917497 0
    outer loop
      vertex 3.96199 -8.74429 10.4
      vertex 3.67376 -8.86924 2.6
      vertex 3.96199 -8.74429 2.6
    endloop
  endfacet
  facet normal 0.367535 0.93001 -0
    outer loop
      vertex 3.67376 8.86924 2.6
      vertex 3.3816 8.9847 10.4
      vertex 3.67376 8.86924 10.4
    endloop
  endfacet
  facet normal 0.367535 0.93001 0
    outer loop
      vertex 3.3816 8.9847 10.4
      vertex 3.67376 8.86924 2.6
      vertex 3.3816 8.9847 2.6
    endloop
  endfacet
  facet normal -0.999866 -0.0163619 0
    outer loop
      vertex -9.59486 -0.314103 2.6
      vertex -9.6 0 10.4
      vertex -9.6 0 2.6
    endloop
  endfacet
  facet normal -0.999866 -0.0163619 0
    outer loop
      vertex -9.6 0 10.4
      vertex -9.59486 -0.314103 2.6
      vertex -9.59486 -0.314103 10.4
    endloop
  endfacet
  facet normal -0.595713 -0.803197 0
    outer loop
      vertex -5.84411 -7.61619 2.6
      vertex -5.59179 -7.80333 10.4
      vertex -5.84411 -7.61619 10.4
    endloop
  endfacet
  facet normal -0.595713 -0.803197 -0
    outer loop
      vertex -5.59179 -7.80333 10.4
      vertex -5.84411 -7.61619 2.6
      vertex -5.59179 -7.80333 2.6
    endloop
  endfacet
  facet normal 0.514098 -0.857732 0
    outer loop
      vertex 4.8 -8.31384 2.6
      vertex 5.06945 -8.15234 10.4
      vertex 4.8 -8.31384 10.4
    endloop
  endfacet
  facet normal 0.514098 -0.857732 0
    outer loop
      vertex 5.06945 -8.15234 10.4
      vertex 4.8 -8.31384 2.6
      vertex 5.06945 -8.15234 2.6
    endloop
  endfacet
  facet normal -0.917497 0.397742 0
    outer loop
      vertex -8.86924 3.67376 2.6
      vertex -8.74429 3.96199 10.4
      vertex -8.74429 3.96199 2.6
    endloop
  endfacet
  facet normal -0.917497 0.397742 0
    outer loop
      vertex -8.74429 3.96199 10.4
      vertex -8.86924 3.67376 2.6
      vertex -8.86924 3.67376 10.4
    endloop
  endfacet
  facet normal 0.822277 0.569087 0
    outer loop
      vertex 7.98211 5.33347 10.4
      vertex 7.80333 5.59179 2.6
      vertex 7.80333 5.59179 10.4
    endloop
  endfacet
  facet normal 0.822277 0.569087 0
    outer loop
      vertex 7.80333 5.59179 2.6
      vertex 7.98211 5.33347 10.4
      vertex 7.98211 5.33347 2.6
    endloop
  endfacet
  facet normal 0.93001 0.367535 0
    outer loop
      vertex 8.9847 3.3816 10.4
      vertex 8.86924 3.67376 2.6
      vertex 8.86924 3.67376 10.4
    endloop
  endfacet
  facet normal 0.93001 0.367535 0
    outer loop
      vertex 8.86924 3.67376 2.6
      vertex 8.9847 3.3816 10.4
      vertex 8.9847 3.3816 2.6
    endloop
  endfacet
  facet normal 0.993449 -0.114279 0
    outer loop
      vertex 9.51787 -1.25305 10.4
      vertex 9.55377 -0.940964 2.6
      vertex 9.55377 -0.940964 10.4
    endloop
  endfacet
  facet normal 0.993449 -0.114279 0
    outer loop
      vertex 9.55377 -0.940964 2.6
      vertex 9.51787 -1.25305 10.4
      vertex 9.51787 -1.25305 2.6
    endloop
  endfacet
  facet normal -0.456915 -0.88951 0
    outer loop
      vertex -4.52541 -8.46644 2.6
      vertex -4.24597 -8.60998 10.4
      vertex -4.52541 -8.46644 10.4
    endloop
  endfacet
  facet normal -0.456915 -0.88951 -0
    outer loop
      vertex -4.24597 -8.60998 10.4
      vertex -4.52541 -8.46644 2.6
      vertex -4.24597 -8.60998 2.6
    endloop
  endfacet
  facet normal -0.0490855 0.998795 0
    outer loop
      vertex -0.314103 9.59486 2.6
      vertex -0.62787 9.57944 10.4
      vertex -0.314103 9.59486 10.4
    endloop
  endfacet
  facet normal -0.0490855 0.998795 0
    outer loop
      vertex -0.62787 9.57944 10.4
      vertex -0.314103 9.59486 2.6
      vertex -0.62787 9.57944 2.6
    endloop
  endfacet
  facet normal -0.857732 -0.514098 0
    outer loop
      vertex -8.15234 -5.06945 2.6
      vertex -8.31384 -4.8 10.4
      vertex -8.31384 -4.8 2.6
    endloop
  endfacet
  facet normal -0.857732 -0.514098 0
    outer loop
      vertex -8.31384 -4.8 10.4
      vertex -8.15234 -5.06945 2.6
      vertex -8.15234 -5.06945 10.4
    endloop
  endfacet
  facet normal -0.621666 0.783282 0
    outer loop
      vertex -5.84411 7.61619 2.6
      vertex -6.09017 7.4209 10.4
      vertex -5.84411 7.61619 10.4
    endloop
  endfacet
  facet normal -0.621666 0.783282 0
    outer loop
      vertex -6.09017 7.4209 10.4
      vertex -5.84411 7.61619 2.6
      vertex -6.09017 7.4209 2.6
    endloop
  endfacet
  facet normal 0.274587 -0.961562 0
    outer loop
      vertex 2.48466 -9.27289 2.6
      vertex 2.78673 -9.18663 10.4
      vertex 2.48466 -9.27289 10.4
    endloop
  endfacet
  facet normal 0.274587 -0.961562 0
    outer loop
      vertex 2.78673 -9.18663 10.4
      vertex 2.48466 -9.27289 2.6
      vertex 2.78673 -9.18663 2.6
    endloop
  endfacet
  facet normal 0.941546 -0.336885 0
    outer loop
      vertex 8.9847 -3.3816 10.4
      vertex 9.09053 -3.08582 2.6
      vertex 9.09053 -3.08582 10.4
    endloop
  endfacet
  facet normal 0.941546 -0.336885 0
    outer loop
      vertex 9.09053 -3.08582 2.6
      vertex 8.9847 -3.3816 10.4
      vertex 8.9847 -3.3816 2.6
    endloop
  endfacet
  facet normal 0.88951 0.456915 0
    outer loop
      vertex 8.60998 4.24597 10.4
      vertex 8.46644 4.52541 2.6
      vertex 8.46644 4.52541 10.4
    endloop
  endfacet
  facet normal 0.88951 0.456915 0
    outer loop
      vertex 8.46644 4.52541 2.6
      vertex 8.60998 4.24597 10.4
      vertex 8.60998 4.24597 2.6
    endloop
  endfacet
  facet normal 0.081714 0.996656 -0
    outer loop
      vertex 0.940964 9.55377 2.6
      vertex 0.62787 9.57944 10.4
      vertex 0.940964 9.55377 10.4
    endloop
  endfacet
  facet normal 0.081714 0.996656 0
    outer loop
      vertex 0.62787 9.57944 10.4
      vertex 0.940964 9.55377 2.6
      vertex 0.62787 9.57944 2.6
    endloop
  endfacet
  facet normal -0.783282 0.621666 0
    outer loop
      vertex -7.61619 5.84411 2.6
      vertex -7.4209 6.09017 10.4
      vertex -7.4209 6.09017 2.6
    endloop
  endfacet
  facet normal -0.783282 0.621666 0
    outer loop
      vertex -7.4209 6.09017 10.4
      vertex -7.61619 5.84411 2.6
      vertex -7.61619 5.84411 10.4
    endloop
  endfacet
  facet normal 0.367535 -0.93001 0
    outer loop
      vertex 3.3816 -8.9847 2.6
      vertex 3.67376 -8.86924 10.4
      vertex 3.3816 -8.9847 10.4
    endloop
  endfacet
  facet normal 0.367535 -0.93001 0
    outer loop
      vertex 3.67376 -8.86924 10.4
      vertex 3.3816 -8.9847 2.6
      vertex 3.67376 -8.86924 2.6
    endloop
  endfacet
  facet normal 0.397742 0.917497 -0
    outer loop
      vertex 3.96199 8.74429 2.6
      vertex 3.67376 8.86924 10.4
      vertex 3.96199 8.74429 10.4
    endloop
  endfacet
  facet normal 0.397742 0.917497 0
    outer loop
      vertex 3.67376 8.86924 10.4
      vertex 3.96199 8.74429 2.6
      vertex 3.67376 8.86924 2.6
    endloop
  endfacet
  facet normal -0.514098 0.857732 0
    outer loop
      vertex -4.8 8.31384 2.6
      vertex -5.06945 8.15234 10.4
      vertex -4.8 8.31384 10.4
    endloop
  endfacet
  facet normal -0.514098 0.857732 0
    outer loop
      vertex -5.06945 8.15234 10.4
      vertex -4.8 8.31384 2.6
      vertex -5.06945 8.15234 2.6
    endloop
  endfacet
  facet normal 0.211116 0.977461 -0
    outer loop
      vertex 2.17993 9.34922 2.6
      vertex 1.87287 9.41554 10.4
      vertex 2.17993 9.34922 10.4
    endloop
  endfacet
  facet normal 0.211116 0.977461 0
    outer loop
      vertex 1.87287 9.41554 10.4
      vertex 2.17993 9.34922 2.6
      vertex 1.87287 9.41554 2.6
    endloop
  endfacet
  facet normal -0.146714 -0.989179 0
    outer loop
      vertex -1.5638 -9.47178 2.6
      vertex -1.25305 -9.51787 10.4
      vertex -1.5638 -9.47178 10.4
    endloop
  endfacet
  facet normal -0.146714 -0.989179 -0
    outer loop
      vertex -1.25305 -9.51787 10.4
      vertex -1.5638 -9.47178 2.6
      vertex -1.25305 -9.51787 2.6
    endloop
  endfacet
  facet normal 0.989179 -0.146714 0
    outer loop
      vertex 9.47178 -1.5638 10.4
      vertex 9.51787 -1.25305 2.6
      vertex 9.51787 -1.25305 10.4
    endloop
  endfacet
  facet normal 0.989179 -0.146714 0
    outer loop
      vertex 9.51787 -1.25305 2.6
      vertex 9.47178 -1.5638 10.4
      vertex 9.47178 -1.5638 2.6
    endloop
  endfacet
  facet normal -0.114279 -0.993449 0
    outer loop
      vertex -1.25305 -9.51787 2.6
      vertex -0.940964 -9.55377 10.4
      vertex -1.25305 -9.51787 10.4
    endloop
  endfacet
  facet normal -0.114279 -0.993449 -0
    outer loop
      vertex -0.940964 -9.55377 10.4
      vertex -1.25305 -9.51787 2.6
      vertex -0.940964 -9.55377 2.6
    endloop
  endfacet
  facet normal 0.84045 0.54189 0
    outer loop
      vertex 8.15234 5.06945 10.4
      vertex 7.98211 5.33347 2.6
      vertex 7.98211 5.33347 10.4
    endloop
  endfacet
  facet normal 0.84045 0.54189 0
    outer loop
      vertex 7.98211 5.33347 2.6
      vertex 8.15234 5.06945 10.4
      vertex 8.15234 5.06945 2.6
    endloop
  endfacet
  facet normal -0.93001 0.367535 0
    outer loop
      vertex -8.9847 3.3816 2.6
      vertex -8.86924 3.67376 10.4
      vertex -8.86924 3.67376 2.6
    endloop
  endfacet
  facet normal -0.93001 0.367535 0
    outer loop
      vertex -8.86924 3.67376 10.4
      vertex -8.9847 3.3816 2.6
      vertex -8.9847 3.3816 10.4
    endloop
  endfacet
  facet normal 0.903992 -0.427548 0
    outer loop
      vertex 8.60998 -4.24597 10.4
      vertex 8.74429 -3.96199 2.6
      vertex 8.74429 -3.96199 10.4
    endloop
  endfacet
  facet normal 0.903992 -0.427548 0
    outer loop
      vertex 8.74429 -3.96199 2.6
      vertex 8.60998 -4.24597 10.4
      vertex 8.60998 -4.24597 2.6
    endloop
  endfacet
  facet normal -0.179025 -0.983844 0
    outer loop
      vertex -1.87287 -9.41554 2.6
      vertex -1.5638 -9.47178 10.4
      vertex -1.87287 -9.41554 10.4
    endloop
  endfacet
  facet normal -0.179025 -0.983844 -0
    outer loop
      vertex -1.5638 -9.47178 10.4
      vertex -1.87287 -9.41554 2.6
      vertex -1.5638 -9.47178 2.6
    endloop
  endfacet
  facet normal -0.0490855 -0.998795 0
    outer loop
      vertex -0.62787 -9.57944 2.6
      vertex -0.314103 -9.59486 10.4
      vertex -0.62787 -9.57944 10.4
    endloop
  endfacet
  facet normal -0.0490855 -0.998795 -0
    outer loop
      vertex -0.314103 -9.59486 10.4
      vertex -0.62787 -9.57944 2.6
      vertex -0.314103 -9.59486 2.6
    endloop
  endfacet
  facet normal -0.242978 0.970032 0
    outer loop
      vertex -2.17993 9.34922 2.6
      vertex -2.48466 9.27289 10.4
      vertex -2.17993 9.34922 10.4
    endloop
  endfacet
  facet normal -0.242978 0.970032 0
    outer loop
      vertex -2.48466 9.27289 10.4
      vertex -2.17993 9.34922 2.6
      vertex -2.48466 9.27289 2.6
    endloop
  endfacet
  facet normal -0.274587 0.961562 0
    outer loop
      vertex -2.48466 9.27289 2.6
      vertex -2.78673 9.18663 10.4
      vertex -2.48466 9.27289 10.4
    endloop
  endfacet
  facet normal -0.274587 0.961562 0
    outer loop
      vertex -2.78673 9.18663 10.4
      vertex -2.48466 9.27289 2.6
      vertex -2.78673 9.18663 2.6
    endloop
  endfacet
  facet normal 0.336885 0.941546 -0
    outer loop
      vertex 3.3816 8.9847 2.6
      vertex 3.08582 9.09053 10.4
      vertex 3.3816 8.9847 10.4
    endloop
  endfacet
  facet normal 0.336885 0.941546 0
    outer loop
      vertex 3.08582 9.09053 10.4
      vertex 3.3816 8.9847 2.6
      vertex 3.08582 9.09053 2.6
    endloop
  endfacet
  facet normal -0.989179 -0.146714 0
    outer loop
      vertex -9.47178 -1.5638 2.6
      vertex -9.51787 -1.25305 10.4
      vertex -9.51787 -1.25305 2.6
    endloop
  endfacet
  facet normal -0.989179 -0.146714 0
    outer loop
      vertex -9.51787 -1.25305 10.4
      vertex -9.47178 -1.5638 2.6
      vertex -9.47178 -1.5638 10.4
    endloop
  endfacet
  facet normal -0.671558 -0.740952 0
    outer loop
      vertex -6.56249 -7.00669 2.6
      vertex -6.32972 -7.21766 10.4
      vertex -6.56249 -7.00669 10.4
    endloop
  endfacet
  facet normal -0.671558 -0.740952 -0
    outer loop
      vertex -6.32972 -7.21766 10.4
      vertex -6.56249 -7.00669 2.6
      vertex -6.32972 -7.21766 2.6
    endloop
  endfacet
  facet normal -0.762532 0.646951 0
    outer loop
      vertex -7.4209 6.09017 2.6
      vertex -7.21766 6.32972 10.4
      vertex -7.21766 6.32972 2.6
    endloop
  endfacet
  facet normal -0.762532 0.646951 0
    outer loop
      vertex -7.21766 6.32972 10.4
      vertex -7.4209 6.09017 2.6
      vertex -7.4209 6.09017 10.4
    endloop
  endfacet
  facet normal -0.952062 -0.305905 0
    outer loop
      vertex -9.09053 -3.08582 2.6
      vertex -9.18663 -2.78673 10.4
      vertex -9.18663 -2.78673 2.6
    endloop
  endfacet
  facet normal -0.952062 -0.305905 0
    outer loop
      vertex -9.18663 -2.78673 10.4
      vertex -9.09053 -3.08582 2.6
      vertex -9.09053 -3.08582 10.4
    endloop
  endfacet
  facet normal 0.983844 -0.179025 0
    outer loop
      vertex 9.41554 -1.87287 10.4
      vertex 9.47178 -1.5638 2.6
      vertex 9.47178 -1.5638 10.4
    endloop
  endfacet
  facet normal 0.983844 -0.179025 0
    outer loop
      vertex 9.47178 -1.5638 2.6
      vertex 9.41554 -1.87287 10.4
      vertex 9.41554 -1.87287 2.6
    endloop
  endfacet
  facet normal -0.54189 0.84045 0
    outer loop
      vertex -5.06945 8.15234 2.6
      vertex -5.33347 7.98211 10.4
      vertex -5.06945 8.15234 10.4
    endloop
  endfacet
  facet normal -0.54189 0.84045 0
    outer loop
      vertex -5.33347 7.98211 10.4
      vertex -5.06945 8.15234 2.6
      vertex -5.33347 7.98211 2.6
    endloop
  endfacet
  facet normal -0.87409 -0.485765 0
    outer loop
      vertex -8.31384 -4.8 2.6
      vertex -8.46644 -4.52541 10.4
      vertex -8.46644 -4.52541 2.6
    endloop
  endfacet
  facet normal -0.87409 -0.485765 0
    outer loop
      vertex -8.46644 -4.52541 10.4
      vertex -8.31384 -4.8 2.6
      vertex -8.31384 -4.8 10.4
    endloop
  endfacet
  facet normal -0.999866 0.0163619 0
    outer loop
      vertex -9.6 0 2.6
      vertex -9.59486 0.314103 10.4
      vertex -9.59486 0.314103 2.6
    endloop
  endfacet
  facet normal -0.999866 0.0163619 0
    outer loop
      vertex -9.59486 0.314103 10.4
      vertex -9.6 0 2.6
      vertex -9.6 0 10.4
    endloop
  endfacet
  facet normal -0.485765 0.87409 0
    outer loop
      vertex -4.52541 8.46644 2.6
      vertex -4.8 8.31384 10.4
      vertex -4.52541 8.46644 10.4
    endloop
  endfacet
  facet normal -0.485765 0.87409 0
    outer loop
      vertex -4.8 8.31384 10.4
      vertex -4.52541 8.46644 2.6
      vertex -4.8 8.31384 2.6
    endloop
  endfacet
  facet normal -0.671558 0.740952 0
    outer loop
      vertex -6.32972 7.21766 2.6
      vertex -6.56249 7.00669 10.4
      vertex -6.32972 7.21766 10.4
    endloop
  endfacet
  facet normal -0.671558 0.740952 0
    outer loop
      vertex -6.56249 7.00669 10.4
      vertex -6.32972 7.21766 2.6
      vertex -6.56249 7.00669 2.6
    endloop
  endfacet
  facet normal 0.427548 -0.903992 0
    outer loop
      vertex 3.96199 -8.74429 2.6
      vertex 4.24597 -8.60998 10.4
      vertex 3.96199 -8.74429 10.4
    endloop
  endfacet
  facet normal 0.427548 -0.903992 0
    outer loop
      vertex 4.24597 -8.60998 10.4
      vertex 3.96199 -8.74429 2.6
      vertex 4.24597 -8.60998 2.6
    endloop
  endfacet
  facet normal -0.211116 0.977461 0
    outer loop
      vertex -1.87287 9.41554 2.6
      vertex -2.17993 9.34922 10.4
      vertex -1.87287 9.41554 10.4
    endloop
  endfacet
  facet normal -0.211116 0.977461 0
    outer loop
      vertex -2.17993 9.34922 10.4
      vertex -1.87287 9.41554 2.6
      vertex -2.17993 9.34922 2.6
    endloop
  endfacet
  facet normal -0.993449 0.114279 0
    outer loop
      vertex -9.55377 0.940964 2.6
      vertex -9.51787 1.25305 10.4
      vertex -9.51787 1.25305 2.6
    endloop
  endfacet
  facet normal -0.993449 0.114279 0
    outer loop
      vertex -9.51787 1.25305 10.4
      vertex -9.55377 0.940964 2.6
      vertex -9.55377 0.940964 10.4
    endloop
  endfacet
  facet normal 0.718568 0.695457 0
    outer loop
      vertex 7.00669 6.56249 10.4
      vertex 6.78822 6.78822 2.6
      vertex 6.78822 6.78822 10.4
    endloop
  endfacet
  facet normal 0.718568 0.695457 0
    outer loop
      vertex 6.78822 6.78822 2.6
      vertex 7.00669 6.56249 10.4
      vertex 7.00669 6.56249 2.6
    endloop
  endfacet
  facet normal 0 0 1
    outer loop
      vertex 3.25 2.73777 13
      vertex 12.5 0 13
      vertex 12.4933 0.408988 13
    endloop
  endfacet
  facet normal 0 0 1
    outer loop
      vertex 3.25 2.73777 13
      vertex 12.4933 0.408988 13
      vertex 12.4732 0.817538 13
    endloop
  endfacet
  facet normal 0 0 1
    outer loop
      vertex 3.25 -2.73777 13
      vertex 12.5 0 13
      vertex 3.25 2.73777 13
    endloop
  endfacet
  facet normal 0 0 1
    outer loop
      vertex 3.25 2.73777 13
      vertex 12.4732 0.817538 13
      vertex 12.4398 1.22521 13
    endloop
  endfacet
  facet normal 0 0 1
    outer loop
      vertex 12.5 0 13
      vertex 3.25 -2.73777 13
      vertex 12.4933 -0.408988 13
    endloop
  endfacet
  facet normal 0 0 1
    outer loop
      vertex 3.25 2.73777 13
      vertex 12.4398 1.22521 13
      vertex 12.3931 1.63158 13
    endloop
  endfacet
  facet normal 0 0 1
    outer loop
      vertex 12.4933 -0.408988 13
      vertex 3.25 -2.73777 13
      vertex 12.4732 -0.817538 13
    endloop
  endfacet
  facet normal 0 0 1
    outer loop
      vertex 3.25 2.73777 13
      vertex 12.3931 1.63158 13
      vertex 12.333 2.03619 13
    endloop
  endfacet
  facet normal 0 0 1
    outer loop
      vertex 12.4732 -0.817538 13
      vertex 3.25 -2.73777 13
      vertex 12.4398 -1.22521 13
    endloop
  endfacet
  facet normal 0 0 1
    outer loop
      vertex 3.25 2.73777 13
      vertex 12.333 2.03619 13
      vertex 12.2598 2.43863 13
    endloop
  endfacet
  facet normal 0 0 1
    outer loop
      vertex 12.4398 -1.22521 13
      vertex 3.25 -2.73777 13
      vertex 12.3931 -1.63158 13
    endloop
  endfacet
  facet normal -0 0 1
    outer loop
      vertex 3.25 2.73777 13
      vertex 12.2598 2.43863 13
      vertex 12.1735 2.83845 13
    endloop
  endfacet
  facet normal 0 0 1
    outer loop
      vertex 12.3931 -1.63158 13
      vertex 3.25 -2.73777 13
      vertex 12.333 -2.03619 13
    endloop
  endfacet
  facet normal 0 0 1
    outer loop
      vertex 3.25 2.73777 13
      vertex 12.1735 2.83845 13
      vertex 12.0741 3.23524 13
    endloop
  endfacet
  facet normal 0 0 1
    outer loop
      vertex 12.333 -2.03619 13
      vertex 3.25 -2.73777 13
      vertex 12.2598 -2.43863 13
    endloop
  endfacet
  facet normal 0 0 1
    outer loop
      vertex 3.25 2.73777 13
      vertex 12.0741 3.23524 13
      vertex 11.9618 3.62856 13
    endloop
  endfacet
  facet normal 0 0 1
    outer loop
      vertex 12.2598 -2.43863 13
      vertex 3.25 -2.73777 13
      vertex 12.1735 -2.83845 13
    endloop
  endfacet
  facet normal 0 0 1
    outer loop
      vertex 3.25 2.73777 13
      vertex 11.9618 3.62856 13
      vertex 11.8366 4.01799 13
    endloop
  endfacet
  facet normal 0 0 1
    outer loop
      vertex 12.1735 -2.83845 13
      vertex 3.25 -2.73777 13
      vertex 12.0741 -3.23524 13
    endloop
  endfacet
  facet normal 0 0 1
    outer loop
      vertex 3.25 2.73777 13
      vertex 11.8366 4.01799 13
      vertex 11.6988 4.40312 13
    endloop
  endfacet
  facet normal 0 0 1
    outer loop
      vertex 12.0741 -3.23524 13
      vertex 3.25 -2.73777 13
      vertex 11.9618 -3.62856 13
    endloop
  endfacet
  facet normal 0 0 1
    outer loop
      vertex 3.25 2.73777 13
      vertex 11.6988 4.40312 13
      vertex 11.5485 4.78354 13
    endloop
  endfacet
  facet normal 0 0 1
    outer loop
      vertex 11.9618 -3.62856 13
      vertex 3.25 -2.73777 13
      vertex 11.8366 -4.01799 13
    endloop
  endfacet
  facet normal 0 0 1
    outer loop
      vertex 3.25 2.73777 13
      vertex 11.5485 4.78354 13
      vertex 11.3858 5.15884 13
    endloop
  endfacet
  facet normal 0 0 1
    outer loop
      vertex 11.8366 -4.01799 13
      vertex 3.25 -2.73777 13
      vertex 11.6988 -4.40312 13
    endloop
  endfacet
  facet normal 0 0 1
    outer loop
      vertex 3.25 2.73777 13
      vertex 11.3858 5.15884 13
      vertex 11.2109 5.52861 13
    endloop
  endfacet
  facet normal 0 0 1
    outer loop
      vertex 11.6988 -4.40312 13
      vertex 3.25 -2.73777 13
      vertex 11.5485 -4.78354 13
    endloop
  endfacet
  facet normal 0 0 1
    outer loop
      vertex 3.25 2.73777 13
      vertex 11.2109 5.52861 13
      vertex 11.024 5.89246 13
    endloop
  endfacet
  facet normal 0 0 1
    outer loop
      vertex 11.5485 -4.78354 13
      vertex 3.25 -2.73777 13
      vertex 11.3858 -5.15884 13
    endloop
  endfacet
  facet normal 0 0 1
    outer loop
      vertex 3.25 2.73777 13
      vertex 11.024 5.89246 13
      vertex 10.8253 6.25 13
    endloop
  endfacet
  facet normal 0 0 1
    outer loop
      vertex 11.3858 -5.15884 13
      vertex 3.25 -2.73777 13
      vertex 11.2109 -5.52861 13
    endloop
  endfacet
  facet normal 0 0 1
    outer loop
      vertex 3.25 2.73777 13
      vertex 10.8253 6.25 13
      vertex 10.615 6.60085 13
    endloop
  endfacet
  facet normal 0 0 1
    outer loop
      vertex 11.2109 -5.52861 13
      vertex 3.25 -2.73777 13
      vertex 11.024 -5.89246 13
    endloop
  endfacet
  facet normal 0 0 1
    outer loop
      vertex 3.25 2.73777 13
      vertex 10.615 6.60085 13
      vertex 10.3934 6.94463 13
    endloop
  endfacet
  facet normal 0 0 1
    outer loop
      vertex 11.024 -5.89246 13
      vertex 3.25 -2.73777 13
      vertex 10.8253 -6.25 13
    endloop
  endfacet
  facet normal 0 0 1
    outer loop
      vertex 3.25 2.73777 13
      vertex 10.3934 6.94463 13
      vertex 10.1606 7.28097 13
    endloop
  endfacet
  facet normal 0 0 1
    outer loop
      vertex 10.8253 -6.25 13
      vertex 3.25 -2.73777 13
      vertex 10.615 -6.60085 13
    endloop
  endfacet
  facet normal 0 0 1
    outer loop
      vertex 3.25 2.73777 13
      vertex 10.1606 7.28097 13
      vertex 9.91692 7.60952 13
    endloop
  endfacet
  facet normal 0 0 1
    outer loop
      vertex 10.615 -6.60085 13
      vertex 3.25 -2.73777 13
      vertex 10.3934 -6.94463 13
    endloop
  endfacet
  facet normal 0 0 1
    outer loop
      vertex 3.25 2.73777 13
      vertex 9.91692 7.60952 13
      vertex 9.66263 7.92992 13
    endloop
  endfacet
  facet normal 0 0 1
    outer loop
      vertex 10.3934 -6.94463 13
      vertex 3.25 -2.73777 13
      vertex 10.1606 -7.28097 13
    endloop
  endfacet
  facet normal 0 0 1
    outer loop
      vertex 3.25 2.73777 13
      vertex 9.66263 7.92992 13
      vertex 9.398 8.24182 13
    endloop
  endfacet
  facet normal 0 0 1
    outer loop
      vertex 10.1606 -7.28097 13
      vertex 3.25 -2.73777 13
      vertex 9.91692 -7.60952 13
    endloop
  endfacet
  facet normal 0 0 1
    outer loop
      vertex 3.19532 2.80222 13
      vertex 9.398 8.24182 13
      vertex 9.1233 8.5449 13
    endloop
  endfacet
  facet normal 0 0 1
    outer loop
      vertex 9.91692 -7.60952 13
      vertex 3.25 -2.73777 13
      vertex 9.66263 -7.92992 13
    endloop
  endfacet
  facet normal 0 0 1
    outer loop
      vertex 3.10192 2.90527 13
      vertex 9.1233 8.5449 13
      vertex 8.83883 8.83883 13
    endloop
  endfacet
  facet normal 0 0 1
    outer loop
      vertex 9.66263 -7.92992 13
      vertex 3.25 -2.73777 13
      vertex 9.398 -8.24182 13
    endloop
  endfacet
  facet normal 0 0 1
    outer loop
      vertex 3.0052 3.0052 13
      vertex 8.83883 8.83883 13
      vertex 8.5449 9.1233 13
    endloop
  endfacet
  facet normal -0 0 1
    outer loop
      vertex 3.19532 -2.80222 13
      vertex 9.398 -8.24182 13
      vertex 3.25 -2.73777 13
    endloop
  endfacet
  facet normal 0 0 1
    outer loop
      vertex 2.90527 3.10192 13
      vertex 8.5449 9.1233 13
      vertex 8.24182 9.398 13
    endloop
  endfacet
  facet normal 0 0 1
    outer loop
      vertex 9.398 -8.24182 13
      vertex 3.19532 -2.80222 13
      vertex 9.1233 -8.5449 13
    endloop
  endfacet
  facet normal 0 0 1
    outer loop
      vertex 2.80222 3.19532 13
      vertex 8.24182 9.398 13
      vertex 7.92992 9.66263 13
    endloop
  endfacet
  facet normal -0 0 1
    outer loop
      vertex 3.10192 -2.90527 13
      vertex 9.1233 -8.5449 13
      vertex 3.19532 -2.80222 13
    endloop
  endfacet
  facet normal 0 0 1
    outer loop
      vertex 2.69617 3.28529 13
      vertex 7.92992 9.66263 13
      vertex 7.60952 9.91692 13
    endloop
  endfacet
  facet normal 0 0 1
    outer loop
      vertex 9.1233 -8.5449 13
      vertex 3.10192 -2.90527 13
      vertex 8.83883 -8.83883 13
    endloop
  endfacet
  facet normal 0 0 1
    outer loop
      vertex 2.58724 3.37175 13
      vertex 7.60952 9.91692 13
      vertex 7.28097 10.1606 13
    endloop
  endfacet
  facet normal -0 0 1
    outer loop
      vertex 3.0052 -3.0052 13
      vertex 8.83883 -8.83883 13
      vertex 3.10192 -2.90527 13
    endloop
  endfacet
  facet normal 0 0 1
    outer loop
      vertex 2.47553 3.4546 13
      vertex 7.28097 10.1606 13
      vertex 6.94463 10.3934 13
    endloop
  endfacet
  facet normal 0 0 1
    outer loop
      vertex 8.83883 -8.83883 13
      vertex 3.0052 -3.0052 13
      vertex 8.5449 -9.1233 13
    endloop
  endfacet
  facet normal 0 0 1
    outer loop
      vertex 2.36117 3.53375 13
      vertex 6.94463 10.3934 13
      vertex 6.60085 10.615 13
    endloop
  endfacet
  facet normal -0 0 1
    outer loop
      vertex 2.90527 -3.10192 13
      vertex 8.5449 -9.1233 13
      vertex 3.0052 -3.0052 13
    endloop
  endfacet
  facet normal 0 0 1
    outer loop
      vertex 2.24429 3.60911 13
      vertex 6.60085 10.615 13
      vertex 6.25 10.8253 13
    endloop
  endfacet
  facet normal 0 0 1
    outer loop
      vertex 8.5449 -9.1233 13
      vertex 2.90527 -3.10192 13
      vertex 8.24182 -9.398 13
    endloop
  endfacet
  facet normal 0 0 1
    outer loop
      vertex 2.125 3.68061 13
      vertex 6.25 10.8253 13
      vertex 5.89246 11.024 13
    endloop
  endfacet
  facet normal -0 0 1
    outer loop
      vertex 2.80222 -3.19532 13
      vertex 8.24182 -9.398 13
      vertex 2.90527 -3.10192 13
    endloop
  endfacet
  facet normal 0 0 1
    outer loop
      vertex 2.00344 3.74817 13
      vertex 5.89246 11.024 13
      vertex 5.52861 11.2109 13
    endloop
  endfacet
  facet normal 0 0 1
    outer loop
      vertex 8.24182 -9.398 13
      vertex 2.80222 -3.19532 13
      vertex 7.92992 -9.66263 13
    endloop
  endfacet
  facet normal 0 0 1
    outer loop
      vertex 1.87973 3.81171 13
      vertex 5.52861 11.2109 13
      vertex 5.15884 11.3858 13
    endloop
  endfacet
  facet normal -0 0 1
    outer loop
      vertex 2.69617 -3.28529 13
      vertex 7.92992 -9.66263 13
      vertex 2.80222 -3.19532 13
    endloop
  endfacet
  facet normal 0 0 1
    outer loop
      vertex 1.754 3.87117 13
      vertex 5.15884 11.3858 13
      vertex 4.78354 11.5485 13
    endloop
  endfacet
  facet normal 0 0 1
    outer loop
      vertex 7.92992 -9.66263 13
      vertex 2.69617 -3.28529 13
      vertex 7.60952 -9.91692 13
    endloop
  endfacet
  facet normal 0 0 1
    outer loop
      vertex 1.6264 3.92649 13
      vertex 4.78354 11.5485 13
      vertex 4.40312 11.6988 13
    endloop
  endfacet
  facet normal -0 0 1
    outer loop
      vertex 2.58724 -3.37175 13
      vertex 7.60952 -9.91692 13
      vertex 2.69617 -3.28529 13
    endloop
  endfacet
  facet normal 0 0 1
    outer loop
      vertex 1.49706 3.9776 13
      vertex 4.40312 11.6988 13
      vertex 4.01799 11.8366 13
    endloop
  endfacet
  facet normal 0 0 1
    outer loop
      vertex 7.60952 -9.91692 13
      vertex 2.58724 -3.37175 13
      vertex 7.28097 -10.1606 13
    endloop
  endfacet
  facet normal 0 0 1
    outer loop
      vertex 1.36612 4.02445 13
      vertex 4.01799 11.8366 13
      vertex 3.62856 11.9618 13
    endloop
  endfacet
  facet normal -0 0 1
    outer loop
      vertex 2.47553 -3.4546 13
      vertex 7.28097 -10.1606 13
      vertex 2.58724 -3.37175 13
    endloop
  endfacet
  facet normal 0 0 1
    outer loop
      vertex 7.28097 -10.1606 13
      vertex 2.47553 -3.4546 13
      vertex 6.94463 -10.3934 13
    endloop
  endfacet
  facet normal 0 0 1
    outer loop
      vertex 1.23371 4.067 13
      vertex 3.62856 11.9618 13
      vertex 3.23524 12.0741 13
    endloop
  endfacet
  facet normal 0 0 1
    outer loop
      vertex 9.398 8.24182 13
      vertex 3.19532 2.80222 13
      vertex 3.25 2.73777 13
    endloop
  endfacet
  facet normal 0 0 1
    outer loop
      vertex 9.1233 8.5449 13
      vertex 3.10192 2.90527 13
      vertex 3.19532 2.80222 13
    endloop
  endfacet
  facet normal 0 0 1
    outer loop
      vertex 8.83883 8.83883 13
      vertex 3.0052 3.0052 13
      vertex 3.10192 2.90527 13
    endloop
  endfacet
  facet normal 0 0 1
    outer loop
      vertex 8.5449 9.1233 13
      vertex 2.90527 3.10192 13
      vertex 3.0052 3.0052 13
    endloop
  endfacet
  facet normal 0 0 1
    outer loop
      vertex 1.09998 4.10518 13
      vertex 3.23524 12.0741 13
      vertex 2.83845 12.1735 13
    endloop
  endfacet
  facet normal 0 0 1
    outer loop
      vertex 8.24182 9.398 13
      vertex 2.80222 3.19532 13
      vertex 2.90527 3.10192 13
    endloop
  endfacet
  facet normal 0 0 1
    outer loop
      vertex 7.92992 9.66263 13
      vertex 2.69617 3.28529 13
      vertex 2.80222 3.19532 13
    endloop
  endfacet
  facet normal 0 0 1
    outer loop
      vertex 7.60952 9.91692 13
      vertex 2.58724 3.37175 13
      vertex 2.69617 3.28529 13
    endloop
  endfacet
  facet normal 0 0 1
    outer loop
      vertex 7.28097 10.1606 13
      vertex 2.47553 3.4546 13
      vertex 2.58724 3.37175 13
    endloop
  endfacet
  facet normal 0 0 1
    outer loop
      vertex 0.965074 4.13898 13
      vertex 2.83845 12.1735 13
      vertex 2.43863 12.2598 13
    endloop
  endfacet
  facet normal 0 0 1
    outer loop
      vertex 6.94463 10.3934 13
      vertex 2.36117 3.53375 13
      vertex 2.47553 3.4546 13
    endloop
  endfacet
  facet normal 0 0 1
    outer loop
      vertex 6.60085 10.615 13
      vertex 2.24429 3.60911 13
      vertex 2.36117 3.53375 13
    endloop
  endfacet
  facet normal 0 0 1
    outer loop
      vertex 6.25 10.8253 13
      vertex 2.125 3.68061 13
      vertex 2.24429 3.60911 13
    endloop
  endfacet
  facet normal 0 0 1
    outer loop
      vertex 0.829133 4.16834 13
      vertex 2.43863 12.2598 13
      vertex 2.03619 12.333 13
    endloop
  endfacet
  facet normal 0 0 1
    outer loop
      vertex 5.89246 11.024 13
      vertex 2.00344 3.74817 13
      vertex 2.125 3.68061 13
    endloop
  endfacet
  facet normal 0 0 1
    outer loop
      vertex 5.52861 11.2109 13
      vertex 1.87973 3.81171 13
      vertex 2.00344 3.74817 13
    endloop
  endfacet
  facet normal 0 0 1
    outer loop
      vertex 5.15884 11.3858 13
      vertex 1.754 3.87117 13
      vertex 1.87973 3.81171 13
    endloop
  endfacet
  facet normal 0 0 1
    outer loop
      vertex 0.692306 4.19323 13
      vertex 2.03619 12.333 13
      vertex 1.63158 12.3931 13
    endloop
  endfacet
  facet normal 0 0 1
    outer loop
      vertex 4.78354 11.5485 13
      vertex 1.6264 3.92649 13
      vertex 1.754 3.87117 13
    endloop
  endfacet
  facet normal 0 0 1
    outer loop
      vertex 4.40312 11.6988 13
      vertex 1.49706 3.9776 13
      vertex 1.6264 3.92649 13
    endloop
  endfacet
  facet normal 0 0 1
    outer loop
      vertex 4.01799 11.8366 13
      vertex 1.36612 4.02445 13
      vertex 1.49706 3.9776 13
    endloop
  endfacet
  facet normal 0 0 1
    outer loop
      vertex 3.62856 11.9618 13
      vertex 1.23371 4.067 13
      vertex 1.36612 4.02445 13
    endloop
  endfacet
  facet normal 0 0 1
    outer loop
      vertex 0.554736 4.21364 13
      vertex 1.63158 12.3931 13
      vertex 1.22521 12.4398 13
    endloop
  endfacet
  facet normal 0 0 1
    outer loop
      vertex 3.23524 12.0741 13
      vertex 1.09998 4.10518 13
      vertex 1.23371 4.067 13
    endloop
  endfacet
  facet normal 0 0 1
    outer loop
      vertex 2.83845 12.1735 13
      vertex 0.965074 4.13898 13
      vertex 1.09998 4.10518 13
    endloop
  endfacet
  facet normal 0 0 1
    outer loop
      vertex 2.43863 12.2598 13
      vertex 0.829133 4.16834 13
      vertex 0.965074 4.13898 13
    endloop
  endfacet
  facet normal 0 0 1
    outer loop
      vertex 0.416573 4.22953 13
      vertex 1.22521 12.4398 13
      vertex 0.817538 12.4732 13
    endloop
  endfacet
  facet normal 0 0 1
    outer loop
      vertex 2.03619 12.333 13
      vertex 0.692306 4.19323 13
      vertex 0.829133 4.16834 13
    endloop
  endfacet
  facet normal 0 0 1
    outer loop
      vertex 1.63158 12.3931 13
      vertex 0.554736 4.21364 13
      vertex 0.692306 4.19323 13
    endloop
  endfacet
  facet normal 0 0 1
    outer loop
      vertex 1.22521 12.4398 13
      vertex 0.416573 4.22953 13
      vertex 0.554736 4.21364 13
    endloop
  endfacet
  facet normal 0 0 1
    outer loop
      vertex 0.277963 4.2409 13
      vertex 0.817538 12.4732 13
      vertex 0.408988 12.4933 13
    endloop
  endfacet
  facet normal 0 0 1
    outer loop
      vertex 0.817538 12.4732 13
      vertex 0.277963 4.2409 13
      vertex 0.416573 4.22953 13
    endloop
  endfacet
  facet normal 0 0 1
    outer loop
      vertex 0.408988 12.4933 13
      vertex 0.139055 4.24772 13
      vertex 0.277963 4.2409 13
    endloop
  endfacet
  facet normal 0 0 1
    outer loop
      vertex 0 12.5 13
      vertex 0.139055 4.24772 13
      vertex 0.408988 12.4933 13
    endloop
  endfacet
  facet normal 0 0 1
    outer loop
      vertex 0 12.5 13
      vertex 0 4.25 13
      vertex 0.139055 4.24772 13
    endloop
  endfacet
  facet normal 0 0 1
    outer loop
      vertex 0 12.5 13
      vertex -0.139055 4.24772 13
      vertex 0 4.25 13
    endloop
  endfacet
  facet normal -0 0 1
    outer loop
      vertex -0.408988 12.4933 13
      vertex -0.139055 4.24772 13
      vertex 0 12.5 13
    endloop
  endfacet
  facet normal 0 0 1
    outer loop
      vertex -0.139055 4.24772 13
      vertex -0.408988 12.4933 13
      vertex -0.277963 4.2409 13
    endloop
  endfacet
  facet normal -0 0 1
    outer loop
      vertex -0.817538 12.4732 13
      vertex -0.277963 4.2409 13
      vertex -0.408988 12.4933 13
    endloop
  endfacet
  facet normal 0 0 1
    outer loop
      vertex -0.277963 4.2409 13
      vertex -0.817538 12.4732 13
      vertex -0.416573 4.22953 13
    endloop
  endfacet
  facet normal -0 0 1
    outer loop
      vertex -1.22521 12.4398 13
      vertex -0.416573 4.22953 13
      vertex -0.817538 12.4732 13
    endloop
  endfacet
  facet normal 0 0 1
    outer loop
      vertex -0.416573 4.22953 13
      vertex -1.22521 12.4398 13
      vertex -0.554736 4.21364 13
    endloop
  endfacet
  facet normal -0 0 1
    outer loop
      vertex -1.63158 12.3931 13
      vertex -0.554736 4.21364 13
      vertex -1.22521 12.4398 13
    endloop
  endfacet
  facet normal 0 0 1
    outer loop
      vertex -0.554736 4.21364 13
      vertex -1.63158 12.3931 13
      vertex -0.692306 4.19323 13
    endloop
  endfacet
  facet normal -0 0 1
    outer loop
      vertex -2.03619 12.333 13
      vertex -0.692306 4.19323 13
      vertex -1.63158 12.3931 13
    endloop
  endfacet
  facet normal 0 0 1
    outer loop
      vertex -0.692306 4.19323 13
      vertex -2.03619 12.333 13
      vertex -0.829133 4.16834 13
    endloop
  endfacet
  facet normal -0 0 1
    outer loop
      vertex -2.43863 12.2598 13
      vertex -0.829133 4.16834 13
      vertex -2.03619 12.333 13
    endloop
  endfacet
  facet normal 0 0 1
    outer loop
      vertex -0.829133 4.16834 13
      vertex -2.43863 12.2598 13
      vertex -0.965074 4.13898 13
    endloop
  endfacet
  facet normal -0 0 1
    outer loop
      vertex -2.83845 12.1735 13
      vertex -0.965074 4.13898 13
      vertex -2.43863 12.2598 13
    endloop
  endfacet
  facet normal 0 0 1
    outer loop
      vertex -0.965074 4.13898 13
      vertex -2.83845 12.1735 13
      vertex -1.09998 4.10518 13
    endloop
  endfacet
  facet normal -0 0 1
    outer loop
      vertex -3.23524 12.0741 13
      vertex -1.09998 4.10518 13
      vertex -2.83845 12.1735 13
    endloop
  endfacet
  facet normal 0 0 1
    outer loop
      vertex -1.09998 4.10518 13
      vertex -3.23524 12.0741 13
      vertex -1.23371 4.067 13
    endloop
  endfacet
  facet normal -0 0 1
    outer loop
      vertex -3.62856 11.9618 13
      vertex -1.23371 4.067 13
      vertex -3.23524 12.0741 13
    endloop
  endfacet
  facet normal 0 0 1
    outer loop
      vertex -1.23371 4.067 13
      vertex -3.62856 11.9618 13
      vertex -1.36612 4.02445 13
    endloop
  endfacet
  facet normal -0 0 1
    outer loop
      vertex -4.01799 11.8366 13
      vertex -1.36612 4.02445 13
      vertex -3.62856 11.9618 13
    endloop
  endfacet
  facet normal 0 0 1
    outer loop
      vertex -1.36612 4.02445 13
      vertex -4.01799 11.8366 13
      vertex -1.49706 3.9776 13
    endloop
  endfacet
  facet normal -0 0 1
    outer loop
      vertex -4.40312 11.6988 13
      vertex -1.49706 3.9776 13
      vertex -4.01799 11.8366 13
    endloop
  endfacet
  facet normal 0 0 1
    outer loop
      vertex -1.49706 3.9776 13
      vertex -4.40312 11.6988 13
      vertex -1.6264 3.92649 13
    endloop
  endfacet
  facet normal -0 0 1
    outer loop
      vertex -4.78354 11.5485 13
      vertex -1.6264 3.92649 13
      vertex -4.40312 11.6988 13
    endloop
  endfacet
  facet normal 0 0 1
    outer loop
      vertex -1.6264 3.92649 13
      vertex -4.78354 11.5485 13
      vertex -1.754 3.87117 13
    endloop
  endfacet
  facet normal -0 0 1
    outer loop
      vertex -5.15884 11.3858 13
      vertex -1.754 3.87117 13
      vertex -4.78354 11.5485 13
    endloop
  endfacet
  facet normal 0 0 1
    outer loop
      vertex -1.754 3.87117 13
      vertex -5.15884 11.3858 13
      vertex -1.87973 3.81171 13
    endloop
  endfacet
  facet normal -0 0 1
    outer loop
      vertex -5.52861 11.2109 13
      vertex -1.87973 3.81171 13
      vertex -5.15884 11.3858 13
    endloop
  endfacet
  facet normal 0 0 1
    outer loop
      vertex -1.87973 3.81171 13
      vertex -5.52861 11.2109 13
      vertex -2.00344 3.74817 13
    endloop
  endfacet
  facet normal -0 0 1
    outer loop
      vertex -5.89246 11.024 13
      vertex -2.00344 3.74817 13
      vertex -5.52861 11.2109 13
    endloop
  endfacet
  facet normal 0 0 1
    outer loop
      vertex -2.00344 3.74817 13
      vertex -5.89246 11.024 13
      vertex -2.125 3.68061 13
    endloop
  endfacet
  facet normal -0 0 1
    outer loop
      vertex -6.25 10.8253 13
      vertex -2.125 3.68061 13
      vertex -5.89246 11.024 13
    endloop
  endfacet
  facet normal 0 0 1
    outer loop
      vertex -2.125 3.68061 13
      vertex -6.25 10.8253 13
      vertex -2.24429 3.60911 13
    endloop
  endfacet
  facet normal -0 0 1
    outer loop
      vertex -6.60085 10.615 13
      vertex -2.24429 3.60911 13
      vertex -6.25 10.8253 13
    endloop
  endfacet
  facet normal 0 0 1
    outer loop
      vertex -2.24429 3.60911 13
      vertex -6.60085 10.615 13
      vertex -2.36117 3.53375 13
    endloop
  endfacet
  facet normal -0 0 1
    outer loop
      vertex -6.94463 10.3934 13
      vertex -2.36117 3.53375 13
      vertex -6.60085 10.615 13
    endloop
  endfacet
  facet normal 0 0 1
    outer loop
      vertex -2.36117 3.53375 13
      vertex -6.94463 10.3934 13
      vertex -2.47553 3.4546 13
    endloop
  endfacet
  facet normal -0 0 1
    outer loop
      vertex -7.28097 10.1606 13
      vertex -2.47553 3.4546 13
      vertex -6.94463 10.3934 13
    endloop
  endfacet
  facet normal 0 0 1
    outer loop
      vertex -2.47553 3.4546 13
      vertex -7.28097 10.1606 13
      vertex -2.58724 3.37175 13
    endloop
  endfacet
  facet normal -0 0 1
    outer loop
      vertex -7.60952 9.91692 13
      vertex -2.58724 3.37175 13
      vertex -7.28097 10.1606 13
    endloop
  endfacet
  facet normal 0 0 1
    outer loop
      vertex -2.58724 3.37175 13
      vertex -7.60952 9.91692 13
      vertex -2.69617 3.28529 13
    endloop
  endfacet
  facet normal -0 0 1
    outer loop
      vertex -7.92992 9.66263 13
      vertex -2.69617 3.28529 13
      vertex -7.60952 9.91692 13
    endloop
  endfacet
  facet normal 0 0 1
    outer loop
      vertex -2.69617 3.28529 13
      vertex -7.92992 9.66263 13
      vertex -2.80222 3.19532 13
    endloop
  endfacet
  facet normal -0 0 1
    outer loop
      vertex -8.24182 9.398 13
      vertex -2.80222 3.19532 13
      vertex -7.92992 9.66263 13
    endloop
  endfacet
  facet normal 0 0 1
    outer loop
      vertex -2.80222 3.19532 13
      vertex -8.24182 9.398 13
      vertex -2.90527 3.10192 13
    endloop
  endfacet
  facet normal -0 0 1
    outer loop
      vertex -8.5449 9.1233 13
      vertex -2.90527 3.10192 13
      vertex -8.24182 9.398 13
    endloop
  endfacet
  facet normal 0 0 1
    outer loop
      vertex -2.90527 3.10192 13
      vertex -8.5449 9.1233 13
      vertex -3.0052 3.0052 13
    endloop
  endfacet
  facet normal -0 0 1
    outer loop
      vertex -8.83883 8.83883 13
      vertex -3.0052 3.0052 13
      vertex -8.5449 9.1233 13
    endloop
  endfacet
  facet normal 0 0 1
    outer loop
      vertex -3.0052 3.0052 13
      vertex -8.83883 8.83883 13
      vertex -3.10192 2.90527 13
    endloop
  endfacet
  facet normal -0 0 1
    outer loop
      vertex -9.1233 8.5449 13
      vertex -3.10192 2.90527 13
      vertex -8.83883 8.83883 13
    endloop
  endfacet
  facet normal 0 0 1
    outer loop
      vertex -3.10192 2.90527 13
      vertex -9.1233 8.5449 13
      vertex -3.19532 2.80222 13
    endloop
  endfacet
  facet normal -0 0 1
    outer loop
      vertex -9.398 8.24182 13
      vertex -3.19532 2.80222 13
      vertex -9.1233 8.5449 13
    endloop
  endfacet
  facet normal 0 0 1
    outer loop
      vertex -3.19532 2.80222 13
      vertex -9.398 8.24182 13
      vertex -3.28529 2.69617 13
    endloop
  endfacet
  facet normal -0 0 1
    outer loop
      vertex -9.66263 7.92992 13
      vertex -3.28529 2.69617 13
      vertex -9.398 8.24182 13
    endloop
  endfacet
  facet normal 0 0 1
    outer loop
      vertex -3.28529 2.69617 13
      vertex -9.66263 7.92992 13
      vertex -3.37175 2.58724 13
    endloop
  endfacet
  facet normal -0 0 1
    outer loop
      vertex -9.91692 7.60952 13
      vertex -3.37175 2.58724 13
      vertex -9.66263 7.92992 13
    endloop
  endfacet
  facet normal 0 0 1
    outer loop
      vertex -3.37175 2.58724 13
      vertex -9.91692 7.60952 13
      vertex -3.4546 2.47553 13
    endloop
  endfacet
  facet normal 0 0 1
    outer loop
      vertex -3.4546 2.47553 13
      vertex -10.1606 7.28097 13
      vertex -3.53375 2.36117 13
    endloop
  endfacet
  facet normal -0 0 1
    outer loop
      vertex -10.1606 7.28097 13
      vertex -3.4546 2.47553 13
      vertex -9.91692 7.60952 13
    endloop
  endfacet
  facet normal -0 0 1
    outer loop
      vertex 2.36117 -3.53375 13
      vertex 6.94463 -10.3934 13
      vertex 2.47553 -3.4546 13
    endloop
  endfacet
  facet normal 0 0 1
    outer loop
      vertex 6.94463 -10.3934 13
      vertex 2.36117 -3.53375 13
      vertex 6.60085 -10.615 13
    endloop
  endfacet
  facet normal -0 0 1
    outer loop
      vertex 2.24429 -3.60911 13
      vertex 6.60085 -10.615 13
      vertex 2.36117 -3.53375 13
    endloop
  endfacet
  facet normal 0 0 1
    outer loop
      vertex 6.60085 -10.615 13
      vertex 2.24429 -3.60911 13
      vertex 6.25 -10.8253 13
    endloop
  endfacet
  facet normal -0 0 1
    outer loop
      vertex 2.125 -3.68061 13
      vertex 6.25 -10.8253 13
      vertex 2.24429 -3.60911 13
    endloop
  endfacet
  facet normal 0 0 1
    outer loop
      vertex 6.25 -10.8253 13
      vertex 2.125 -3.68061 13
      vertex 5.89246 -11.024 13
    endloop
  endfacet
  facet normal -0 0 1
    outer loop
      vertex 2.00344 -3.74817 13
      vertex 5.89246 -11.024 13
      vertex 2.125 -3.68061 13
    endloop
  endfacet
  facet normal 0 0 1
    outer loop
      vertex 5.89246 -11.024 13
      vertex 2.00344 -3.74817 13
      vertex 5.52861 -11.2109 13
    endloop
  endfacet
  facet normal -0 0 1
    outer loop
      vertex 1.87973 -3.81171 13
      vertex 5.52861 -11.2109 13
      vertex 2.00344 -3.74817 13
    endloop
  endfacet
  facet normal 0 0 1
    outer loop
      vertex 5.52861 -11.2109 13
      vertex 1.87973 -3.81171 13
      vertex 5.15884 -11.3858 13
    endloop
  endfacet
  facet normal -0 0 1
    outer loop
      vertex 1.754 -3.87117 13
      vertex 5.15884 -11.3858 13
      vertex 1.87973 -3.81171 13
    endloop
  endfacet
  facet normal 0 0 1
    outer loop
      vertex 5.15884 -11.3858 13
      vertex 1.754 -3.87117 13
      vertex 4.78354 -11.5485 13
    endloop
  endfacet
  facet normal -0 0 1
    outer loop
      vertex 1.6264 -3.92649 13
      vertex 4.78354 -11.5485 13
      vertex 1.754 -3.87117 13
    endloop
  endfacet
  facet normal 0 0 1
    outer loop
      vertex 4.78354 -11.5485 13
      vertex 1.6264 -3.92649 13
      vertex 4.40312 -11.6988 13
    endloop
  endfacet
  facet normal -0 0 1
    outer loop
      vertex 1.49706 -3.9776 13
      vertex 4.40312 -11.6988 13
      vertex 1.6264 -3.92649 13
    endloop
  endfacet
  facet normal 0 0 1
    outer loop
      vertex 4.40312 -11.6988 13
      vertex 1.49706 -3.9776 13
      vertex 4.01799 -11.8366 13
    endloop
  endfacet
  facet normal -0 0 1
    outer loop
      vertex 1.36612 -4.02445 13
      vertex 4.01799 -11.8366 13
      vertex 1.49706 -3.9776 13
    endloop
  endfacet
  facet normal 0 0 1
    outer loop
      vertex 4.01799 -11.8366 13
      vertex 1.36612 -4.02445 13
      vertex 3.62856 -11.9618 13
    endloop
  endfacet
  facet normal -0 0 1
    outer loop
      vertex 1.23371 -4.067 13
      vertex 3.62856 -11.9618 13
      vertex 1.36612 -4.02445 13
    endloop
  endfacet
  facet normal 0 0 1
    outer loop
      vertex 3.62856 -11.9618 13
      vertex 1.23371 -4.067 13
      vertex 3.23524 -12.0741 13
    endloop
  endfacet
  facet normal -0 0 1
    outer loop
      vertex 1.09998 -4.10518 13
      vertex 3.23524 -12.0741 13
      vertex 1.23371 -4.067 13
    endloop
  endfacet
  facet normal 0 0 1
    outer loop
      vertex 3.23524 -12.0741 13
      vertex 1.09998 -4.10518 13
      vertex 2.83845 -12.1735 13
    endloop
  endfacet
  facet normal -0 0 1
    outer loop
      vertex 0.965074 -4.13898 13
      vertex 2.83845 -12.1735 13
      vertex 1.09998 -4.10518 13
    endloop
  endfacet
  facet normal 0 0 1
    outer loop
      vertex 2.83845 -12.1735 13
      vertex 0.965074 -4.13898 13
      vertex 2.43863 -12.2598 13
    endloop
  endfacet
  facet normal -0 0 1
    outer loop
      vertex 0.829133 -4.16834 13
      vertex 2.43863 -12.2598 13
      vertex 0.965074 -4.13898 13
    endloop
  endfacet
  facet normal 0 0 1
    outer loop
      vertex 2.43863 -12.2598 13
      vertex 0.829133 -4.16834 13
      vertex 2.03619 -12.333 13
    endloop
  endfacet
  facet normal -0 0 1
    outer loop
      vertex 0.692306 -4.19323 13
      vertex 2.03619 -12.333 13
      vertex 0.829133 -4.16834 13
    endloop
  endfacet
  facet normal 0 0 1
    outer loop
      vertex 2.03619 -12.333 13
      vertex 0.692306 -4.19323 13
      vertex 1.63158 -12.3931 13
    endloop
  endfacet
  facet normal -0 0 1
    outer loop
      vertex 0.554736 -4.21364 13
      vertex 1.63158 -12.3931 13
      vertex 0.692306 -4.19323 13
    endloop
  endfacet
  facet normal 0 0 1
    outer loop
      vertex 1.63158 -12.3931 13
      vertex 0.554736 -4.21364 13
      vertex 1.22521 -12.4398 13
    endloop
  endfacet
  facet normal -0 0 1
    outer loop
      vertex 0.416573 -4.22953 13
      vertex 1.22521 -12.4398 13
      vertex 0.554736 -4.21364 13
    endloop
  endfacet
  facet normal 0 0 1
    outer loop
      vertex 1.22521 -12.4398 13
      vertex 0.416573 -4.22953 13
      vertex 0.817538 -12.4732 13
    endloop
  endfacet
  facet normal -0 0 1
    outer loop
      vertex 0.277963 -4.2409 13
      vertex 0.817538 -12.4732 13
      vertex 0.416573 -4.22953 13
    endloop
  endfacet
  facet normal 0 0 1
    outer loop
      vertex 0.817538 -12.4732 13
      vertex 0.277963 -4.2409 13
      vertex 0.408988 -12.4933 13
    endloop
  endfacet
  facet normal -0 0 1
    outer loop
      vertex 0.139055 -4.24772 13
      vertex 0.408988 -12.4933 13
      vertex 0.277963 -4.2409 13
    endloop
  endfacet
  facet normal -0 0 1
    outer loop
      vertex 0 -4.25 13
      vertex 0.408988 -12.4933 13
      vertex 0.139055 -4.24772 13
    endloop
  endfacet
  facet normal 0 0 1
    outer loop
      vertex 0 -4.25 13
      vertex 0 -12.5 13
      vertex 0.408988 -12.4933 13
    endloop
  endfacet
  facet normal 0 0 1
    outer loop
      vertex -0.139055 -4.24772 13
      vertex 0 -12.5 13
      vertex 0 -4.25 13
    endloop
  endfacet
  facet normal 0 0 1
    outer loop
      vertex -0.408988 -12.4933 13
      vertex -0.139055 -4.24772 13
      vertex -0.277963 -4.2409 13
    endloop
  endfacet
  facet normal 0 0 1
    outer loop
      vertex -0.139055 -4.24772 13
      vertex -0.408988 -12.4933 13
      vertex 0 -12.5 13
    endloop
  endfacet
  facet normal 0 0 1
    outer loop
      vertex -0.817538 -12.4732 13
      vertex -0.277963 -4.2409 13
      vertex -0.416573 -4.22953 13
    endloop
  endfacet
  facet normal 0 0 1
    outer loop
      vertex -1.22521 -12.4398 13
      vertex -0.416573 -4.22953 13
      vertex -0.554736 -4.21364 13
    endloop
  endfacet
  facet normal 0 0 1
    outer loop
      vertex -1.63158 -12.3931 13
      vertex -0.554736 -4.21364 13
      vertex -0.692306 -4.19323 13
    endloop
  endfacet
  facet normal 0 0 1
    outer loop
      vertex -0.277963 -4.2409 13
      vertex -0.817538 -12.4732 13
      vertex -0.408988 -12.4933 13
    endloop
  endfacet
  facet normal 0 0 1
    outer loop
      vertex -2.03619 -12.333 13
      vertex -0.692306 -4.19323 13
      vertex -0.829133 -4.16834 13
    endloop
  endfacet
  facet normal 0 0 1
    outer loop
      vertex -2.43863 -12.2598 13
      vertex -0.829133 -4.16834 13
      vertex -0.965074 -4.13898 13
    endloop
  endfacet
  facet normal 0 0 1
    outer loop
      vertex -2.83845 -12.1735 13
      vertex -0.965074 -4.13898 13
      vertex -1.09998 -4.10518 13
    endloop
  endfacet
  facet normal 0 0 1
    outer loop
      vertex -0.416573 -4.22953 13
      vertex -1.22521 -12.4398 13
      vertex -0.817538 -12.4732 13
    endloop
  endfacet
  facet normal 0 0 1
    outer loop
      vertex -3.23524 -12.0741 13
      vertex -1.09998 -4.10518 13
      vertex -1.23371 -4.067 13
    endloop
  endfacet
  facet normal 0 0 1
    outer loop
      vertex -3.62856 -11.9618 13
      vertex -1.23371 -4.067 13
      vertex -1.36612 -4.02445 13
    endloop
  endfacet
  facet normal 0 0 1
    outer loop
      vertex -4.01799 -11.8366 13
      vertex -1.36612 -4.02445 13
      vertex -1.49706 -3.9776 13
    endloop
  endfacet
  facet normal 0 0 1
    outer loop
      vertex -4.40312 -11.6988 13
      vertex -1.49706 -3.9776 13
      vertex -1.6264 -3.92649 13
    endloop
  endfacet
  facet normal 0 0 1
    outer loop
      vertex -0.554736 -4.21364 13
      vertex -1.63158 -12.3931 13
      vertex -1.22521 -12.4398 13
    endloop
  endfacet
  facet normal 0 0 1
    outer loop
      vertex -4.78354 -11.5485 13
      vertex -1.6264 -3.92649 13
      vertex -1.754 -3.87117 13
    endloop
  endfacet
  facet normal 0 0 1
    outer loop
      vertex -5.15884 -11.3858 13
      vertex -1.754 -3.87117 13
      vertex -1.87973 -3.81171 13
    endloop
  endfacet
  facet normal 0 0 1
    outer loop
      vertex -5.52861 -11.2109 13
      vertex -1.87973 -3.81171 13
      vertex -2.00344 -3.74817 13
    endloop
  endfacet
  facet normal 0 0 1
    outer loop
      vertex -0.692306 -4.19323 13
      vertex -2.03619 -12.333 13
      vertex -1.63158 -12.3931 13
    endloop
  endfacet
  facet normal 0 0 1
    outer loop
      vertex -5.89246 -11.024 13
      vertex -2.00344 -3.74817 13
      vertex -2.125 -3.68061 13
    endloop
  endfacet
  facet normal 0 0 1
    outer loop
      vertex -6.25 -10.8253 13
      vertex -2.125 -3.68061 13
      vertex -2.24429 -3.60911 13
    endloop
  endfacet
  facet normal 0 0 1
    outer loop
      vertex -6.60085 -10.615 13
      vertex -2.24429 -3.60911 13
      vertex -2.36117 -3.53375 13
    endloop
  endfacet
  facet normal 0 0 1
    outer loop
      vertex -0.829133 -4.16834 13
      vertex -2.43863 -12.2598 13
      vertex -2.03619 -12.333 13
    endloop
  endfacet
  facet normal 0 0 1
    outer loop
      vertex -6.94463 -10.3934 13
      vertex -2.36117 -3.53375 13
      vertex -2.47553 -3.4546 13
    endloop
  endfacet
  facet normal 0 0 1
    outer loop
      vertex -7.28097 -10.1606 13
      vertex -2.47553 -3.4546 13
      vertex -2.58724 -3.37175 13
    endloop
  endfacet
  facet normal 0 0 1
    outer loop
      vertex -7.60952 -9.91692 13
      vertex -2.58724 -3.37175 13
      vertex -2.69617 -3.28529 13
    endloop
  endfacet
  facet normal 0 0 1
    outer loop
      vertex -7.92992 -9.66263 13
      vertex -2.69617 -3.28529 13
      vertex -2.80222 -3.19532 13
    endloop
  endfacet
  facet normal 0 0 1
    outer loop
      vertex -0.965074 -4.13898 13
      vertex -2.83845 -12.1735 13
      vertex -2.43863 -12.2598 13
    endloop
  endfacet
  facet normal 0 0 1
    outer loop
      vertex -8.24182 -9.398 13
      vertex -2.80222 -3.19532 13
      vertex -2.90527 -3.10192 13
    endloop
  endfacet
  facet normal 0 0 1
    outer loop
      vertex -8.5449 -9.1233 13
      vertex -2.90527 -3.10192 13
      vertex -3.0052 -3.0052 13
    endloop
  endfacet
  facet normal 0 0 1
    outer loop
      vertex -8.83883 -8.83883 13
      vertex -3.0052 -3.0052 13
      vertex -3.10192 -2.90527 13
    endloop
  endfacet
  facet normal 0 0 1
    outer loop
      vertex -9.1233 -8.5449 13
      vertex -3.10192 -2.90527 13
      vertex -3.19532 -2.80222 13
    endloop
  endfacet
  facet normal 0 0 1
    outer loop
      vertex -1.09998 -4.10518 13
      vertex -3.23524 -12.0741 13
      vertex -2.83845 -12.1735 13
    endloop
  endfacet
  facet normal 0 0 1
    outer loop
      vertex -9.398 -8.24182 13
      vertex -3.19532 -2.80222 13
      vertex -3.28529 -2.69617 13
    endloop
  endfacet
  facet normal 0 0 1
    outer loop
      vertex -9.66263 -7.92992 13
      vertex -3.28529 -2.69617 13
      vertex -3.37175 -2.58724 13
    endloop
  endfacet
  facet normal 0 0 1
    outer loop
      vertex -9.91692 -7.60952 13
      vertex -3.37175 -2.58724 13
      vertex -3.4546 -2.47553 13
    endloop
  endfacet
  facet normal 0 0 1
    outer loop
      vertex -10.1606 -7.28097 13
      vertex -3.4546 -2.47553 13
      vertex -3.53375 -2.36117 13
    endloop
  endfacet
  facet normal 0 0 1
    outer loop
      vertex -10.3934 -6.94463 13
      vertex -3.53375 -2.36117 13
      vertex -3.60911 -2.24429 13
    endloop
  endfacet
  facet normal 0 0 1
    outer loop
      vertex -1.23371 -4.067 13
      vertex -3.62856 -11.9618 13
      vertex -3.23524 -12.0741 13
    endloop
  endfacet
  facet normal 0 0 1
    outer loop
      vertex -10.615 -6.60085 13
      vertex -3.60911 -2.24429 13
      vertex -3.68061 -2.125 13
    endloop
  endfacet
  facet normal 0 0 1
    outer loop
      vertex -10.8253 -6.25 13
      vertex -3.68061 -2.125 13
      vertex -3.74817 -2.00344 13
    endloop
  endfacet
  facet normal 0 0 1
    outer loop
      vertex -11.024 -5.89246 13
      vertex -3.74817 -2.00344 13
      vertex -3.81171 -1.87973 13
    endloop
  endfacet
  facet normal 0 0 1
    outer loop
      vertex -11.2109 -5.52861 13
      vertex -3.81171 -1.87973 13
      vertex -3.87117 -1.754 13
    endloop
  endfacet
  facet normal 0 0 1
    outer loop
      vertex -11.3858 -5.15884 13
      vertex -3.87117 -1.754 13
      vertex -3.92649 -1.6264 13
    endloop
  endfacet
  facet normal 0 0 1
    outer loop
      vertex -11.5485 -4.78354 13
      vertex -3.92649 -1.6264 13
      vertex -3.9776 -1.49706 13
    endloop
  endfacet
  facet normal 0 0 1
    outer loop
      vertex -1.36612 -4.02445 13
      vertex -4.01799 -11.8366 13
      vertex -3.62856 -11.9618 13
    endloop
  endfacet
  facet normal 0 0 1
    outer loop
      vertex -11.6988 -4.40312 13
      vertex -3.9776 -1.49706 13
      vertex -4.02445 -1.36612 13
    endloop
  endfacet
  facet normal 0 0 1
    outer loop
      vertex -11.8366 -4.01799 13
      vertex -4.02445 -1.36612 13
      vertex -4.067 -1.23371 13
    endloop
  endfacet
  facet normal 0 0 1
    outer loop
      vertex -11.9618 -3.62856 13
      vertex -4.067 -1.23371 13
      vertex -4.10518 -1.09998 13
    endloop
  endfacet
  facet normal 0 0 1
    outer loop
      vertex -12.0741 -3.23524 13
      vertex -4.10518 -1.09998 13
      vertex -4.13898 -0.965074 13
    endloop
  endfacet
  facet normal 0 0 1
    outer loop
      vertex -12.1735 -2.83845 13
      vertex -4.13898 -0.965074 13
      vertex -4.16834 -0.829133 13
    endloop
  endfacet
  facet normal 0 0 1
    outer loop
      vertex -12.2598 -2.43863 13
      vertex -4.16834 -0.829133 13
      vertex -4.19323 -0.692306 13
    endloop
  endfacet
  facet normal 0 0 1
    outer loop
      vertex -12.333 -2.03619 13
      vertex -4.19323 -0.692306 13
      vertex -4.21364 -0.554736 13
    endloop
  endfacet
  facet normal 0 0 1
    outer loop
      vertex -12.3931 -1.63158 13
      vertex -4.21364 -0.554736 13
      vertex -4.22953 -0.416573 13
    endloop
  endfacet
  facet normal 0 0 1
    outer loop
      vertex -12.4398 -1.22521 13
      vertex -4.22953 -0.416573 13
      vertex -4.2409 -0.277963 13
    endloop
  endfacet
  facet normal 0 0 1
    outer loop
      vertex -12.4732 -0.817538 13
      vertex -4.2409 -0.277963 13
      vertex -4.24772 -0.139055 13
    endloop
  endfacet
  facet normal 0 0 1
    outer loop
      vertex -1.49706 -3.9776 13
      vertex -4.40312 -11.6988 13
      vertex -4.01799 -11.8366 13
    endloop
  endfacet
  facet normal 0 0 1
    outer loop
      vertex -12.4933 -0.408988 13
      vertex -4.24772 -0.139055 13
      vertex -4.25 0 13
    endloop
  endfacet
  facet normal -0 0 1
    outer loop
      vertex -10.3934 6.94463 13
      vertex -3.53375 2.36117 13
      vertex -10.1606 7.28097 13
    endloop
  endfacet
  facet normal 0 0 1
    outer loop
      vertex -3.53375 2.36117 13
      vertex -10.3934 6.94463 13
      vertex -3.60911 2.24429 13
    endloop
  endfacet
  facet normal 0 0 1
    outer loop
      vertex -1.6264 -3.92649 13
      vertex -4.78354 -11.5485 13
      vertex -4.40312 -11.6988 13
    endloop
  endfacet
  facet normal -0 0 1
    outer loop
      vertex -10.615 6.60085 13
      vertex -3.60911 2.24429 13
      vertex -10.3934 6.94463 13
    endloop
  endfacet
  facet normal 0 0 1
    outer loop
      vertex -1.754 -3.87117 13
      vertex -5.15884 -11.3858 13
      vertex -4.78354 -11.5485 13
    endloop
  endfacet
  facet normal 0 0 1
    outer loop
      vertex -3.60911 2.24429 13
      vertex -10.615 6.60085 13
      vertex -3.68061 2.125 13
    endloop
  endfacet
  facet normal 0 0 1
    outer loop
      vertex -1.87973 -3.81171 13
      vertex -5.52861 -11.2109 13
      vertex -5.15884 -11.3858 13
    endloop
  endfacet
  facet normal -0 0 1
    outer loop
      vertex -10.8253 6.25 13
      vertex -3.68061 2.125 13
      vertex -10.615 6.60085 13
    endloop
  endfacet
  facet normal 0 0 1
    outer loop
      vertex -2.00344 -3.74817 13
      vertex -5.89246 -11.024 13
      vertex -5.52861 -11.2109 13
    endloop
  endfacet
  facet normal 0 0 1
    outer loop
      vertex -3.68061 2.125 13
      vertex -10.8253 6.25 13
      vertex -3.74817 2.00344 13
    endloop
  endfacet
  facet normal 0 0 1
    outer loop
      vertex -2.125 -3.68061 13
      vertex -6.25 -10.8253 13
      vertex -5.89246 -11.024 13
    endloop
  endfacet
  facet normal -0 0 1
    outer loop
      vertex -11.024 5.89246 13
      vertex -3.74817 2.00344 13
      vertex -10.8253 6.25 13
    endloop
  endfacet
  facet normal 0 0 1
    outer loop
      vertex -2.24429 -3.60911 13
      vertex -6.60085 -10.615 13
      vertex -6.25 -10.8253 13
    endloop
  endfacet
  facet normal 0 0 1
    outer loop
      vertex -3.74817 2.00344 13
      vertex -11.024 5.89246 13
      vertex -3.81171 1.87973 13
    endloop
  endfacet
  facet normal 0 0 1
    outer loop
      vertex -2.36117 -3.53375 13
      vertex -6.94463 -10.3934 13
      vertex -6.60085 -10.615 13
    endloop
  endfacet
  facet normal -0 0 1
    outer loop
      vertex -11.2109 5.52861 13
      vertex -3.81171 1.87973 13
      vertex -11.024 5.89246 13
    endloop
  endfacet
  facet normal 0 0 1
    outer loop
      vertex -2.47553 -3.4546 13
      vertex -7.28097 -10.1606 13
      vertex -6.94463 -10.3934 13
    endloop
  endfacet
  facet normal 0 0 1
    outer loop
      vertex -3.81171 1.87973 13
      vertex -11.2109 5.52861 13
      vertex -3.87117 1.754 13
    endloop
  endfacet
  facet normal 0 0 1
    outer loop
      vertex -2.58724 -3.37175 13
      vertex -7.60952 -9.91692 13
      vertex -7.28097 -10.1606 13
    endloop
  endfacet
  facet normal -0 0 1
    outer loop
      vertex -11.3858 5.15884 13
      vertex -3.87117 1.754 13
      vertex -11.2109 5.52861 13
    endloop
  endfacet
  facet normal 0 0 1
    outer loop
      vertex -2.69617 -3.28529 13
      vertex -7.92992 -9.66263 13
      vertex -7.60952 -9.91692 13
    endloop
  endfacet
  facet normal 0 0 1
    outer loop
      vertex -3.87117 1.754 13
      vertex -11.3858 5.15884 13
      vertex -3.92649 1.6264 13
    endloop
  endfacet
  facet normal 0 0 1
    outer loop
      vertex -2.80222 -3.19532 13
      vertex -8.24182 -9.398 13
      vertex -7.92992 -9.66263 13
    endloop
  endfacet
  facet normal -0 0 1
    outer loop
      vertex -11.5485 4.78354 13
      vertex -3.92649 1.6264 13
      vertex -11.3858 5.15884 13
    endloop
  endfacet
  facet normal 0 0 1
    outer loop
      vertex -2.90527 -3.10192 13
      vertex -8.5449 -9.1233 13
      vertex -8.24182 -9.398 13
    endloop
  endfacet
  facet normal 0 0 1
    outer loop
      vertex -3.92649 1.6264 13
      vertex -11.5485 4.78354 13
      vertex -3.9776 1.49706 13
    endloop
  endfacet
  facet normal 0 0 1
    outer loop
      vertex -3.0052 -3.0052 13
      vertex -8.83883 -8.83883 13
      vertex -8.5449 -9.1233 13
    endloop
  endfacet
  facet normal -0 0 1
    outer loop
      vertex -11.6988 4.40312 13
      vertex -3.9776 1.49706 13
      vertex -11.5485 4.78354 13
    endloop
  endfacet
  facet normal 0 0 1
    outer loop
      vertex -3.10192 -2.90527 13
      vertex -9.1233 -8.5449 13
      vertex -8.83883 -8.83883 13
    endloop
  endfacet
  facet normal 0 0 1
    outer loop
      vertex -3.9776 1.49706 13
      vertex -11.6988 4.40312 13
      vertex -4.02445 1.36612 13
    endloop
  endfacet
  facet normal 0 0 1
    outer loop
      vertex -3.19532 -2.80222 13
      vertex -9.398 -8.24182 13
      vertex -9.1233 -8.5449 13
    endloop
  endfacet
  facet normal -0 0 1
    outer loop
      vertex -11.8366 4.01799 13
      vertex -4.02445 1.36612 13
      vertex -11.6988 4.40312 13
    endloop
  endfacet
  facet normal 0 0 1
    outer loop
      vertex -3.28529 -2.69617 13
      vertex -9.66263 -7.92992 13
      vertex -9.398 -8.24182 13
    endloop
  endfacet
  facet normal 0 0 1
    outer loop
      vertex -4.02445 1.36612 13
      vertex -11.8366 4.01799 13
      vertex -4.067 1.23371 13
    endloop
  endfacet
  facet normal 0 0 1
    outer loop
      vertex -3.37175 -2.58724 13
      vertex -9.91692 -7.60952 13
      vertex -9.66263 -7.92992 13
    endloop
  endfacet
  facet normal -0 0 1
    outer loop
      vertex -11.9618 3.62856 13
      vertex -4.067 1.23371 13
      vertex -11.8366 4.01799 13
    endloop
  endfacet
  facet normal 0 0 1
    outer loop
      vertex -3.4546 -2.47553 13
      vertex -10.1606 -7.28097 13
      vertex -9.91692 -7.60952 13
    endloop
  endfacet
  facet normal 0 0 1
    outer loop
      vertex -4.067 1.23371 13
      vertex -11.9618 3.62856 13
      vertex -4.10518 1.09998 13
    endloop
  endfacet
  facet normal 0 0 1
    outer loop
      vertex -3.53375 -2.36117 13
      vertex -10.3934 -6.94463 13
      vertex -10.1606 -7.28097 13
    endloop
  endfacet
  facet normal -0 0 1
    outer loop
      vertex -12.0741 3.23524 13
      vertex -4.10518 1.09998 13
      vertex -11.9618 3.62856 13
    endloop
  endfacet
  facet normal 0 0 1
    outer loop
      vertex -3.60911 -2.24429 13
      vertex -10.615 -6.60085 13
      vertex -10.3934 -6.94463 13
    endloop
  endfacet
  facet normal 0 0 1
    outer loop
      vertex -4.10518 1.09998 13
      vertex -12.0741 3.23524 13
      vertex -4.13898 0.965074 13
    endloop
  endfacet
  facet normal 0 0 1
    outer loop
      vertex -3.68061 -2.125 13
      vertex -10.8253 -6.25 13
      vertex -10.615 -6.60085 13
    endloop
  endfacet
  facet normal -0 0 1
    outer loop
      vertex -12.1735 2.83845 13
      vertex -4.13898 0.965074 13
      vertex -12.0741 3.23524 13
    endloop
  endfacet
  facet normal 0 0 1
    outer loop
      vertex -3.74817 -2.00344 13
      vertex -11.024 -5.89246 13
      vertex -10.8253 -6.25 13
    endloop
  endfacet
  facet normal 0 0 1
    outer loop
      vertex -4.13898 0.965074 13
      vertex -12.1735 2.83845 13
      vertex -4.16834 0.829133 13
    endloop
  endfacet
  facet normal 0 0 1
    outer loop
      vertex -3.81171 -1.87973 13
      vertex -11.2109 -5.52861 13
      vertex -11.024 -5.89246 13
    endloop
  endfacet
  facet normal -0 0 1
    outer loop
      vertex -12.2598 2.43863 13
      vertex -4.16834 0.829133 13
      vertex -12.1735 2.83845 13
    endloop
  endfacet
  facet normal 0 0 1
    outer loop
      vertex -3.87117 -1.754 13
      vertex -11.3858 -5.15884 13
      vertex -11.2109 -5.52861 13
    endloop
  endfacet
  facet normal 0 0 1
    outer loop
      vertex -4.16834 0.829133 13
      vertex -12.2598 2.43863 13
      vertex -4.19323 0.692306 13
    endloop
  endfacet
  facet normal 0 0 1
    outer loop
      vertex -3.92649 -1.6264 13
      vertex -11.5485 -4.78354 13
      vertex -11.3858 -5.15884 13
    endloop
  endfacet
  facet normal -0 0 1
    outer loop
      vertex -12.333 2.03619 13
      vertex -4.19323 0.692306 13
      vertex -12.2598 2.43863 13
    endloop
  endfacet
  facet normal 0 0 1
    outer loop
      vertex -3.9776 -1.49706 13
      vertex -11.6988 -4.40312 13
      vertex -11.5485 -4.78354 13
    endloop
  endfacet
  facet normal 0 0 1
    outer loop
      vertex -4.19323 0.692306 13
      vertex -12.333 2.03619 13
      vertex -4.21364 0.554736 13
    endloop
  endfacet
  facet normal 0 0 1
    outer loop
      vertex -4.02445 -1.36612 13
      vertex -11.8366 -4.01799 13
      vertex -11.6988 -4.40312 13
    endloop
  endfacet
  facet normal -0 0 1
    outer loop
      vertex -12.3931 1.63158 13
      vertex -4.21364 0.554736 13
      vertex -12.333 2.03619 13
    endloop
  endfacet
  facet normal 0 0 1
    outer loop
      vertex -4.067 -1.23371 13
      vertex -11.9618 -3.62856 13
      vertex -11.8366 -4.01799 13
    endloop
  endfacet
  facet normal 0 0 1
    outer loop
      vertex -4.21364 0.554736 13
      vertex -12.3931 1.63158 13
      vertex -4.22953 0.416573 13
    endloop
  endfacet
  facet normal 0 0 1
    outer loop
      vertex -4.10518 -1.09998 13
      vertex -12.0741 -3.23524 13
      vertex -11.9618 -3.62856 13
    endloop
  endfacet
  facet normal -0 0 1
    outer loop
      vertex -12.4398 1.22521 13
      vertex -4.22953 0.416573 13
      vertex -12.3931 1.63158 13
    endloop
  endfacet
  facet normal 0 0 1
    outer loop
      vertex -4.13898 -0.965074 13
      vertex -12.1735 -2.83845 13
      vertex -12.0741 -3.23524 13
    endloop
  endfacet
  facet normal 0 0 1
    outer loop
      vertex -4.22953 0.416573 13
      vertex -12.4398 1.22521 13
      vertex -4.2409 0.277963 13
    endloop
  endfacet
  facet normal 0 0 1
    outer loop
      vertex -4.16834 -0.829133 13
      vertex -12.2598 -2.43863 13
      vertex -12.1735 -2.83845 13
    endloop
  endfacet
  facet normal -0 0 1
    outer loop
      vertex -12.4732 0.817538 13
      vertex -4.2409 0.277963 13
      vertex -12.4398 1.22521 13
    endloop
  endfacet
  facet normal 0 0 1
    outer loop
      vertex -4.19323 -0.692306 13
      vertex -12.333 -2.03619 13
      vertex -12.2598 -2.43863 13
    endloop
  endfacet
  facet normal 0 0 1
    outer loop
      vertex -4.2409 0.277963 13
      vertex -12.4732 0.817538 13
      vertex -4.24772 0.139055 13
    endloop
  endfacet
  facet normal 0 0 1
    outer loop
      vertex -4.21364 -0.554736 13
      vertex -12.3931 -1.63158 13
      vertex -12.333 -2.03619 13
    endloop
  endfacet
  facet normal -0 0 1
    outer loop
      vertex -12.4933 0.408988 13
      vertex -4.24772 0.139055 13
      vertex -12.4732 0.817538 13
    endloop
  endfacet
  facet normal 0 0 1
    outer loop
      vertex -4.22953 -0.416573 13
      vertex -12.4398 -1.22521 13
      vertex -12.3931 -1.63158 13
    endloop
  endfacet
  facet normal 0 0 1
    outer loop
      vertex -4.24772 0.139055 13
      vertex -12.4933 0.408988 13
      vertex -4.25 0 13
    endloop
  endfacet
  facet normal 0 0 1
    outer loop
      vertex -4.2409 -0.277963 13
      vertex -12.4732 -0.817538 13
      vertex -12.4398 -1.22521 13
    endloop
  endfacet
  facet normal 0 0 1
    outer loop
      vertex -12.5 0 13
      vertex -4.25 0 13
      vertex -12.4933 0.408988 13
    endloop
  endfacet
  facet normal 0 0 1
    outer loop
      vertex -4.24772 -0.139055 13
      vertex -12.4933 -0.408988 13
      vertex -12.4732 -0.817538 13
    endloop
  endfacet
  facet normal 0 0 1
    outer loop
      vertex -4.25 0 13
      vertex -12.5 0 13
      vertex -12.4933 -0.408988 13
    endloop
  endfacet
  facet normal -0.983844 -0.179025 0
    outer loop
      vertex -9.41554 -1.87287 2.6
      vertex -9.47178 -1.5638 10.4
      vertex -9.47178 -1.5638 2.6
    endloop
  endfacet
  facet normal -0.983844 -0.179025 0
    outer loop
      vertex -9.47178 -1.5638 10.4
      vertex -9.41554 -1.87287 2.6
      vertex -9.41554 -1.87287 10.4
    endloop
  endfacet
  facet normal -0.822277 0.569087 0
    outer loop
      vertex -7.98211 5.33347 2.6
      vertex -7.80333 5.59179 10.4
      vertex -7.80333 5.59179 2.6
    endloop
  endfacet
  facet normal -0.822277 0.569087 0
    outer loop
      vertex -7.80333 5.59179 10.4
      vertex -7.98211 5.33347 2.6
      vertex -7.98211 5.33347 10.4
    endloop
  endfacet
  facet normal -0.970032 0.242978 0
    outer loop
      vertex -9.34922 2.17993 2.6
      vertex -9.27289 2.48466 10.4
      vertex -9.27289 2.48466 2.6
    endloop
  endfacet
  facet normal -0.970032 0.242978 0
    outer loop
      vertex -9.27289 2.48466 10.4
      vertex -9.34922 2.17993 2.6
      vertex -9.34922 2.17993 10.4
    endloop
  endfacet
  facet normal -0.84045 -0.54189 0
    outer loop
      vertex -7.98211 -5.33347 2.6
      vertex -8.15234 -5.06945 10.4
      vertex -8.15234 -5.06945 2.6
    endloop
  endfacet
  facet normal -0.84045 -0.54189 0
    outer loop
      vertex -8.15234 -5.06945 10.4
      vertex -7.98211 -5.33347 2.6
      vertex -7.98211 -5.33347 10.4
    endloop
  endfacet
  facet normal 0.54189 -0.84045 0
    outer loop
      vertex 5.06945 -8.15234 2.6
      vertex 5.33347 -7.98211 10.4
      vertex 5.06945 -8.15234 10.4
    endloop
  endfacet
  facet normal 0.54189 -0.84045 0
    outer loop
      vertex 5.33347 -7.98211 10.4
      vertex 5.06945 -8.15234 2.6
      vertex 5.33347 -7.98211 2.6
    endloop
  endfacet
  facet normal 0.762532 -0.646951 0
    outer loop
      vertex 7.21766 -6.32972 10.4
      vertex 7.4209 -6.09017 2.6
      vertex 7.4209 -6.09017 10.4
    endloop
  endfacet
  facet normal 0.762532 -0.646951 0
    outer loop
      vertex 7.4209 -6.09017 2.6
      vertex 7.21766 -6.32972 10.4
      vertex 7.21766 -6.32972 2.6
    endloop
  endfacet
  facet normal 0.305905 0.952062 -0
    outer loop
      vertex 3.08582 9.09053 2.6
      vertex 2.78673 9.18663 10.4
      vertex 3.08582 9.09053 10.4
    endloop
  endfacet
  facet normal 0.305905 0.952062 0
    outer loop
      vertex 2.78673 9.18663 10.4
      vertex 3.08582 9.09053 2.6
      vertex 2.78673 9.18663 2.6
    endloop
  endfacet
  facet normal 0.999866 -0.0163619 0
    outer loop
      vertex 9.59486 -0.314103 10.4
      vertex 9.6 0 2.6
      vertex 9.6 0 10.4
    endloop
  endfacet
  facet normal 0.999866 -0.0163619 0
    outer loop
      vertex 9.6 0 2.6
      vertex 9.59486 -0.314103 10.4
      vertex 9.59486 -0.314103 2.6
    endloop
  endfacet
  facet normal 0.456915 -0.88951 0
    outer loop
      vertex 4.24597 -8.60998 2.6
      vertex 4.52541 -8.46644 10.4
      vertex 4.24597 -8.60998 10.4
    endloop
  endfacet
  facet normal 0.456915 -0.88951 0
    outer loop
      vertex 4.52541 -8.46644 10.4
      vertex 4.24597 -8.60998 2.6
      vertex 4.52541 -8.46644 2.6
    endloop
  endfacet
  facet normal 0.917497 0.397742 0
    outer loop
      vertex 8.86924 3.67376 10.4
      vertex 8.74429 3.96199 2.6
      vertex 8.74429 3.96199 10.4
    endloop
  endfacet
  facet normal 0.917497 0.397742 0
    outer loop
      vertex 8.74429 3.96199 2.6
      vertex 8.86924 3.67376 10.4
      vertex 8.86924 3.67376 2.6
    endloop
  endfacet
  facet normal 0 0 -1
    outer loop
      vertex 3.25 -2.73777 0
      vertex 12.5 0 0
      vertex 12.4933 -0.408988 0
    endloop
  endfacet
  facet normal 0 0 -1
    outer loop
      vertex 3.25 -2.73777 0
      vertex 12.4933 -0.408988 0
      vertex 12.4732 -0.817538 0
    endloop
  endfacet
  facet normal 0 0 -1
    outer loop
      vertex 3.25 2.73777 0
      vertex 12.5 0 0
      vertex 3.25 -2.73777 0
    endloop
  endfacet
  facet normal 0 0 -1
    outer loop
      vertex 3.25 -2.73777 0
      vertex 12.4732 -0.817538 0
      vertex 12.4398 -1.22521 0
    endloop
  endfacet
  facet normal 0 0 -1
    outer loop
      vertex 12.5 0 0
      vertex 3.25 2.73777 0
      vertex 12.4933 0.408988 0
    endloop
  endfacet
  facet normal 0 0 -1
    outer loop
      vertex 3.25 -2.73777 0
      vertex 12.4398 -1.22521 0
      vertex 12.3931 -1.63158 0
    endloop
  endfacet
  facet normal 0 0 -1
    outer loop
      vertex 12.4933 0.408988 0
      vertex 3.25 2.73777 0
      vertex 12.4732 0.817538 0
    endloop
  endfacet
  facet normal 0 0 -1
    outer loop
      vertex 3.25 -2.73777 0
      vertex 12.3931 -1.63158 0
      vertex 12.333 -2.03619 0
    endloop
  endfacet
  facet normal 0 0 -1
    outer loop
      vertex 12.4732 0.817538 0
      vertex 3.25 2.73777 0
      vertex 12.4398 1.22521 0
    endloop
  endfacet
  facet normal 0 0 -1
    outer loop
      vertex 3.25 -2.73777 0
      vertex 12.333 -2.03619 0
      vertex 12.2598 -2.43863 0
    endloop
  endfacet
  facet normal 0 0 -1
    outer loop
      vertex 12.4398 1.22521 0
      vertex 3.25 2.73777 0
      vertex 12.3931 1.63158 0
    endloop
  endfacet
  facet normal 0 0 -1
    outer loop
      vertex 3.25 -2.73777 0
      vertex 12.2598 -2.43863 0
      vertex 12.1735 -2.83845 0
    endloop
  endfacet
  facet normal 0 0 -1
    outer loop
      vertex 12.3931 1.63158 0
      vertex 3.25 2.73777 0
      vertex 12.333 2.03619 0
    endloop
  endfacet
  facet normal 0 0 -1
    outer loop
      vertex 3.25 -2.73777 0
      vertex 12.1735 -2.83845 0
      vertex 12.0741 -3.23524 0
    endloop
  endfacet
  facet normal 0 0 -1
    outer loop
      vertex 12.333 2.03619 0
      vertex 3.25 2.73777 0
      vertex 12.2598 2.43863 0
    endloop
  endfacet
  facet normal 0 0 -1
    outer loop
      vertex 3.25 -2.73777 0
      vertex 12.0741 -3.23524 0
      vertex 11.9618 -3.62856 0
    endloop
  endfacet
  facet normal 0 0 -1
    outer loop
      vertex 12.2598 2.43863 0
      vertex 3.25 2.73777 0
      vertex 12.1735 2.83845 0
    endloop
  endfacet
  facet normal 0 0 -1
    outer loop
      vertex 3.25 -2.73777 0
      vertex 11.9618 -3.62856 0
      vertex 11.8366 -4.01799 0
    endloop
  endfacet
  facet normal -0 0 -1
    outer loop
      vertex 12.1735 2.83845 0
      vertex 3.25 2.73777 0
      vertex 12.0741 3.23524 0
    endloop
  endfacet
  facet normal 0 0 -1
    outer loop
      vertex 3.25 -2.73777 0
      vertex 11.8366 -4.01799 0
      vertex 11.6988 -4.40312 0
    endloop
  endfacet
  facet normal -0 0 -1
    outer loop
      vertex 12.0741 3.23524 0
      vertex 3.25 2.73777 0
      vertex 11.9618 3.62856 0
    endloop
  endfacet
  facet normal 0 0 -1
    outer loop
      vertex 3.25 -2.73777 0
      vertex 11.6988 -4.40312 0
      vertex 11.5485 -4.78354 0
    endloop
  endfacet
  facet normal -0 0 -1
    outer loop
      vertex 11.9618 3.62856 0
      vertex 3.25 2.73777 0
      vertex 11.8366 4.01799 0
    endloop
  endfacet
  facet normal 0 0 -1
    outer loop
      vertex 3.25 -2.73777 0
      vertex 11.5485 -4.78354 0
      vertex 11.3858 -5.15884 0
    endloop
  endfacet
  facet normal -0 0 -1
    outer loop
      vertex 11.8366 4.01799 0
      vertex 3.25 2.73777 0
      vertex 11.6988 4.40312 0
    endloop
  endfacet
  facet normal 0 0 -1
    outer loop
      vertex 3.25 -2.73777 0
      vertex 11.3858 -5.15884 0
      vertex 11.2109 -5.52861 0
    endloop
  endfacet
  facet normal -0 0 -1
    outer loop
      vertex 11.6988 4.40312 0
      vertex 3.25 2.73777 0
      vertex 11.5485 4.78354 0
    endloop
  endfacet
  facet normal 0 0 -1
    outer loop
      vertex 3.25 -2.73777 0
      vertex 11.2109 -5.52861 0
      vertex 11.024 -5.89246 0
    endloop
  endfacet
  facet normal -0 0 -1
    outer loop
      vertex 11.5485 4.78354 0
      vertex 3.25 2.73777 0
      vertex 11.3858 5.15884 0
    endloop
  endfacet
  facet normal 0 0 -1
    outer loop
      vertex 3.25 -2.73777 0
      vertex 11.024 -5.89246 0
      vertex 10.8253 -6.25 0
    endloop
  endfacet
  facet normal -0 0 -1
    outer loop
      vertex 11.3858 5.15884 0
      vertex 3.25 2.73777 0
      vertex 11.2109 5.52861 0
    endloop
  endfacet
  facet normal 0 0 -1
    outer loop
      vertex 3.25 -2.73777 0
      vertex 10.8253 -6.25 0
      vertex 10.615 -6.60085 0
    endloop
  endfacet
  facet normal -0 0 -1
    outer loop
      vertex 11.2109 5.52861 0
      vertex 3.25 2.73777 0
      vertex 11.024 5.89246 0
    endloop
  endfacet
  facet normal 0 0 -1
    outer loop
      vertex 3.25 -2.73777 0
      vertex 10.615 -6.60085 0
      vertex 10.3934 -6.94463 0
    endloop
  endfacet
  facet normal -0 0 -1
    outer loop
      vertex 11.024 5.89246 0
      vertex 3.25 2.73777 0
      vertex 10.8253 6.25 0
    endloop
  endfacet
  facet normal 0 0 -1
    outer loop
      vertex 3.25 -2.73777 0
      vertex 10.3934 -6.94463 0
      vertex 10.1606 -7.28097 0
    endloop
  endfacet
  facet normal -0 0 -1
    outer loop
      vertex 10.8253 6.25 0
      vertex 3.25 2.73777 0
      vertex 10.615 6.60085 0
    endloop
  endfacet
  facet normal 0 0 -1
    outer loop
      vertex 3.25 -2.73777 0
      vertex 10.1606 -7.28097 0
      vertex 9.91692 -7.60952 0
    endloop
  endfacet
  facet normal -0 0 -1
    outer loop
      vertex 10.615 6.60085 0
      vertex 3.25 2.73777 0
      vertex 10.3934 6.94463 0
    endloop
  endfacet
  facet normal 0 0 -1
    outer loop
      vertex 3.25 -2.73777 0
      vertex 9.91692 -7.60952 0
      vertex 9.66263 -7.92992 0
    endloop
  endfacet
  facet normal -0 0 -1
    outer loop
      vertex 10.3934 6.94463 0
      vertex 3.25 2.73777 0
      vertex 10.1606 7.28097 0
    endloop
  endfacet
  facet normal 0 0 -1
    outer loop
      vertex 3.25 -2.73777 0
      vertex 9.66263 -7.92992 0
      vertex 9.398 -8.24182 0
    endloop
  endfacet
  facet normal -0 0 -1
    outer loop
      vertex 10.1606 7.28097 0
      vertex 3.25 2.73777 0
      vertex 9.91692 7.60952 0
    endloop
  endfacet
  facet normal 0 0 -1
    outer loop
      vertex 3.19532 -2.80222 0
      vertex 9.398 -8.24182 0
      vertex 9.1233 -8.5449 0
    endloop
  endfacet
  facet normal -0 0 -1
    outer loop
      vertex 9.91692 7.60952 0
      vertex 3.25 2.73777 0
      vertex 9.66263 7.92992 0
    endloop
  endfacet
  facet normal 0 0 -1
    outer loop
      vertex 3.10192 -2.90527 0
      vertex 9.1233 -8.5449 0
      vertex 8.83883 -8.83883 0
    endloop
  endfacet
  facet normal -0 0 -1
    outer loop
      vertex 9.66263 7.92992 0
      vertex 3.25 2.73777 0
      vertex 9.398 8.24182 0
    endloop
  endfacet
  facet normal 0 0 -1
    outer loop
      vertex 3.0052 -3.0052 0
      vertex 8.83883 -8.83883 0
      vertex 8.5449 -9.1233 0
    endloop
  endfacet
  facet normal 0 0 -1
    outer loop
      vertex 3.19532 2.80222 0
      vertex 9.398 8.24182 0
      vertex 3.25 2.73777 0
    endloop
  endfacet
  facet normal 0 0 -1
    outer loop
      vertex 2.90527 -3.10192 0
      vertex 8.5449 -9.1233 0
      vertex 8.24182 -9.398 0
    endloop
  endfacet
  facet normal -0 0 -1
    outer loop
      vertex 9.398 8.24182 0
      vertex 3.19532 2.80222 0
      vertex 9.1233 8.5449 0
    endloop
  endfacet
  facet normal 0 0 -1
    outer loop
      vertex 2.80222 -3.19532 0
      vertex 8.24182 -9.398 0
      vertex 7.92992 -9.66263 0
    endloop
  endfacet
  facet normal 0 0 -1
    outer loop
      vertex 3.10192 2.90527 0
      vertex 9.1233 8.5449 0
      vertex 3.19532 2.80222 0
    endloop
  endfacet
  facet normal 0 0 -1
    outer loop
      vertex 2.69617 -3.28529 0
      vertex 7.92992 -9.66263 0
      vertex 7.60952 -9.91692 0
    endloop
  endfacet
  facet normal -0 0 -1
    outer loop
      vertex 9.1233 8.5449 0
      vertex 3.10192 2.90527 0
      vertex 8.83883 8.83883 0
    endloop
  endfacet
  facet normal 0 0 -1
    outer loop
      vertex 2.58724 -3.37175 0
      vertex 7.60952 -9.91692 0
      vertex 7.28097 -10.1606 0
    endloop
  endfacet
  facet normal 0 0 -1
    outer loop
      vertex 3.0052 3.0052 0
      vertex 8.83883 8.83883 0
      vertex 3.10192 2.90527 0
    endloop
  endfacet
  facet normal 0 0 -1
    outer loop
      vertex 2.47553 -3.4546 0
      vertex 7.28097 -10.1606 0
      vertex 6.94463 -10.3934 0
    endloop
  endfacet
  facet normal -0 0 -1
    outer loop
      vertex 8.83883 8.83883 0
      vertex 3.0052 3.0052 0
      vertex 8.5449 9.1233 0
    endloop
  endfacet
  facet normal 0 0 -1
    outer loop
      vertex 2.36117 -3.53375 0
      vertex 6.94463 -10.3934 0
      vertex 6.60085 -10.615 0
    endloop
  endfacet
  facet normal 0 0 -1
    outer loop
      vertex 2.90527 3.10192 0
      vertex 8.5449 9.1233 0
      vertex 3.0052 3.0052 0
    endloop
  endfacet
  facet normal 0 0 -1
    outer loop
      vertex 2.24429 -3.60911 0
      vertex 6.60085 -10.615 0
      vertex 6.25 -10.8253 0
    endloop
  endfacet
  facet normal -0 0 -1
    outer loop
      vertex 8.5449 9.1233 0
      vertex 2.90527 3.10192 0
      vertex 8.24182 9.398 0
    endloop
  endfacet
  facet normal 0 0 -1
    outer loop
      vertex 2.125 -3.68061 0
      vertex 6.25 -10.8253 0
      vertex 5.89246 -11.024 0
    endloop
  endfacet
  facet normal 0 0 -1
    outer loop
      vertex 2.80222 3.19532 0
      vertex 8.24182 9.398 0
      vertex 2.90527 3.10192 0
    endloop
  endfacet
  facet normal 0 0 -1
    outer loop
      vertex 2.00344 -3.74817 0
      vertex 5.89246 -11.024 0
      vertex 5.52861 -11.2109 0
    endloop
  endfacet
  facet normal -0 0 -1
    outer loop
      vertex 8.24182 9.398 0
      vertex 2.80222 3.19532 0
      vertex 7.92992 9.66263 0
    endloop
  endfacet
  facet normal 0 0 -1
    outer loop
      vertex 1.87973 -3.81171 0
      vertex 5.52861 -11.2109 0
      vertex 5.15884 -11.3858 0
    endloop
  endfacet
  facet normal 0 0 -1
    outer loop
      vertex 2.69617 3.28529 0
      vertex 7.92992 9.66263 0
      vertex 2.80222 3.19532 0
    endloop
  endfacet
  facet normal 0 0 -1
    outer loop
      vertex 1.754 -3.87117 0
      vertex 5.15884 -11.3858 0
      vertex 4.78354 -11.5485 0
    endloop
  endfacet
  facet normal -0 0 -1
    outer loop
      vertex 7.92992 9.66263 0
      vertex 2.69617 3.28529 0
      vertex 7.60952 9.91692 0
    endloop
  endfacet
  facet normal 0 0 -1
    outer loop
      vertex 1.6264 -3.92649 0
      vertex 4.78354 -11.5485 0
      vertex 4.40312 -11.6988 0
    endloop
  endfacet
  facet normal 0 0 -1
    outer loop
      vertex 2.58724 3.37175 0
      vertex 7.60952 9.91692 0
      vertex 2.69617 3.28529 0
    endloop
  endfacet
  facet normal 0 0 -1
    outer loop
      vertex 1.49706 -3.9776 0
      vertex 4.40312 -11.6988 0
      vertex 4.01799 -11.8366 0
    endloop
  endfacet
  facet normal -0 0 -1
    outer loop
      vertex 7.60952 9.91692 0
      vertex 2.58724 3.37175 0
      vertex 7.28097 10.1606 0
    endloop
  endfacet
  facet normal 0 0 -1
    outer loop
      vertex 1.36612 -4.02445 0
      vertex 4.01799 -11.8366 0
      vertex 3.62856 -11.9618 0
    endloop
  endfacet
  facet normal 0 0 -1
    outer loop
      vertex 2.47553 3.4546 0
      vertex 7.28097 10.1606 0
      vertex 2.58724 3.37175 0
    endloop
  endfacet
  facet normal -0 0 -1
    outer loop
      vertex 7.28097 10.1606 0
      vertex 2.47553 3.4546 0
      vertex 6.94463 10.3934 0
    endloop
  endfacet
  facet normal 0 0 -1
    outer loop
      vertex 1.23371 -4.067 0
      vertex 3.62856 -11.9618 0
      vertex 3.23524 -12.0741 0
    endloop
  endfacet
  facet normal 0 0 -1
    outer loop
      vertex 9.398 -8.24182 0
      vertex 3.19532 -2.80222 0
      vertex 3.25 -2.73777 0
    endloop
  endfacet
  facet normal 0 0 -1
    outer loop
      vertex 9.1233 -8.5449 0
      vertex 3.10192 -2.90527 0
      vertex 3.19532 -2.80222 0
    endloop
  endfacet
  facet normal 0 0 -1
    outer loop
      vertex 8.83883 -8.83883 0
      vertex 3.0052 -3.0052 0
      vertex 3.10192 -2.90527 0
    endloop
  endfacet
  facet normal 0 0 -1
    outer loop
      vertex 8.5449 -9.1233 0
      vertex 2.90527 -3.10192 0
      vertex 3.0052 -3.0052 0
    endloop
  endfacet
  facet normal 0 0 -1
    outer loop
      vertex 1.09998 -4.10518 0
      vertex 3.23524 -12.0741 0
      vertex 2.83845 -12.1735 0
    endloop
  endfacet
  facet normal 0 0 -1
    outer loop
      vertex 8.24182 -9.398 0
      vertex 2.80222 -3.19532 0
      vertex 2.90527 -3.10192 0
    endloop
  endfacet
  facet normal 0 0 -1
    outer loop
      vertex 7.92992 -9.66263 0
      vertex 2.69617 -3.28529 0
      vertex 2.80222 -3.19532 0
    endloop
  endfacet
  facet normal 0 0 -1
    outer loop
      vertex 7.60952 -9.91692 0
      vertex 2.58724 -3.37175 0
      vertex 2.69617 -3.28529 0
    endloop
  endfacet
  facet normal 0 0 -1
    outer loop
      vertex 7.28097 -10.1606 0
      vertex 2.47553 -3.4546 0
      vertex 2.58724 -3.37175 0
    endloop
  endfacet
  facet normal 0 0 -1
    outer loop
      vertex 0.965074 -4.13898 0
      vertex 2.83845 -12.1735 0
      vertex 2.43863 -12.2598 0
    endloop
  endfacet
  facet normal 0 0 -1
    outer loop
      vertex 6.94463 -10.3934 0
      vertex 2.36117 -3.53375 0
      vertex 2.47553 -3.4546 0
    endloop
  endfacet
  facet normal 0 0 -1
    outer loop
      vertex 6.60085 -10.615 0
      vertex 2.24429 -3.60911 0
      vertex 2.36117 -3.53375 0
    endloop
  endfacet
  facet normal 0 0 -1
    outer loop
      vertex 6.25 -10.8253 0
      vertex 2.125 -3.68061 0
      vertex 2.24429 -3.60911 0
    endloop
  endfacet
  facet normal 0 0 -1
    outer loop
      vertex 0.829133 -4.16834 0
      vertex 2.43863 -12.2598 0
      vertex 2.03619 -12.333 0
    endloop
  endfacet
  facet normal 0 0 -1
    outer loop
      vertex 5.89246 -11.024 0
      vertex 2.00344 -3.74817 0
      vertex 2.125 -3.68061 0
    endloop
  endfacet
  facet normal 0 0 -1
    outer loop
      vertex 5.52861 -11.2109 0
      vertex 1.87973 -3.81171 0
      vertex 2.00344 -3.74817 0
    endloop
  endfacet
  facet normal 0 0 -1
    outer loop
      vertex 5.15884 -11.3858 0
      vertex 1.754 -3.87117 0
      vertex 1.87973 -3.81171 0
    endloop
  endfacet
  facet normal 0 0 -1
    outer loop
      vertex 0.692306 -4.19323 0
      vertex 2.03619 -12.333 0
      vertex 1.63158 -12.3931 0
    endloop
  endfacet
  facet normal 0 0 -1
    outer loop
      vertex 4.78354 -11.5485 0
      vertex 1.6264 -3.92649 0
      vertex 1.754 -3.87117 0
    endloop
  endfacet
  facet normal 0 0 -1
    outer loop
      vertex 4.40312 -11.6988 0
      vertex 1.49706 -3.9776 0
      vertex 1.6264 -3.92649 0
    endloop
  endfacet
  facet normal 0 0 -1
    outer loop
      vertex 4.01799 -11.8366 0
      vertex 1.36612 -4.02445 0
      vertex 1.49706 -3.9776 0
    endloop
  endfacet
  facet normal 0 0 -1
    outer loop
      vertex 3.62856 -11.9618 0
      vertex 1.23371 -4.067 0
      vertex 1.36612 -4.02445 0
    endloop
  endfacet
  facet normal 0 0 -1
    outer loop
      vertex 0.554736 -4.21364 0
      vertex 1.63158 -12.3931 0
      vertex 1.22521 -12.4398 0
    endloop
  endfacet
  facet normal 0 0 -1
    outer loop
      vertex 3.23524 -12.0741 0
      vertex 1.09998 -4.10518 0
      vertex 1.23371 -4.067 0
    endloop
  endfacet
  facet normal 0 0 -1
    outer loop
      vertex 2.83845 -12.1735 0
      vertex 0.965074 -4.13898 0
      vertex 1.09998 -4.10518 0
    endloop
  endfacet
  facet normal 0 0 -1
    outer loop
      vertex 2.43863 -12.2598 0
      vertex 0.829133 -4.16834 0
      vertex 0.965074 -4.13898 0
    endloop
  endfacet
  facet normal 0 0 -1
    outer loop
      vertex 0.416573 -4.22953 0
      vertex 1.22521 -12.4398 0
      vertex 0.817538 -12.4732 0
    endloop
  endfacet
  facet normal 0 0 -1
    outer loop
      vertex 2.03619 -12.333 0
      vertex 0.692306 -4.19323 0
      vertex 0.829133 -4.16834 0
    endloop
  endfacet
  facet normal 0 0 -1
    outer loop
      vertex 1.63158 -12.3931 0
      vertex 0.554736 -4.21364 0
      vertex 0.692306 -4.19323 0
    endloop
  endfacet
  facet normal 0 0 -1
    outer loop
      vertex 1.22521 -12.4398 0
      vertex 0.416573 -4.22953 0
      vertex 0.554736 -4.21364 0
    endloop
  endfacet
  facet normal 0 0 -1
    outer loop
      vertex 0.277963 -4.2409 0
      vertex 0.817538 -12.4732 0
      vertex 0.408988 -12.4933 0
    endloop
  endfacet
  facet normal 0 0 -1
    outer loop
      vertex 0.817538 -12.4732 0
      vertex 0.277963 -4.2409 0
      vertex 0.416573 -4.22953 0
    endloop
  endfacet
  facet normal 0 0 -1
    outer loop
      vertex 0.408988 -12.4933 0
      vertex 0.139055 -4.24772 0
      vertex 0.277963 -4.2409 0
    endloop
  endfacet
  facet normal 0 0 -1
    outer loop
      vertex 0 -12.5 0
      vertex 0.139055 -4.24772 0
      vertex 0.408988 -12.4933 0
    endloop
  endfacet
  facet normal 0 0 -1
    outer loop
      vertex 0 -12.5 0
      vertex 0 -4.25 0
      vertex 0.139055 -4.24772 0
    endloop
  endfacet
  facet normal 0 0 -1
    outer loop
      vertex 0 -12.5 0
      vertex -0.139055 -4.24772 0
      vertex 0 -4.25 0
    endloop
  endfacet
  facet normal 0 0 -1
    outer loop
      vertex -0.408988 -12.4933 0
      vertex -0.139055 -4.24772 0
      vertex 0 -12.5 0
    endloop
  endfacet
  facet normal -0 0 -1
    outer loop
      vertex -0.139055 -4.24772 0
      vertex -0.408988 -12.4933 0
      vertex -0.277963 -4.2409 0
    endloop
  endfacet
  facet normal 0 0 -1
    outer loop
      vertex -0.817538 -12.4732 0
      vertex -0.277963 -4.2409 0
      vertex -0.408988 -12.4933 0
    endloop
  endfacet
  facet normal -0 0 -1
    outer loop
      vertex -0.277963 -4.2409 0
      vertex -0.817538 -12.4732 0
      vertex -0.416573 -4.22953 0
    endloop
  endfacet
  facet normal 0 0 -1
    outer loop
      vertex -1.22521 -12.4398 0
      vertex -0.416573 -4.22953 0
      vertex -0.817538 -12.4732 0
    endloop
  endfacet
  facet normal -0 0 -1
    outer loop
      vertex -0.416573 -4.22953 0
      vertex -1.22521 -12.4398 0
      vertex -0.554736 -4.21364 0
    endloop
  endfacet
  facet normal 0 0 -1
    outer loop
      vertex -1.63158 -12.3931 0
      vertex -0.554736 -4.21364 0
      vertex -1.22521 -12.4398 0
    endloop
  endfacet
  facet normal -0 0 -1
    outer loop
      vertex -0.554736 -4.21364 0
      vertex -1.63158 -12.3931 0
      vertex -0.692306 -4.19323 0
    endloop
  endfacet
  facet normal 0 0 -1
    outer loop
      vertex -2.03619 -12.333 0
      vertex -0.692306 -4.19323 0
      vertex -1.63158 -12.3931 0
    endloop
  endfacet
  facet normal -0 0 -1
    outer loop
      vertex -0.692306 -4.19323 0
      vertex -2.03619 -12.333 0
      vertex -0.829133 -4.16834 0
    endloop
  endfacet
  facet normal 0 0 -1
    outer loop
      vertex -2.43863 -12.2598 0
      vertex -0.829133 -4.16834 0
      vertex -2.03619 -12.333 0
    endloop
  endfacet
  facet normal -0 0 -1
    outer loop
      vertex -0.829133 -4.16834 0
      vertex -2.43863 -12.2598 0
      vertex -0.965074 -4.13898 0
    endloop
  endfacet
  facet normal 0 0 -1
    outer loop
      vertex -2.83845 -12.1735 0
      vertex -0.965074 -4.13898 0
      vertex -2.43863 -12.2598 0
    endloop
  endfacet
  facet normal -0 0 -1
    outer loop
      vertex -0.965074 -4.13898 0
      vertex -2.83845 -12.1735 0
      vertex -1.09998 -4.10518 0
    endloop
  endfacet
  facet normal 0 0 -1
    outer loop
      vertex -3.23524 -12.0741 0
      vertex -1.09998 -4.10518 0
      vertex -2.83845 -12.1735 0
    endloop
  endfacet
  facet normal -0 0 -1
    outer loop
      vertex -1.09998 -4.10518 0
      vertex -3.23524 -12.0741 0
      vertex -1.23371 -4.067 0
    endloop
  endfacet
  facet normal 0 0 -1
    outer loop
      vertex -3.62856 -11.9618 0
      vertex -1.23371 -4.067 0
      vertex -3.23524 -12.0741 0
    endloop
  endfacet
  facet normal -0 0 -1
    outer loop
      vertex -1.23371 -4.067 0
      vertex -3.62856 -11.9618 0
      vertex -1.36612 -4.02445 0
    endloop
  endfacet
  facet normal 0 0 -1
    outer loop
      vertex -4.01799 -11.8366 0
      vertex -1.36612 -4.02445 0
      vertex -3.62856 -11.9618 0
    endloop
  endfacet
  facet normal -0 0 -1
    outer loop
      vertex -1.36612 -4.02445 0
      vertex -4.01799 -11.8366 0
      vertex -1.49706 -3.9776 0
    endloop
  endfacet
  facet normal 0 0 -1
    outer loop
      vertex -4.40312 -11.6988 0
      vertex -1.49706 -3.9776 0
      vertex -4.01799 -11.8366 0
    endloop
  endfacet
  facet normal -0 0 -1
    outer loop
      vertex -1.49706 -3.9776 0
      vertex -4.40312 -11.6988 0
      vertex -1.6264 -3.92649 0
    endloop
  endfacet
  facet normal 0 0 -1
    outer loop
      vertex -4.78354 -11.5485 0
      vertex -1.6264 -3.92649 0
      vertex -4.40312 -11.6988 0
    endloop
  endfacet
  facet normal -0 0 -1
    outer loop
      vertex -1.6264 -3.92649 0
      vertex -4.78354 -11.5485 0
      vertex -1.754 -3.87117 0
    endloop
  endfacet
  facet normal 0 0 -1
    outer loop
      vertex -5.15884 -11.3858 0
      vertex -1.754 -3.87117 0
      vertex -4.78354 -11.5485 0
    endloop
  endfacet
  facet normal -0 0 -1
    outer loop
      vertex -1.754 -3.87117 0
      vertex -5.15884 -11.3858 0
      vertex -1.87973 -3.81171 0
    endloop
  endfacet
  facet normal 0 0 -1
    outer loop
      vertex -5.52861 -11.2109 0
      vertex -1.87973 -3.81171 0
      vertex -5.15884 -11.3858 0
    endloop
  endfacet
  facet normal -0 0 -1
    outer loop
      vertex -1.87973 -3.81171 0
      vertex -5.52861 -11.2109 0
      vertex -2.00344 -3.74817 0
    endloop
  endfacet
  facet normal 0 0 -1
    outer loop
      vertex -5.89246 -11.024 0
      vertex -2.00344 -3.74817 0
      vertex -5.52861 -11.2109 0
    endloop
  endfacet
  facet normal -0 0 -1
    outer loop
      vertex -2.00344 -3.74817 0
      vertex -5.89246 -11.024 0
      vertex -2.125 -3.68061 0
    endloop
  endfacet
  facet normal 0 0 -1
    outer loop
      vertex -6.25 -10.8253 0
      vertex -2.125 -3.68061 0
      vertex -5.89246 -11.024 0
    endloop
  endfacet
  facet normal -0 0 -1
    outer loop
      vertex -2.125 -3.68061 0
      vertex -6.25 -10.8253 0
      vertex -2.24429 -3.60911 0
    endloop
  endfacet
  facet normal 0 0 -1
    outer loop
      vertex -6.60085 -10.615 0
      vertex -2.24429 -3.60911 0
      vertex -6.25 -10.8253 0
    endloop
  endfacet
  facet normal -0 0 -1
    outer loop
      vertex -2.24429 -3.60911 0
      vertex -6.60085 -10.615 0
      vertex -2.36117 -3.53375 0
    endloop
  endfacet
  facet normal 0 0 -1
    outer loop
      vertex -6.94463 -10.3934 0
      vertex -2.36117 -3.53375 0
      vertex -6.60085 -10.615 0
    endloop
  endfacet
  facet normal -0 0 -1
    outer loop
      vertex -2.36117 -3.53375 0
      vertex -6.94463 -10.3934 0
      vertex -2.47553 -3.4546 0
    endloop
  endfacet
  facet normal 0 0 -1
    outer loop
      vertex -7.28097 -10.1606 0
      vertex -2.47553 -3.4546 0
      vertex -6.94463 -10.3934 0
    endloop
  endfacet
  facet normal -0 0 -1
    outer loop
      vertex -2.47553 -3.4546 0
      vertex -7.28097 -10.1606 0
      vertex -2.58724 -3.37175 0
    endloop
  endfacet
  facet normal 0 0 -1
    outer loop
      vertex -7.60952 -9.91692 0
      vertex -2.58724 -3.37175 0
      vertex -7.28097 -10.1606 0
    endloop
  endfacet
  facet normal -0 0 -1
    outer loop
      vertex -2.58724 -3.37175 0
      vertex -7.60952 -9.91692 0
      vertex -2.69617 -3.28529 0
    endloop
  endfacet
  facet normal 0 0 -1
    outer loop
      vertex -7.92992 -9.66263 0
      vertex -2.69617 -3.28529 0
      vertex -7.60952 -9.91692 0
    endloop
  endfacet
  facet normal -0 0 -1
    outer loop
      vertex -2.69617 -3.28529 0
      vertex -7.92992 -9.66263 0
      vertex -2.80222 -3.19532 0
    endloop
  endfacet
  facet normal 0 0 -1
    outer loop
      vertex -8.24182 -9.398 0
      vertex -2.80222 -3.19532 0
      vertex -7.92992 -9.66263 0
    endloop
  endfacet
  facet normal -0 0 -1
    outer loop
      vertex -2.80222 -3.19532 0
      vertex -8.24182 -9.398 0
      vertex -2.90527 -3.10192 0
    endloop
  endfacet
  facet normal 0 0 -1
    outer loop
      vertex -8.5449 -9.1233 0
      vertex -2.90527 -3.10192 0
      vertex -8.24182 -9.398 0
    endloop
  endfacet
  facet normal -0 0 -1
    outer loop
      vertex -2.90527 -3.10192 0
      vertex -8.5449 -9.1233 0
      vertex -3.0052 -3.0052 0
    endloop
  endfacet
  facet normal 0 0 -1
    outer loop
      vertex -8.83883 -8.83883 0
      vertex -3.0052 -3.0052 0
      vertex -8.5449 -9.1233 0
    endloop
  endfacet
  facet normal -0 0 -1
    outer loop
      vertex -3.0052 -3.0052 0
      vertex -8.83883 -8.83883 0
      vertex -3.10192 -2.90527 0
    endloop
  endfacet
  facet normal 0 0 -1
    outer loop
      vertex -9.1233 -8.5449 0
      vertex -3.10192 -2.90527 0
      vertex -8.83883 -8.83883 0
    endloop
  endfacet
  facet normal -0 0 -1
    outer loop
      vertex -3.10192 -2.90527 0
      vertex -9.1233 -8.5449 0
      vertex -3.19532 -2.80222 0
    endloop
  endfacet
  facet normal 0 0 -1
    outer loop
      vertex -9.398 -8.24182 0
      vertex -3.19532 -2.80222 0
      vertex -9.1233 -8.5449 0
    endloop
  endfacet
  facet normal -0 0 -1
    outer loop
      vertex -3.19532 -2.80222 0
      vertex -9.398 -8.24182 0
      vertex -3.28529 -2.69617 0
    endloop
  endfacet
  facet normal 0 0 -1
    outer loop
      vertex -9.66263 -7.92992 0
      vertex -3.28529 -2.69617 0
      vertex -9.398 -8.24182 0
    endloop
  endfacet
  facet normal -0 0 -1
    outer loop
      vertex -3.28529 -2.69617 0
      vertex -9.66263 -7.92992 0
      vertex -3.37175 -2.58724 0
    endloop
  endfacet
  facet normal 0 0 -1
    outer loop
      vertex -9.91692 -7.60952 0
      vertex -3.37175 -2.58724 0
      vertex -9.66263 -7.92992 0
    endloop
  endfacet
  facet normal -0 0 -1
    outer loop
      vertex -3.37175 -2.58724 0
      vertex -9.91692 -7.60952 0
      vertex -3.4546 -2.47553 0
    endloop
  endfacet
  facet normal -0 0 -1
    outer loop
      vertex -3.4546 -2.47553 0
      vertex -10.1606 -7.28097 0
      vertex -3.53375 -2.36117 0
    endloop
  endfacet
  facet normal 0 0 -1
    outer loop
      vertex -10.1606 -7.28097 0
      vertex -3.4546 -2.47553 0
      vertex -9.91692 -7.60952 0
    endloop
  endfacet
  facet normal 0 0 -1
    outer loop
      vertex 2.36117 3.53375 0
      vertex 6.94463 10.3934 0
      vertex 2.47553 3.4546 0
    endloop
  endfacet
  facet normal -0 0 -1
    outer loop
      vertex 6.94463 10.3934 0
      vertex 2.36117 3.53375 0
      vertex 6.60085 10.615 0
    endloop
  endfacet
  facet normal 0 0 -1
    outer loop
      vertex 2.24429 3.60911 0
      vertex 6.60085 10.615 0
      vertex 2.36117 3.53375 0
    endloop
  endfacet
  facet normal -0 0 -1
    outer loop
      vertex 6.60085 10.615 0
      vertex 2.24429 3.60911 0
      vertex 6.25 10.8253 0
    endloop
  endfacet
  facet normal 0 0 -1
    outer loop
      vertex 2.125 3.68061 0
      vertex 6.25 10.8253 0
      vertex 2.24429 3.60911 0
    endloop
  endfacet
  facet normal -0 0 -1
    outer loop
      vertex 6.25 10.8253 0
      vertex 2.125 3.68061 0
      vertex 5.89246 11.024 0
    endloop
  endfacet
  facet normal 0 0 -1
    outer loop
      vertex 2.00344 3.74817 0
      vertex 5.89246 11.024 0
      vertex 2.125 3.68061 0
    endloop
  endfacet
  facet normal -0 0 -1
    outer loop
      vertex 5.89246 11.024 0
      vertex 2.00344 3.74817 0
      vertex 5.52861 11.2109 0
    endloop
  endfacet
  facet normal 0 0 -1
    outer loop
      vertex 1.87973 3.81171 0
      vertex 5.52861 11.2109 0
      vertex 2.00344 3.74817 0
    endloop
  endfacet
  facet normal -0 0 -1
    outer loop
      vertex 5.52861 11.2109 0
      vertex 1.87973 3.81171 0
      vertex 5.15884 11.3858 0
    endloop
  endfacet
  facet normal 0 0 -1
    outer loop
      vertex 1.754 3.87117 0
      vertex 5.15884 11.3858 0
      vertex 1.87973 3.81171 0
    endloop
  endfacet
  facet normal -0 0 -1
    outer loop
      vertex 5.15884 11.3858 0
      vertex 1.754 3.87117 0
      vertex 4.78354 11.5485 0
    endloop
  endfacet
  facet normal 0 0 -1
    outer loop
      vertex 1.6264 3.92649 0
      vertex 4.78354 11.5485 0
      vertex 1.754 3.87117 0
    endloop
  endfacet
  facet normal -0 0 -1
    outer loop
      vertex 4.78354 11.5485 0
      vertex 1.6264 3.92649 0
      vertex 4.40312 11.6988 0
    endloop
  endfacet
  facet normal 0 0 -1
    outer loop
      vertex 1.49706 3.9776 0
      vertex 4.40312 11.6988 0
      vertex 1.6264 3.92649 0
    endloop
  endfacet
  facet normal -0 0 -1
    outer loop
      vertex 4.40312 11.6988 0
      vertex 1.49706 3.9776 0
      vertex 4.01799 11.8366 0
    endloop
  endfacet
  facet normal 0 0 -1
    outer loop
      vertex 1.36612 4.02445 0
      vertex 4.01799 11.8366 0
      vertex 1.49706 3.9776 0
    endloop
  endfacet
  facet normal -0 0 -1
    outer loop
      vertex 4.01799 11.8366 0
      vertex 1.36612 4.02445 0
      vertex 3.62856 11.9618 0
    endloop
  endfacet
  facet normal 0 0 -1
    outer loop
      vertex 1.23371 4.067 0
      vertex 3.62856 11.9618 0
      vertex 1.36612 4.02445 0
    endloop
  endfacet
  facet normal -0 0 -1
    outer loop
      vertex 3.62856 11.9618 0
      vertex 1.23371 4.067 0
      vertex 3.23524 12.0741 0
    endloop
  endfacet
  facet normal 0 0 -1
    outer loop
      vertex 1.09998 4.10518 0
      vertex 3.23524 12.0741 0
      vertex 1.23371 4.067 0
    endloop
  endfacet
  facet normal -0 0 -1
    outer loop
      vertex 3.23524 12.0741 0
      vertex 1.09998 4.10518 0
      vertex 2.83845 12.1735 0
    endloop
  endfacet
  facet normal 0 0 -1
    outer loop
      vertex 0.965074 4.13898 0
      vertex 2.83845 12.1735 0
      vertex 1.09998 4.10518 0
    endloop
  endfacet
  facet normal -0 0 -1
    outer loop
      vertex 2.83845 12.1735 0
      vertex 0.965074 4.13898 0
      vertex 2.43863 12.2598 0
    endloop
  endfacet
  facet normal 0 0 -1
    outer loop
      vertex 0.829133 4.16834 0
      vertex 2.43863 12.2598 0
      vertex 0.965074 4.13898 0
    endloop
  endfacet
  facet normal -0 0 -1
    outer loop
      vertex 2.43863 12.2598 0
      vertex 0.829133 4.16834 0
      vertex 2.03619 12.333 0
    endloop
  endfacet
  facet normal 0 0 -1
    outer loop
      vertex 0.692306 4.19323 0
      vertex 2.03619 12.333 0
      vertex 0.829133 4.16834 0
    endloop
  endfacet
  facet normal -0 0 -1
    outer loop
      vertex 2.03619 12.333 0
      vertex 0.692306 4.19323 0
      vertex 1.63158 12.3931 0
    endloop
  endfacet
  facet normal 0 0 -1
    outer loop
      vertex 0.554736 4.21364 0
      vertex 1.63158 12.3931 0
      vertex 0.692306 4.19323 0
    endloop
  endfacet
  facet normal -0 0 -1
    outer loop
      vertex 1.63158 12.3931 0
      vertex 0.554736 4.21364 0
      vertex 1.22521 12.4398 0
    endloop
  endfacet
  facet normal 0 0 -1
    outer loop
      vertex 0.416573 4.22953 0
      vertex 1.22521 12.4398 0
      vertex 0.554736 4.21364 0
    endloop
  endfacet
  facet normal -0 0 -1
    outer loop
      vertex 1.22521 12.4398 0
      vertex 0.416573 4.22953 0
      vertex 0.817538 12.4732 0
    endloop
  endfacet
  facet normal 0 0 -1
    outer loop
      vertex 0.277963 4.2409 0
      vertex 0.817538 12.4732 0
      vertex 0.416573 4.22953 0
    endloop
  endfacet
  facet normal -0 0 -1
    outer loop
      vertex 0.817538 12.4732 0
      vertex 0.277963 4.2409 0
      vertex 0.408988 12.4933 0
    endloop
  endfacet
  facet normal 0 0 -1
    outer loop
      vertex 0.139055 4.24772 0
      vertex 0.408988 12.4933 0
      vertex 0.277963 4.2409 0
    endloop
  endfacet
  facet normal 0 0 -1
    outer loop
      vertex 0 4.25 0
      vertex 0.408988 12.4933 0
      vertex 0.139055 4.24772 0
    endloop
  endfacet
  facet normal 0 0 -1
    outer loop
      vertex 0 4.25 0
      vertex 0 12.5 0
      vertex 0.408988 12.4933 0
    endloop
  endfacet
  facet normal 0 0 -1
    outer loop
      vertex -0.139055 4.24772 0
      vertex 0 12.5 0
      vertex 0 4.25 0
    endloop
  endfacet
  facet normal 0 0 -1
    outer loop
      vertex -0.408988 12.4933 0
      vertex -0.139055 4.24772 0
      vertex -0.277963 4.2409 0
    endloop
  endfacet
  facet normal 0 0 -1
    outer loop
      vertex -0.139055 4.24772 0
      vertex -0.408988 12.4933 0
      vertex 0 12.5 0
    endloop
  endfacet
  facet normal 0 0 -1
    outer loop
      vertex -0.817538 12.4732 0
      vertex -0.277963 4.2409 0
      vertex -0.416573 4.22953 0
    endloop
  endfacet
  facet normal 0 0 -1
    outer loop
      vertex -1.22521 12.4398 0
      vertex -0.416573 4.22953 0
      vertex -0.554736 4.21364 0
    endloop
  endfacet
  facet normal 0 0 -1
    outer loop
      vertex -1.63158 12.3931 0
      vertex -0.554736 4.21364 0
      vertex -0.692306 4.19323 0
    endloop
  endfacet
  facet normal 0 0 -1
    outer loop
      vertex -0.277963 4.2409 0
      vertex -0.817538 12.4732 0
      vertex -0.408988 12.4933 0
    endloop
  endfacet
  facet normal 0 0 -1
    outer loop
      vertex -2.03619 12.333 0
      vertex -0.692306 4.19323 0
      vertex -0.829133 4.16834 0
    endloop
  endfacet
  facet normal 0 0 -1
    outer loop
      vertex -2.43863 12.2598 0
      vertex -0.829133 4.16834 0
      vertex -0.965074 4.13898 0
    endloop
  endfacet
  facet normal 0 0 -1
    outer loop
      vertex -2.83845 12.1735 0
      vertex -0.965074 4.13898 0
      vertex -1.09998 4.10518 0
    endloop
  endfacet
  facet normal 0 0 -1
    outer loop
      vertex -0.416573 4.22953 0
      vertex -1.22521 12.4398 0
      vertex -0.817538 12.4732 0
    endloop
  endfacet
  facet normal 0 0 -1
    outer loop
      vertex -3.23524 12.0741 0
      vertex -1.09998 4.10518 0
      vertex -1.23371 4.067 0
    endloop
  endfacet
  facet normal 0 0 -1
    outer loop
      vertex -3.62856 11.9618 0
      vertex -1.23371 4.067 0
      vertex -1.36612 4.02445 0
    endloop
  endfacet
  facet normal 0 0 -1
    outer loop
      vertex -4.01799 11.8366 0
      vertex -1.36612 4.02445 0
      vertex -1.49706 3.9776 0
    endloop
  endfacet
  facet normal 0 0 -1
    outer loop
      vertex -4.40312 11.6988 0
      vertex -1.49706 3.9776 0
      vertex -1.6264 3.92649 0
    endloop
  endfacet
  facet normal 0 0 -1
    outer loop
      vertex -0.554736 4.21364 0
      vertex -1.63158 12.3931 0
      vertex -1.22521 12.4398 0
    endloop
  endfacet
  facet normal 0 0 -1
    outer loop
      vertex -4.78354 11.5485 0
      vertex -1.6264 3.92649 0
      vertex -1.754 3.87117 0
    endloop
  endfacet
  facet normal 0 0 -1
    outer loop
      vertex -5.15884 11.3858 0
      vertex -1.754 3.87117 0
      vertex -1.87973 3.81171 0
    endloop
  endfacet
  facet normal 0 0 -1
    outer loop
      vertex -5.52861 11.2109 0
      vertex -1.87973 3.81171 0
      vertex -2.00344 3.74817 0
    endloop
  endfacet
  facet normal 0 0 -1
    outer loop
      vertex -0.692306 4.19323 0
      vertex -2.03619 12.333 0
      vertex -1.63158 12.3931 0
    endloop
  endfacet
  facet normal 0 0 -1
    outer loop
      vertex -5.89246 11.024 0
      vertex -2.00344 3.74817 0
      vertex -2.125 3.68061 0
    endloop
  endfacet
  facet normal 0 0 -1
    outer loop
      vertex -6.25 10.8253 0
      vertex -2.125 3.68061 0
      vertex -2.24429 3.60911 0
    endloop
  endfacet
  facet normal 0 0 -1
    outer loop
      vertex -6.60085 10.615 0
      vertex -2.24429 3.60911 0
      vertex -2.36117 3.53375 0
    endloop
  endfacet
  facet normal 0 0 -1
    outer loop
      vertex -0.829133 4.16834 0
      vertex -2.43863 12.2598 0
      vertex -2.03619 12.333 0
    endloop
  endfacet
  facet normal 0 0 -1
    outer loop
      vertex -6.94463 10.3934 0
      vertex -2.36117 3.53375 0
      vertex -2.47553 3.4546 0
    endloop
  endfacet
  facet normal 0 0 -1
    outer loop
      vertex -7.28097 10.1606 0
      vertex -2.47553 3.4546 0
      vertex -2.58724 3.37175 0
    endloop
  endfacet
  facet normal 0 0 -1
    outer loop
      vertex -7.60952 9.91692 0
      vertex -2.58724 3.37175 0
      vertex -2.69617 3.28529 0
    endloop
  endfacet
  facet normal 0 0 -1
    outer loop
      vertex -7.92992 9.66263 0
      vertex -2.69617 3.28529 0
      vertex -2.80222 3.19532 0
    endloop
  endfacet
  facet normal 0 0 -1
    outer loop
      vertex -0.965074 4.13898 0
      vertex -2.83845 12.1735 0
      vertex -2.43863 12.2598 0
    endloop
  endfacet
  facet normal 0 0 -1
    outer loop
      vertex -8.24182 9.398 0
      vertex -2.80222 3.19532 0
      vertex -2.90527 3.10192 0
    endloop
  endfacet
  facet normal 0 0 -1
    outer loop
      vertex -8.5449 9.1233 0
      vertex -2.90527 3.10192 0
      vertex -3.0052 3.0052 0
    endloop
  endfacet
  facet normal 0 0 -1
    outer loop
      vertex -8.83883 8.83883 0
      vertex -3.0052 3.0052 0
      vertex -3.10192 2.90527 0
    endloop
  endfacet
  facet normal 0 0 -1
    outer loop
      vertex -9.1233 8.5449 0
      vertex -3.10192 2.90527 0
      vertex -3.19532 2.80222 0
    endloop
  endfacet
  facet normal 0 0 -1
    outer loop
      vertex -1.09998 4.10518 0
      vertex -3.23524 12.0741 0
      vertex -2.83845 12.1735 0
    endloop
  endfacet
  facet normal 0 0 -1
    outer loop
      vertex -9.398 8.24182 0
      vertex -3.19532 2.80222 0
      vertex -3.28529 2.69617 0
    endloop
  endfacet
  facet normal 0 0 -1
    outer loop
      vertex -9.66263 7.92992 0
      vertex -3.28529 2.69617 0
      vertex -3.37175 2.58724 0
    endloop
  endfacet
  facet normal 0 0 -1
    outer loop
      vertex -9.91692 7.60952 0
      vertex -3.37175 2.58724 0
      vertex -3.4546 2.47553 0
    endloop
  endfacet
  facet normal 0 0 -1
    outer loop
      vertex -10.1606 7.28097 0
      vertex -3.4546 2.47553 0
      vertex -3.53375 2.36117 0
    endloop
  endfacet
  facet normal 0 0 -1
    outer loop
      vertex -10.3934 6.94463 0
      vertex -3.53375 2.36117 0
      vertex -3.60911 2.24429 0
    endloop
  endfacet
  facet normal 0 0 -1
    outer loop
      vertex -1.23371 4.067 0
      vertex -3.62856 11.9618 0
      vertex -3.23524 12.0741 0
    endloop
  endfacet
  facet normal 0 0 -1
    outer loop
      vertex -10.615 6.60085 0
      vertex -3.60911 2.24429 0
      vertex -3.68061 2.125 0
    endloop
  endfacet
  facet normal 0 0 -1
    outer loop
      vertex -10.8253 6.25 0
      vertex -3.68061 2.125 0
      vertex -3.74817 2.00344 0
    endloop
  endfacet
  facet normal 0 0 -1
    outer loop
      vertex -11.024 5.89246 0
      vertex -3.74817 2.00344 0
      vertex -3.81171 1.87973 0
    endloop
  endfacet
  facet normal 0 0 -1
    outer loop
      vertex -11.2109 5.52861 0
      vertex -3.81171 1.87973 0
      vertex -3.87117 1.754 0
    endloop
  endfacet
  facet normal 0 0 -1
    outer loop
      vertex -11.3858 5.15884 0
      vertex -3.87117 1.754 0
      vertex -3.92649 1.6264 0
    endloop
  endfacet
  facet normal 0 0 -1
    outer loop
      vertex -11.5485 4.78354 0
      vertex -3.92649 1.6264 0
      vertex -3.9776 1.49706 0
    endloop
  endfacet
  facet normal 0 0 -1
    outer loop
      vertex -1.36612 4.02445 0
      vertex -4.01799 11.8366 0
      vertex -3.62856 11.9618 0
    endloop
  endfacet
  facet normal 0 0 -1
    outer loop
      vertex -11.6988 4.40312 0
      vertex -3.9776 1.49706 0
      vertex -4.02445 1.36612 0
    endloop
  endfacet
  facet normal 0 0 -1
    outer loop
      vertex -11.8366 4.01799 0
      vertex -4.02445 1.36612 0
      vertex -4.067 1.23371 0
    endloop
  endfacet
  facet normal 0 0 -1
    outer loop
      vertex -11.9618 3.62856 0
      vertex -4.067 1.23371 0
      vertex -4.10518 1.09998 0
    endloop
  endfacet
  facet normal 0 0 -1
    outer loop
      vertex -12.0741 3.23524 0
      vertex -4.10518 1.09998 0
      vertex -4.13898 0.965074 0
    endloop
  endfacet
  facet normal 0 0 -1
    outer loop
      vertex -12.1735 2.83845 0
      vertex -4.13898 0.965074 0
      vertex -4.16834 0.829133 0
    endloop
  endfacet
  facet normal 0 0 -1
    outer loop
      vertex -12.2598 2.43863 0
      vertex -4.16834 0.829133 0
      vertex -4.19323 0.692306 0
    endloop
  endfacet
  facet normal 0 0 -1
    outer loop
      vertex -12.333 2.03619 0
      vertex -4.19323 0.692306 0
      vertex -4.21364 0.554736 0
    endloop
  endfacet
  facet normal 0 0 -1
    outer loop
      vertex -12.3931 1.63158 0
      vertex -4.21364 0.554736 0
      vertex -4.22953 0.416573 0
    endloop
  endfacet
  facet normal 0 0 -1
    outer loop
      vertex -12.4398 1.22521 0
      vertex -4.22953 0.416573 0
      vertex -4.2409 0.277963 0
    endloop
  endfacet
  facet normal 0 0 -1
    outer loop
      vertex -12.4732 0.817538 0
      vertex -4.2409 0.277963 0
      vertex -4.24772 0.139055 0
    endloop
  endfacet
  facet normal 0 0 -1
    outer loop
      vertex -1.49706 3.9776 0
      vertex -4.40312 11.6988 0
      vertex -4.01799 11.8366 0
    endloop
  endfacet
  facet normal 0 0 -1
    outer loop
      vertex -12.4933 0.408988 0
      vertex -4.24772 0.139055 0
      vertex -4.25 0 0
    endloop
  endfacet
  facet normal 0 0 -1
    outer loop
      vertex -10.3934 -6.94463 0
      vertex -3.53375 -2.36117 0
      vertex -10.1606 -7.28097 0
    endloop
  endfacet
  facet normal -0 0 -1
    outer loop
      vertex -3.53375 -2.36117 0
      vertex -10.3934 -6.94463 0
      vertex -3.60911 -2.24429 0
    endloop
  endfacet
  facet normal 0 0 -1
    outer loop
      vertex -1.6264 3.92649 0
      vertex -4.78354 11.5485 0
      vertex -4.40312 11.6988 0
    endloop
  endfacet
  facet normal 0 0 -1
    outer loop
      vertex -10.615 -6.60085 0
      vertex -3.60911 -2.24429 0
      vertex -10.3934 -6.94463 0
    endloop
  endfacet
  facet normal 0 0 -1
    outer loop
      vertex -1.754 3.87117 0
      vertex -5.15884 11.3858 0
      vertex -4.78354 11.5485 0
    endloop
  endfacet
  facet normal -0 0 -1
    outer loop
      vertex -3.60911 -2.24429 0
      vertex -10.615 -6.60085 0
      vertex -3.68061 -2.125 0
    endloop
  endfacet
  facet normal 0 0 -1
    outer loop
      vertex -1.87973 3.81171 0
      vertex -5.52861 11.2109 0
      vertex -5.15884 11.3858 0
    endloop
  endfacet
  facet normal 0 0 -1
    outer loop
      vertex -10.8253 -6.25 0
      vertex -3.68061 -2.125 0
      vertex -10.615 -6.60085 0
    endloop
  endfacet
  facet normal 0 0 -1
    outer loop
      vertex -2.00344 3.74817 0
      vertex -5.89246 11.024 0
      vertex -5.52861 11.2109 0
    endloop
  endfacet
  facet normal -0 0 -1
    outer loop
      vertex -3.68061 -2.125 0
      vertex -10.8253 -6.25 0
      vertex -3.74817 -2.00344 0
    endloop
  endfacet
  facet normal 0 0 -1
    outer loop
      vertex -2.125 3.68061 0
      vertex -6.25 10.8253 0
      vertex -5.89246 11.024 0
    endloop
  endfacet
  facet normal 0 0 -1
    outer loop
      vertex -11.024 -5.89246 0
      vertex -3.74817 -2.00344 0
      vertex -10.8253 -6.25 0
    endloop
  endfacet
  facet normal 0 0 -1
    outer loop
      vertex -2.24429 3.60911 0
      vertex -6.60085 10.615 0
      vertex -6.25 10.8253 0
    endloop
  endfacet
  facet normal -0 0 -1
    outer loop
      vertex -3.74817 -2.00344 0
      vertex -11.024 -5.89246 0
      vertex -3.81171 -1.87973 0
    endloop
  endfacet
  facet normal 0 0 -1
    outer loop
      vertex -2.36117 3.53375 0
      vertex -6.94463 10.3934 0
      vertex -6.60085 10.615 0
    endloop
  endfacet
  facet normal 0 0 -1
    outer loop
      vertex -11.2109 -5.52861 0
      vertex -3.81171 -1.87973 0
      vertex -11.024 -5.89246 0
    endloop
  endfacet
  facet normal 0 0 -1
    outer loop
      vertex -2.47553 3.4546 0
      vertex -7.28097 10.1606 0
      vertex -6.94463 10.3934 0
    endloop
  endfacet
  facet normal -0 0 -1
    outer loop
      vertex -3.81171 -1.87973 0
      vertex -11.2109 -5.52861 0
      vertex -3.87117 -1.754 0
    endloop
  endfacet
  facet normal 0 0 -1
    outer loop
      vertex -2.58724 3.37175 0
      vertex -7.60952 9.91692 0
      vertex -7.28097 10.1606 0
    endloop
  endfacet
  facet normal 0 0 -1
    outer loop
      vertex -11.3858 -5.15884 0
      vertex -3.87117 -1.754 0
      vertex -11.2109 -5.52861 0
    endloop
  endfacet
  facet normal 0 0 -1
    outer loop
      vertex -2.69617 3.28529 0
      vertex -7.92992 9.66263 0
      vertex -7.60952 9.91692 0
    endloop
  endfacet
  facet normal -0 0 -1
    outer loop
      vertex -3.87117 -1.754 0
      vertex -11.3858 -5.15884 0
      vertex -3.92649 -1.6264 0
    endloop
  endfacet
  facet normal 0 0 -1
    outer loop
      vertex -2.80222 3.19532 0
      vertex -8.24182 9.398 0
      vertex -7.92992 9.66263 0
    endloop
  endfacet
  facet normal 0 0 -1
    outer loop
      vertex -11.5485 -4.78354 0
      vertex -3.92649 -1.6264 0
      vertex -11.3858 -5.15884 0
    endloop
  endfacet
  facet normal 0 0 -1
    outer loop
      vertex -2.90527 3.10192 0
      vertex -8.5449 9.1233 0
      vertex -8.24182 9.398 0
    endloop
  endfacet
  facet normal -0 0 -1
    outer loop
      vertex -3.92649 -1.6264 0
      vertex -11.5485 -4.78354 0
      vertex -3.9776 -1.49706 0
    endloop
  endfacet
  facet normal 0 0 -1
    outer loop
      vertex -3.0052 3.0052 0
      vertex -8.83883 8.83883 0
      vertex -8.5449 9.1233 0
    endloop
  endfacet
  facet normal 0 0 -1
    outer loop
      vertex -11.6988 -4.40312 0
      vertex -3.9776 -1.49706 0
      vertex -11.5485 -4.78354 0
    endloop
  endfacet
  facet normal 0 0 -1
    outer loop
      vertex -3.10192 2.90527 0
      vertex -9.1233 8.5449 0
      vertex -8.83883 8.83883 0
    endloop
  endfacet
  facet normal -0 0 -1
    outer loop
      vertex -3.9776 -1.49706 0
      vertex -11.6988 -4.40312 0
      vertex -4.02445 -1.36612 0
    endloop
  endfacet
  facet normal 0 0 -1
    outer loop
      vertex -3.19532 2.80222 0
      vertex -9.398 8.24182 0
      vertex -9.1233 8.5449 0
    endloop
  endfacet
  facet normal 0 0 -1
    outer loop
      vertex -11.8366 -4.01799 0
      vertex -4.02445 -1.36612 0
      vertex -11.6988 -4.40312 0
    endloop
  endfacet
  facet normal 0 0 -1
    outer loop
      vertex -3.28529 2.69617 0
      vertex -9.66263 7.92992 0
      vertex -9.398 8.24182 0
    endloop
  endfacet
  facet normal -0 0 -1
    outer loop
      vertex -4.02445 -1.36612 0
      vertex -11.8366 -4.01799 0
      vertex -4.067 -1.23371 0
    endloop
  endfacet
  facet normal 0 0 -1
    outer loop
      vertex -3.37175 2.58724 0
      vertex -9.91692 7.60952 0
      vertex -9.66263 7.92992 0
    endloop
  endfacet
  facet normal 0 0 -1
    outer loop
      vertex -11.9618 -3.62856 0
      vertex -4.067 -1.23371 0
      vertex -11.8366 -4.01799 0
    endloop
  endfacet
  facet normal 0 0 -1
    outer loop
      vertex -3.4546 2.47553 0
      vertex -10.1606 7.28097 0
      vertex -9.91692 7.60952 0
    endloop
  endfacet
  facet normal -0 0 -1
    outer loop
      vertex -4.067 -1.23371 0
      vertex -11.9618 -3.62856 0
      vertex -4.10518 -1.09998 0
    endloop
  endfacet
  facet normal 0 0 -1
    outer loop
      vertex -3.53375 2.36117 0
      vertex -10.3934 6.94463 0
      vertex -10.1606 7.28097 0
    endloop
  endfacet
  facet normal 0 0 -1
    outer loop
      vertex -12.0741 -3.23524 0
      vertex -4.10518 -1.09998 0
      vertex -11.9618 -3.62856 0
    endloop
  endfacet
  facet normal 0 0 -1
    outer loop
      vertex -3.60911 2.24429 0
      vertex -10.615 6.60085 0
      vertex -10.3934 6.94463 0
    endloop
  endfacet
  facet normal -0 0 -1
    outer loop
      vertex -4.10518 -1.09998 0
      vertex -12.0741 -3.23524 0
      vertex -4.13898 -0.965074 0
    endloop
  endfacet
  facet normal 0 0 -1
    outer loop
      vertex -3.68061 2.125 0
      vertex -10.8253 6.25 0
      vertex -10.615 6.60085 0
    endloop
  endfacet
  facet normal 0 0 -1
    outer loop
      vertex -12.1735 -2.83845 0
      vertex -4.13898 -0.965074 0
      vertex -12.0741 -3.23524 0
    endloop
  endfacet
  facet normal 0 0 -1
    outer loop
      vertex -3.74817 2.00344 0
      vertex -11.024 5.89246 0
      vertex -10.8253 6.25 0
    endloop
  endfacet
  facet normal -0 0 -1
    outer loop
      vertex -4.13898 -0.965074 0
      vertex -12.1735 -2.83845 0
      vertex -4.16834 -0.829133 0
    endloop
  endfacet
  facet normal 0 0 -1
    outer loop
      vertex -3.81171 1.87973 0
      vertex -11.2109 5.52861 0
      vertex -11.024 5.89246 0
    endloop
  endfacet
  facet normal 0 0 -1
    outer loop
      vertex -12.2598 -2.43863 0
      vertex -4.16834 -0.829133 0
      vertex -12.1735 -2.83845 0
    endloop
  endfacet
  facet normal 0 0 -1
    outer loop
      vertex -3.87117 1.754 0
      vertex -11.3858 5.15884 0
      vertex -11.2109 5.52861 0
    endloop
  endfacet
  facet normal -0 0 -1
    outer loop
      vertex -4.16834 -0.829133 0
      vertex -12.2598 -2.43863 0
      vertex -4.19323 -0.692306 0
    endloop
  endfacet
  facet normal 0 0 -1
    outer loop
      vertex -3.92649 1.6264 0
      vertex -11.5485 4.78354 0
      vertex -11.3858 5.15884 0
    endloop
  endfacet
  facet normal 0 0 -1
    outer loop
      vertex -12.333 -2.03619 0
      vertex -4.19323 -0.692306 0
      vertex -12.2598 -2.43863 0
    endloop
  endfacet
  facet normal 0 0 -1
    outer loop
      vertex -3.9776 1.49706 0
      vertex -11.6988 4.40312 0
      vertex -11.5485 4.78354 0
    endloop
  endfacet
  facet normal -0 0 -1
    outer loop
      vertex -4.19323 -0.692306 0
      vertex -12.333 -2.03619 0
      vertex -4.21364 -0.554736 0
    endloop
  endfacet
  facet normal 0 0 -1
    outer loop
      vertex -4.02445 1.36612 0
      vertex -11.8366 4.01799 0
      vertex -11.6988 4.40312 0
    endloop
  endfacet
  facet normal 0 0 -1
    outer loop
      vertex -12.3931 -1.63158 0
      vertex -4.21364 -0.554736 0
      vertex -12.333 -2.03619 0
    endloop
  endfacet
  facet normal 0 0 -1
    outer loop
      vertex -4.067 1.23371 0
      vertex -11.9618 3.62856 0
      vertex -11.8366 4.01799 0
    endloop
  endfacet
  facet normal -0 0 -1
    outer loop
      vertex -4.21364 -0.554736 0
      vertex -12.3931 -1.63158 0
      vertex -4.22953 -0.416573 0
    endloop
  endfacet
  facet normal 0 0 -1
    outer loop
      vertex -4.10518 1.09998 0
      vertex -12.0741 3.23524 0
      vertex -11.9618 3.62856 0
    endloop
  endfacet
  facet normal 0 0 -1
    outer loop
      vertex -12.4398 -1.22521 0
      vertex -4.22953 -0.416573 0
      vertex -12.3931 -1.63158 0
    endloop
  endfacet
  facet normal 0 0 -1
    outer loop
      vertex -4.13898 0.965074 0
      vertex -12.1735 2.83845 0
      vertex -12.0741 3.23524 0
    endloop
  endfacet
  facet normal -0 0 -1
    outer loop
      vertex -4.22953 -0.416573 0
      vertex -12.4398 -1.22521 0
      vertex -4.2409 -0.277963 0
    endloop
  endfacet
  facet normal 0 0 -1
    outer loop
      vertex -4.16834 0.829133 0
      vertex -12.2598 2.43863 0
      vertex -12.1735 2.83845 0
    endloop
  endfacet
  facet normal 0 0 -1
    outer loop
      vertex -12.4732 -0.817538 0
      vertex -4.2409 -0.277963 0
      vertex -12.4398 -1.22521 0
    endloop
  endfacet
  facet normal 0 0 -1
    outer loop
      vertex -4.19323 0.692306 0
      vertex -12.333 2.03619 0
      vertex -12.2598 2.43863 0
    endloop
  endfacet
  facet normal -0 0 -1
    outer loop
      vertex -4.2409 -0.277963 0
      vertex -12.4732 -0.817538 0
      vertex -4.24772 -0.139055 0
    endloop
  endfacet
  facet normal 0 0 -1
    outer loop
      vertex -4.21364 0.554736 0
      vertex -12.3931 1.63158 0
      vertex -12.333 2.03619 0
    endloop
  endfacet
  facet normal 0 0 -1
    outer loop
      vertex -12.4933 -0.408988 0
      vertex -4.24772 -0.139055 0
      vertex -12.4732 -0.817538 0
    endloop
  endfacet
  facet normal 0 0 -1
    outer loop
      vertex -4.22953 0.416573 0
      vertex -12.4398 1.22521 0
      vertex -12.3931 1.63158 0
    endloop
  endfacet
  facet normal -0 0 -1
    outer loop
      vertex -4.24772 -0.139055 0
      vertex -12.4933 -0.408988 0
      vertex -4.25 0 0
    endloop
  endfacet
  facet normal 0 0 -1
    outer loop
      vertex -4.2409 0.277963 0
      vertex -12.4732 0.817538 0
      vertex -12.4398 1.22521 0
    endloop
  endfacet
  facet normal 0 0 -1
    outer loop
      vertex -12.5 0 0
      vertex -4.25 0 0
      vertex -12.4933 -0.408988 0
    endloop
  endfacet
  facet normal 0 0 -1
    outer loop
      vertex -4.24772 0.139055 0
      vertex -12.4933 0.408988 0
      vertex -12.4732 0.817538 0
    endloop
  endfacet
  facet normal 0 0 -1
    outer loop
      vertex -4.25 0 0
      vertex -12.5 0 0
      vertex -12.4933 0.408988 0
    endloop
  endfacet
  facet normal 0.93001 -0.367535 0
    outer loop
      vertex 8.86924 -3.67376 10.4
      vertex 8.9847 -3.3816 2.6
      vertex 8.9847 -3.3816 10.4
    endloop
  endfacet
  facet normal 0.93001 -0.367535 0
    outer loop
      vertex 8.9847 -3.3816 2.6
      vertex 8.86924 -3.67376 10.4
      vertex 8.86924 -3.67376 2.6
    endloop
  endfacet
  facet normal -0.977461 0.211116 0
    outer loop
      vertex -9.41554 1.87287 2.6
      vertex -9.34922 2.17993 10.4
      vertex -9.34922 2.17993 2.6
    endloop
  endfacet
  facet normal -0.977461 0.211116 0
    outer loop
      vertex -9.34922 2.17993 10.4
      vertex -9.41554 1.87287 2.6
      vertex -9.41554 1.87287 10.4
    endloop
  endfacet
  facet normal 0.514098 0.857732 -0
    outer loop
      vertex 5.06945 8.15234 2.6
      vertex 4.8 8.31384 10.4
      vertex 5.06945 8.15234 10.4
    endloop
  endfacet
  facet normal 0.514098 0.857732 0
    outer loop
      vertex 4.8 8.31384 10.4
      vertex 5.06945 8.15234 2.6
      vertex 4.8 8.31384 2.6
    endloop
  endfacet
  facet normal -0.718568 0.695457 0
    outer loop
      vertex -7.00669 6.56249 2.6
      vertex -6.78822 6.78822 10.4
      vertex -6.78822 6.78822 2.6
    endloop
  endfacet
  facet normal -0.718568 0.695457 0
    outer loop
      vertex -6.78822 6.78822 10.4
      vertex -7.00669 6.56249 2.6
      vertex -7.00669 6.56249 10.4
    endloop
  endfacet
  facet normal -0.646951 0.762532 0
    outer loop
      vertex -6.09017 7.4209 2.6
      vertex -6.32972 7.21766 10.4
      vertex -6.09017 7.4209 10.4
    endloop
  endfacet
  facet normal -0.646951 0.762532 0
    outer loop
      vertex -6.32972 7.21766 10.4
      vertex -6.09017 7.4209 2.6
      vertex -6.32972 7.21766 2.6
    endloop
  endfacet
  facet normal -0.485765 -0.87409 0
    outer loop
      vertex -4.8 -8.31384 2.6
      vertex -4.52541 -8.46644 10.4
      vertex -4.8 -8.31384 10.4
    endloop
  endfacet
  facet normal -0.485765 -0.87409 -0
    outer loop
      vertex -4.52541 -8.46644 10.4
      vertex -4.8 -8.31384 2.6
      vertex -4.52541 -8.46644 2.6
    endloop
  endfacet
  facet normal -0.740952 -0.671558 0
    outer loop
      vertex -7.00669 -6.56249 2.6
      vertex -7.21766 -6.32972 10.4
      vertex -7.21766 -6.32972 2.6
    endloop
  endfacet
  facet normal -0.740952 -0.671558 0
    outer loop
      vertex -7.21766 -6.32972 10.4
      vertex -7.00669 -6.56249 2.6
      vertex -7.00669 -6.56249 10.4
    endloop
  endfacet
  facet normal -0.941546 0.336885 0
    outer loop
      vertex -9.09053 3.08582 2.6
      vertex -8.9847 3.3816 10.4
      vertex -8.9847 3.3816 2.6
    endloop
  endfacet
  facet normal -0.941546 0.336885 0
    outer loop
      vertex -8.9847 3.3816 10.4
      vertex -9.09053 3.08582 2.6
      vertex -9.09053 3.08582 10.4
    endloop
  endfacet
  facet normal -0.427548 0.903992 0
    outer loop
      vertex -3.96199 8.74429 2.6
      vertex -4.24597 8.60998 10.4
      vertex -3.96199 8.74429 10.4
    endloop
  endfacet
  facet normal -0.427548 0.903992 0
    outer loop
      vertex -4.24597 8.60998 10.4
      vertex -3.96199 8.74429 2.6
      vertex -4.24597 8.60998 2.6
    endloop
  endfacet
  facet normal -0.740952 0.671558 0
    outer loop
      vertex -7.21766 6.32972 2.6
      vertex -7.00669 6.56249 10.4
      vertex -7.00669 6.56249 2.6
    endloop
  endfacet
  facet normal -0.740952 0.671558 0
    outer loop
      vertex -7.00669 6.56249 10.4
      vertex -7.21766 6.32972 2.6
      vertex -7.21766 6.32972 10.4
    endloop
  endfacet
  facet normal -0.305905 0.952062 0
    outer loop
      vertex -2.78673 9.18663 2.6
      vertex -3.08582 9.09053 10.4
      vertex -2.78673 9.18663 10.4
    endloop
  endfacet
  facet normal -0.305905 0.952062 0
    outer loop
      vertex -3.08582 9.09053 10.4
      vertex -2.78673 9.18663 2.6
      vertex -3.08582 9.09053 2.6
    endloop
  endfacet
  facet normal -0.762532 -0.646951 0
    outer loop
      vertex -7.21766 -6.32972 2.6
      vertex -7.4209 -6.09017 10.4
      vertex -7.4209 -6.09017 2.6
    endloop
  endfacet
  facet normal -0.762532 -0.646951 0
    outer loop
      vertex -7.4209 -6.09017 10.4
      vertex -7.21766 -6.32972 2.6
      vertex -7.21766 -6.32972 10.4
    endloop
  endfacet
  facet normal -0.695457 -0.718568 0
    outer loop
      vertex -6.78822 -6.78822 2.6
      vertex -6.56249 -7.00669 10.4
      vertex -6.78822 -6.78822 10.4
    endloop
  endfacet
  facet normal -0.695457 -0.718568 -0
    outer loop
      vertex -6.56249 -7.00669 10.4
      vertex -6.78822 -6.78822 2.6
      vertex -6.56249 -7.00669 2.6
    endloop
  endfacet
  facet normal -0.822277 -0.569087 0
    outer loop
      vertex -7.80333 -5.59179 2.6
      vertex -7.98211 -5.33347 10.4
      vertex -7.98211 -5.33347 2.6
    endloop
  endfacet
  facet normal -0.822277 -0.569087 0
    outer loop
      vertex -7.98211 -5.33347 10.4
      vertex -7.80333 -5.59179 2.6
      vertex -7.80333 -5.59179 10.4
    endloop
  endfacet
  facet normal -0.274587 -0.961562 0
    outer loop
      vertex -2.78673 -9.18663 2.6
      vertex -2.48466 -9.27289 10.4
      vertex -2.78673 -9.18663 10.4
    endloop
  endfacet
  facet normal -0.274587 -0.961562 -0
    outer loop
      vertex -2.48466 -9.27289 10.4
      vertex -2.78673 -9.18663 2.6
      vertex -2.48466 -9.27289 2.6
    endloop
  endfacet
  facet normal -0.998795 0.0490855 0
    outer loop
      vertex -9.59486 0.314103 2.6
      vertex -9.57944 0.62787 10.4
      vertex -9.57944 0.62787 2.6
    endloop
  endfacet
  facet normal -0.998795 0.0490855 0
    outer loop
      vertex -9.57944 0.62787 10.4
      vertex -9.59486 0.314103 2.6
      vertex -9.59486 0.314103 10.4
    endloop
  endfacet
  facet normal -0.456915 0.88951 0
    outer loop
      vertex -4.24597 8.60998 2.6
      vertex -4.52541 8.46644 10.4
      vertex -4.24597 8.60998 10.4
    endloop
  endfacet
  facet normal -0.456915 0.88951 0
    outer loop
      vertex -4.52541 8.46644 10.4
      vertex -4.24597 8.60998 2.6
      vertex -4.52541 8.46644 2.6
    endloop
  endfacet
  facet normal -0.54189 -0.84045 0
    outer loop
      vertex -5.33347 -7.98211 2.6
      vertex -5.06945 -8.15234 10.4
      vertex -5.33347 -7.98211 10.4
    endloop
  endfacet
  facet normal -0.54189 -0.84045 -0
    outer loop
      vertex -5.06945 -8.15234 10.4
      vertex -5.33347 -7.98211 2.6
      vertex -5.06945 -8.15234 2.6
    endloop
  endfacet
  facet normal 0.242978 0.970032 -0
    outer loop
      vertex 2.48466 9.27289 2.6
      vertex 2.17993 9.34922 10.4
      vertex 2.48466 9.27289 10.4
    endloop
  endfacet
  facet normal 0.242978 0.970032 0
    outer loop
      vertex 2.17993 9.34922 10.4
      vertex 2.48466 9.27289 2.6
      vertex 2.17993 9.34922 2.6
    endloop
  endfacet
  facet normal 0.646951 -0.762532 0
    outer loop
      vertex 6.09017 -7.4209 2.6
      vertex 6.32972 -7.21766 10.4
      vertex 6.09017 -7.4209 10.4
    endloop
  endfacet
  facet normal 0.646951 -0.762532 0
    outer loop
      vertex 6.32972 -7.21766 10.4
      vertex 6.09017 -7.4209 2.6
      vertex 6.32972 -7.21766 2.6
    endloop
  endfacet
  facet normal -0.917497 -0.397742 0
    outer loop
      vertex -8.74429 -3.96199 2.6
      vertex -8.86924 -3.67376 10.4
      vertex -8.86924 -3.67376 2.6
    endloop
  endfacet
  facet normal -0.917497 -0.397742 0
    outer loop
      vertex -8.86924 -3.67376 10.4
      vertex -8.74429 -3.96199 2.6
      vertex -8.74429 -3.96199 10.4
    endloop
  endfacet
  facet normal -0.242978 -0.970032 0
    outer loop
      vertex -2.48466 -9.27289 2.6
      vertex -2.17993 -9.34922 10.4
      vertex -2.48466 -9.27289 10.4
    endloop
  endfacet
  facet normal -0.242978 -0.970032 -0
    outer loop
      vertex -2.17993 -9.34922 10.4
      vertex -2.48466 -9.27289 2.6
      vertex -2.17993 -9.34922 2.6
    endloop
  endfacet
  facet normal -0.88951 -0.456915 0
    outer loop
      vertex -8.46644 -4.52541 2.6
      vertex -8.60998 -4.24597 10.4
      vertex -8.60998 -4.24597 2.6
    endloop
  endfacet
  facet normal -0.88951 -0.456915 0
    outer loop
      vertex -8.60998 -4.24597 10.4
      vertex -8.46644 -4.52541 2.6
      vertex -8.46644 -4.52541 10.4
    endloop
  endfacet
  facet normal -0.941546 -0.336885 0
    outer loop
      vertex -8.9847 -3.3816 2.6
      vertex -9.09053 -3.08582 10.4
      vertex -9.09053 -3.08582 2.6
    endloop
  endfacet
  facet normal -0.941546 -0.336885 0
    outer loop
      vertex -9.09053 -3.08582 10.4
      vertex -8.9847 -3.3816 2.6
      vertex -8.9847 -3.3816 10.4
    endloop
  endfacet
  facet normal 0.718568 -0.695457 0
    outer loop
      vertex 6.78822 -6.78822 10.4
      vertex 7.00669 -6.56249 2.6
      vertex 7.00669 -6.56249 10.4
    endloop
  endfacet
  facet normal 0.718568 -0.695457 0
    outer loop
      vertex 7.00669 -6.56249 2.6
      vertex 6.78822 -6.78822 10.4
      vertex 6.78822 -6.78822 2.6
    endloop
  endfacet
  facet normal -0.0163619 -0.999866 0
    outer loop
      vertex -0.314103 -9.59486 2.6
      vertex 0 -9.6 10.4
      vertex -0.314103 -9.59486 10.4
    endloop
  endfacet
  facet normal -0.0163619 -0.999866 -0
    outer loop
      vertex 0 -9.6 10.4
      vertex -0.314103 -9.59486 2.6
      vertex 0 -9.6 2.6
    endloop
  endfacet
  facet normal -0.952062 0.305905 0
    outer loop
      vertex -9.18663 2.78673 2.6
      vertex -9.09053 3.08582 10.4
      vertex -9.09053 3.08582 2.6
    endloop
  endfacet
  facet normal -0.952062 0.305905 0
    outer loop
      vertex -9.09053 3.08582 10.4
      vertex -9.18663 2.78673 2.6
      vertex -9.18663 2.78673 10.4
    endloop
  endfacet
  facet normal 0.762532 0.646951 0
    outer loop
      vertex 7.4209 6.09017 10.4
      vertex 7.21766 6.32972 2.6
      vertex 7.21766 6.32972 10.4
    endloop
  endfacet
  facet normal 0.762532 0.646951 0
    outer loop
      vertex 7.21766 6.32972 2.6
      vertex 7.4209 6.09017 10.4
      vertex 7.4209 6.09017 2.6
    endloop
  endfacet
  facet normal 0.917497 -0.397742 0
    outer loop
      vertex 8.74429 -3.96199 10.4
      vertex 8.86924 -3.67376 2.6
      vertex 8.86924 -3.67376 10.4
    endloop
  endfacet
  facet normal 0.917497 -0.397742 0
    outer loop
      vertex 8.86924 -3.67376 2.6
      vertex 8.74429 -3.96199 10.4
      vertex 8.74429 -3.96199 2.6
    endloop
  endfacet
  facet normal 0.695457 -0.718568 0
    outer loop
      vertex 6.56249 -7.00669 2.6
      vertex 6.78822 -6.78822 10.4
      vertex 6.56249 -7.00669 10.4
    endloop
  endfacet
  facet normal 0.695457 -0.718568 0
    outer loop
      vertex 6.78822 -6.78822 10.4
      vertex 6.56249 -7.00669 2.6
      vertex 6.78822 -6.78822 2.6
    endloop
  endfacet
  facet normal -0.857732 0.514098 0
    outer loop
      vertex -8.31384 4.8 2.6
      vertex -8.15234 5.06945 10.4
      vertex -8.15234 5.06945 2.6
    endloop
  endfacet
  facet normal -0.857732 0.514098 0
    outer loop
      vertex -8.15234 5.06945 10.4
      vertex -8.31384 4.8 2.6
      vertex -8.31384 4.8 10.4
    endloop
  endfacet
  facet normal -0.427548 -0.903992 0
    outer loop
      vertex -4.24597 -8.60998 2.6
      vertex -3.96199 -8.74429 10.4
      vertex -4.24597 -8.60998 10.4
    endloop
  endfacet
  facet normal -0.427548 -0.903992 -0
    outer loop
      vertex -3.96199 -8.74429 10.4
      vertex -4.24597 -8.60998 2.6
      vertex -3.96199 -8.74429 2.6
    endloop
  endfacet
  facet normal -0.569087 -0.822277 0
    outer loop
      vertex -5.59179 -7.80333 2.6
      vertex -5.33347 -7.98211 10.4
      vertex -5.59179 -7.80333 10.4
    endloop
  endfacet
  facet normal -0.569087 -0.822277 -0
    outer loop
      vertex -5.33347 -7.98211 10.4
      vertex -5.59179 -7.80333 2.6
      vertex -5.33347 -7.98211 2.6
    endloop
  endfacet
  facet normal -0.514098 -0.857732 0
    outer loop
      vertex -5.06945 -8.15234 2.6
      vertex -4.8 -8.31384 10.4
      vertex -5.06945 -8.15234 10.4
    endloop
  endfacet
  facet normal -0.514098 -0.857732 -0
    outer loop
      vertex -4.8 -8.31384 10.4
      vertex -5.06945 -8.15234 2.6
      vertex -4.8 -8.31384 2.6
    endloop
  endfacet
  facet normal 0.998792 0.049139 0
    outer loop
      vertex 12.4933 0.408988 1.6
      vertex 12.4732 0.817538 0
      vertex 12.4732 0.817538 1.6
    endloop
  endfacet
  facet normal 0.998792 0.049139 0
    outer loop
      vertex 12.4732 0.817538 0
      vertex 12.4933 0.408988 1.6
      vertex 12.4933 0.408988 0
    endloop
  endfacet
  facet normal 0.999866 0.0163797 0
    outer loop
      vertex 12.5 0 1.6
      vertex 12.4933 0.408988 0
      vertex 12.4933 0.408988 1.6
    endloop
  endfacet
  facet normal 0.999866 0.0163797 0
    outer loop
      vertex 12.4933 0.408988 0
      vertex 12.5 0 1.6
      vertex 12.5 0 0
    endloop
  endfacet
  facet normal 0.996661 0.081655 0
    outer loop
      vertex 12.4732 0.817538 1.6
      vertex 12.4398 1.22521 0
      vertex 12.4398 1.22521 1.6
    endloop
  endfacet
  facet normal 0.996661 0.081655 0
    outer loop
      vertex 12.4398 1.22521 0
      vertex 12.4732 0.817538 1.6
      vertex 12.4732 0.817538 0
    endloop
  endfacet
  facet normal -0.977489 0.210988 0
    outer loop
      vertex -12.2598 2.43863 0
      vertex -12.1735 2.83845 1.6
      vertex -12.1735 2.83845 0
    endloop
  endfacet
  facet normal -0.977489 0.210988 0
    outer loop
      vertex -12.1735 2.83845 1.6
      vertex -12.2598 2.43863 0
      vertex -12.2598 2.43863 1.6
    endloop
  endfacet
  facet normal -0.485767 0.874088 0
    outer loop
      vertex -5.89246 11.024 0
      vertex -6.25 10.8253 1.6
      vertex -5.89246 11.024 1.6
    endloop
  endfacet
  facet normal -0.485767 0.874088 0
    outer loop
      vertex -6.25 10.8253 1.6
      vertex -5.89246 11.024 0
      vertex -6.25 10.8253 0
    endloop
  endfacet
  facet normal -0.961574 -0.274547 0
    outer loop
      vertex -11.9618 -3.62856 0
      vertex -12.0741 -3.23524 1.6
      vertex -12.0741 -3.23524 0
    endloop
  endfacet
  facet normal -0.961574 -0.274547 0
    outer loop
      vertex -12.0741 -3.23524 1.6
      vertex -11.9618 -3.62856 0
      vertex -11.9618 -3.62856 1.6
    endloop
  endfacet
  facet normal -0.456917 -0.889509 0
    outer loop
      vertex -5.89246 -11.024 0
      vertex -5.52861 -11.2109 1.6
      vertex -5.89246 -11.024 1.6
    endloop
  endfacet
  facet normal -0.456917 -0.889509 -0
    outer loop
      vertex -5.52861 -11.2109 1.6
      vertex -5.89246 -11.024 0
      vertex -5.52861 -11.2109 0
    endloop
  endfacet
  facet normal 0.178954 0.983857 -0
    outer loop
      vertex 2.43863 12.2598 0
      vertex 2.03619 12.333 1.6
      vertex 2.43863 12.2598 1.6
    endloop
  endfacet
  facet normal 0.178954 0.983857 0
    outer loop
      vertex 2.03619 12.333 1.6
      vertex 2.43863 12.2598 0
      vertex 2.03619 12.333 0
    endloop
  endfacet
  facet normal -0.840512 -0.541793 0
    outer loop
      vertex -10.3934 -6.94463 0
      vertex -10.615 -6.60085 1.6
      vertex -10.615 -6.60085 0
    endloop
  endfacet
  facet normal -0.840512 -0.541793 0
    outer loop
      vertex -10.615 -6.60085 1.6
      vertex -10.3934 -6.94463 0
      vertex -10.3934 -6.94463 1.6
    endloop
  endfacet
  facet normal -0.36745 0.930043 0
    outer loop
      vertex -4.40312 11.6988 0
      vertex -4.78354 11.5485 1.6
      vertex -4.40312 11.6988 1.6
    endloop
  endfacet
  facet normal -0.36745 0.930043 0
    outer loop
      vertex -4.78354 11.5485 1.6
      vertex -4.40312 11.6988 0
      vertex -4.78354 11.5485 0
    endloop
  endfacet
  facet normal 0.95201 -0.306067 0
    outer loop
      vertex 11.8366 -4.01799 1.6
      vertex 11.9618 -3.62856 0
      vertex 11.9618 -3.62856 1.6
    endloop
  endfacet
  facet normal 0.95201 -0.306067 0
    outer loop
      vertex 11.9618 -3.62856 0
      vertex 11.8366 -4.01799 1.6
      vertex 11.8366 -4.01799 0
    endloop
  endfacet
  facet normal -0.917493 -0.397752 0
    outer loop
      vertex -11.3858 -5.15884 0
      vertex -11.5485 -4.78354 1.6
      vertex -11.5485 -4.78354 0
    endloop
  endfacet
  facet normal -0.917493 -0.397752 0
    outer loop
      vertex -11.5485 -4.78354 1.6
      vertex -11.3858 -5.15884 0
      vertex -11.3858 -5.15884 1.6
    endloop
  endfacet
  facet normal 0.989147 -0.146926 0
    outer loop
      vertex 12.333 -2.03619 1.6
      vertex 12.3931 -1.63158 0
      vertex 12.3931 -1.63158 1.6
    endloop
  endfacet
  facet normal 0.989147 -0.146926 0
    outer loop
      vertex 12.3931 -1.63158 0
      vertex 12.333 -2.03619 1.6
      vertex 12.333 -2.03619 0
    endloop
  endfacet
  facet normal 0.762524 -0.64696 0
    outer loop
      vertex 9.398 -8.24182 1.6
      vertex 9.66263 -7.92992 0
      vertex 9.66263 -7.92992 1.6
    endloop
  endfacet
  facet normal 0.762524 -0.64696 0
    outer loop
      vertex 9.66263 -7.92992 0
      vertex 9.398 -8.24182 1.6
      vertex 9.398 -8.24182 0
    endloop
  endfacet
  facet normal -0.930043 -0.36745 0
    outer loop
      vertex -11.5485 -4.78354 0
      vertex -11.6988 -4.40312 1.6
      vertex -11.6988 -4.40312 0
    endloop
  endfacet
  facet normal -0.930043 -0.36745 0
    outer loop
      vertex -11.6988 -4.40312 1.6
      vertex -11.5485 -4.78354 0
      vertex -11.5485 -4.78354 1.6
    endloop
  endfacet
  facet normal -0.049139 -0.998792 0
    outer loop
      vertex -0.817538 -12.4732 0
      vertex -0.408988 -12.4933 1.6
      vertex -0.817538 -12.4732 1.6
    endloop
  endfacet
  facet normal -0.049139 -0.998792 -0
    outer loop
      vertex -0.408988 -12.4933 1.6
      vertex -0.817538 -12.4732 0
      vertex -0.408988 -12.4933 0
    endloop
  endfacet
  facet normal 0.0163797 -0.999866 0
    outer loop
      vertex 0 -12.5 0
      vertex 0.408988 -12.4933 1.6
      vertex 0 -12.5 1.6
    endloop
  endfacet
  facet normal 0.0163797 -0.999866 0
    outer loop
      vertex 0.408988 -12.4933 1.6
      vertex 0 -12.5 0
      vertex 0.408988 -12.4933 0
    endloop
  endfacet
  facet normal -0.146926 -0.989147 0
    outer loop
      vertex -2.03619 -12.333 0
      vertex -1.63158 -12.3931 1.6
      vertex -2.03619 -12.333 1.6
    endloop
  endfacet
  facet normal -0.146926 -0.989147 -0
    outer loop
      vertex -1.63158 -12.3931 1.6
      vertex -2.03619 -12.333 0
      vertex -1.63158 -12.3931 0
    endloop
  endfacet
  facet normal 0.243002 0.970026 -0
    outer loop
      vertex 3.23524 12.0741 0
      vertex 2.83845 12.1735 1.6
      vertex 3.23524 12.0741 1.6
    endloop
  endfacet
  facet normal 0.243002 0.970026 0
    outer loop
      vertex 2.83845 12.1735 1.6
      vertex 3.23524 12.0741 0
      vertex 2.83845 12.1735 0
    endloop
  endfacet
  facet normal -0.82225 0.569126 0
    outer loop
      vertex -10.3934 6.94463 0
      vertex -10.1606 7.28097 1.6
      vertex -10.1606 7.28097 0
    endloop
  endfacet
  facet normal -0.82225 0.569126 0
    outer loop
      vertex -10.1606 7.28097 1.6
      vertex -10.3934 6.94463 0
      vertex -10.3934 6.94463 1.6
    endloop
  endfacet
  facet normal -0.146926 0.989147 0
    outer loop
      vertex -1.63158 12.3931 0
      vertex -2.03619 12.333 1.6
      vertex -1.63158 12.3931 1.6
    endloop
  endfacet
  facet normal -0.146926 0.989147 0
    outer loop
      vertex -2.03619 12.333 1.6
      vertex -1.63158 12.3931 0
      vertex -2.03619 12.333 0
    endloop
  endfacet
  facet normal -0.081655 -0.996661 0
    outer loop
      vertex -1.22521 -12.4398 0
      vertex -0.817538 -12.4732 1.6
      vertex -1.22521 -12.4398 1.6
    endloop
  endfacet
  facet normal -0.081655 -0.996661 -0
    outer loop
      vertex -0.817538 -12.4732 1.6
      vertex -1.22521 -12.4398 0
      vertex -0.817538 -12.4732 0
    endloop
  endfacet
  facet normal 0.718576 0.695449 0
    outer loop
      vertex 9.1233 8.5449 1.6
      vertex 8.83883 8.83883 0
      vertex 8.83883 8.83883 1.6
    endloop
  endfacet
  facet normal 0.718576 0.695449 0
    outer loop
      vertex 8.83883 8.83883 0
      vertex 9.1233 8.5449 1.6
      vertex 9.1233 8.5449 0
    endloop
  endfacet
  facet normal -0.114168 0.993461 0
    outer loop
      vertex -1.22521 12.4398 0
      vertex -1.63158 12.3931 1.6
      vertex -1.22521 12.4398 1.6
    endloop
  endfacet
  facet normal -0.114168 0.993461 0
    outer loop
      vertex -1.63158 12.3931 1.6
      vertex -1.22521 12.4398 0
      vertex -1.63158 12.3931 0
    endloop
  endfacet
  facet normal 0.82225 0.569126 0
    outer loop
      vertex 10.3934 6.94463 1.6
      vertex 10.1606 7.28097 0
      vertex 10.1606 7.28097 1.6
    endloop
  endfacet
  facet normal 0.82225 0.569126 0
    outer loop
      vertex 10.1606 7.28097 0
      vertex 10.3934 6.94463 1.6
      vertex 10.3934 6.94463 0
    endloop
  endfacet
  facet normal 0.889509 0.456917 0
    outer loop
      vertex 11.2109 5.52861 1.6
      vertex 11.024 5.89246 0
      vertex 11.024 5.89246 1.6
    endloop
  endfacet
  facet normal 0.889509 0.456917 0
    outer loop
      vertex 11.024 5.89246 0
      vertex 11.2109 5.52861 1.6
      vertex 11.2109 5.52861 0
    endloop
  endfacet
  facet normal 0.081655 -0.996661 0
    outer loop
      vertex 0.817538 -12.4732 0
      vertex 1.22521 -12.4398 1.6
      vertex 0.817538 -12.4732 1.6
    endloop
  endfacet
  facet normal 0.081655 -0.996661 0
    outer loop
      vertex 1.22521 -12.4398 1.6
      vertex 0.817538 -12.4732 0
      vertex 1.22521 -12.4398 0
    endloop
  endfacet
  facet normal 0.996661 -0.081655 0
    outer loop
      vertex 12.4398 -1.22521 1.6
      vertex 12.4732 -0.817538 0
      vertex 12.4732 -0.817538 1.6
    endloop
  endfacet
  facet normal 0.996661 -0.081655 0
    outer loop
      vertex 12.4732 -0.817538 0
      vertex 12.4398 -1.22521 1.6
      vertex 12.4398 -1.22521 0
    endloop
  endfacet
  facet normal 0.695449 0.718576 -0
    outer loop
      vertex 8.83883 8.83883 0
      vertex 8.5449 9.1233 1.6
      vertex 8.83883 8.83883 1.6
    endloop
  endfacet
  facet normal 0.695449 0.718576 0
    outer loop
      vertex 8.5449 9.1233 1.6
      vertex 8.83883 8.83883 0
      vertex 8.5449 9.1233 0
    endloop
  endfacet
  facet normal 0.783284 0.621664 0
    outer loop
      vertex 9.91692 7.60952 1.6
      vertex 9.66263 7.92992 0
      vertex 9.66263 7.92992 1.6
    endloop
  endfacet
  facet normal 0.783284 0.621664 0
    outer loop
      vertex 9.66263 7.92992 0
      vertex 9.91692 7.60952 1.6
      vertex 9.91692 7.60952 0
    endloop
  endfacet
  facet normal -0.621664 -0.783284 0
    outer loop
      vertex -7.92992 -9.66263 0
      vertex -7.60952 -9.91692 1.6
      vertex -7.92992 -9.66263 1.6
    endloop
  endfacet
  facet normal -0.621664 -0.783284 -0
    outer loop
      vertex -7.60952 -9.91692 1.6
      vertex -7.92992 -9.66263 0
      vertex -7.60952 -9.91692 0
    endloop
  endfacet
  facet normal 0.456917 -0.889509 0
    outer loop
      vertex 5.52861 -11.2109 0
      vertex 5.89246 -11.024 1.6
      vertex 5.52861 -11.2109 1.6
    endloop
  endfacet
  facet normal 0.456917 -0.889509 0
    outer loop
      vertex 5.89246 -11.024 1.6
      vertex 5.52861 -11.2109 0
      vertex 5.89246 -11.024 0
    endloop
  endfacet
  facet normal -0.970026 0.243002 0
    outer loop
      vertex -12.1735 2.83845 0
      vertex -12.0741 3.23524 1.6
      vertex -12.0741 3.23524 0
    endloop
  endfacet
  facet normal -0.970026 0.243002 0
    outer loop
      vertex -12.0741 3.23524 1.6
      vertex -12.1735 2.83845 0
      vertex -12.1735 2.83845 1.6
    endloop
  endfacet
  facet normal 0.95201 0.306067 0
    outer loop
      vertex 11.9618 3.62856 1.6
      vertex 11.8366 4.01799 0
      vertex 11.8366 4.01799 1.6
    endloop
  endfacet
  facet normal 0.95201 0.306067 0
    outer loop
      vertex 11.8366 4.01799 0
      vertex 11.9618 3.62856 1.6
      vertex 11.9618 3.62856 0
    endloop
  endfacet
  facet normal 0.541793 -0.840512 0
    outer loop
      vertex 6.60085 -10.615 0
      vertex 6.94463 -10.3934 1.6
      vertex 6.60085 -10.615 1.6
    endloop
  endfacet
  facet normal 0.541793 -0.840512 0
    outer loop
      vertex 6.94463 -10.3934 1.6
      vertex 6.60085 -10.615 0
      vertex 6.94463 -10.3934 0
    endloop
  endfacet
  facet normal 0.903978 -0.427579 0
    outer loop
      vertex 11.2109 -5.52861 1.6
      vertex 11.3858 -5.15884 0
      vertex 11.3858 -5.15884 1.6
    endloop
  endfacet
  facet normal 0.903978 -0.427579 0
    outer loop
      vertex 11.3858 -5.15884 0
      vertex 11.2109 -5.52861 1.6
      vertex 11.2109 -5.52861 0
    endloop
  endfacet
  facet normal 0.998792 -0.049139 0
    outer loop
      vertex 12.4732 -0.817538 1.6
      vertex 12.4933 -0.408988 0
      vertex 12.4933 -0.408988 1.6
    endloop
  endfacet
  facet normal 0.998792 -0.049139 0
    outer loop
      vertex 12.4933 -0.408988 0
      vertex 12.4732 -0.817538 1.6
      vertex 12.4732 -0.817538 0
    endloop
  endfacet
  facet normal 0.993461 0.114168 0
    outer loop
      vertex 12.4398 1.22521 1.6
      vertex 12.3931 1.63158 0
      vertex 12.3931 1.63158 1.6
    endloop
  endfacet
  facet normal 0.993461 0.114168 0
    outer loop
      vertex 12.3931 1.63158 0
      vertex 12.4398 1.22521 1.6
      vertex 12.4398 1.22521 0
    endloop
  endfacet
  facet normal 0.397752 0.917493 -0
    outer loop
      vertex 5.15884 11.3858 0
      vertex 4.78354 11.5485 1.6
      vertex 5.15884 11.3858 1.6
    endloop
  endfacet
  facet normal 0.397752 0.917493 0
    outer loop
      vertex 4.78354 11.5485 1.6
      vertex 5.15884 11.3858 0
      vertex 4.78354 11.5485 0
    endloop
  endfacet
  facet normal 0.840512 0.541793 0
    outer loop
      vertex 10.615 6.60085 1.6
      vertex 10.3934 6.94463 0
      vertex 10.3934 6.94463 1.6
    endloop
  endfacet
  facet normal 0.840512 0.541793 0
    outer loop
      vertex 10.3934 6.94463 0
      vertex 10.615 6.60085 1.6
      vertex 10.615 6.60085 0
    endloop
  endfacet
  facet normal -0.695449 -0.718576 0
    outer loop
      vertex -8.83883 -8.83883 0
      vertex -8.5449 -9.1233 1.6
      vertex -8.83883 -8.83883 1.6
    endloop
  endfacet
  facet normal -0.695449 -0.718576 -0
    outer loop
      vertex -8.5449 -9.1233 1.6
      vertex -8.83883 -8.83883 0
      vertex -8.5449 -9.1233 0
    endloop
  endfacet
  facet normal 0.961574 -0.274547 0
    outer loop
      vertex 11.9618 -3.62856 1.6
      vertex 12.0741 -3.23524 0
      vertex 12.0741 -3.23524 1.6
    endloop
  endfacet
  facet normal 0.961574 -0.274547 0
    outer loop
      vertex 12.0741 -3.23524 0
      vertex 11.9618 -3.62856 1.6
      vertex 11.9618 -3.62856 0
    endloop
  endfacet
  facet normal -0.306067 -0.95201 0
    outer loop
      vertex -4.01799 -11.8366 0
      vertex -3.62856 -11.9618 1.6
      vertex -4.01799 -11.8366 1.6
    endloop
  endfacet
  facet normal -0.306067 -0.95201 -0
    outer loop
      vertex -3.62856 -11.9618 1.6
      vertex -4.01799 -11.8366 0
      vertex -3.62856 -11.9618 0
    endloop
  endfacet
  facet normal -0.998792 -0.049139 0
    outer loop
      vertex -12.4732 -0.817538 0
      vertex -12.4933 -0.408988 1.6
      vertex -12.4933 -0.408988 0
    endloop
  endfacet
  facet normal -0.998792 -0.049139 0
    outer loop
      vertex -12.4933 -0.408988 1.6
      vertex -12.4732 -0.817538 0
      vertex -12.4732 -0.817538 1.6
    endloop
  endfacet
  facet normal 0.941545 -0.336886 0
    outer loop
      vertex 11.6988 -4.40312 1.6
      vertex 11.8366 -4.01799 0
      vertex 11.8366 -4.01799 1.6
    endloop
  endfacet
  facet normal 0.941545 -0.336886 0
    outer loop
      vertex 11.8366 -4.01799 0
      vertex 11.6988 -4.40312 1.6
      vertex 11.6988 -4.40312 0
    endloop
  endfacet
  facet normal 0.874088 -0.485767 0
    outer loop
      vertex 10.8253 -6.25 1.6
      vertex 11.024 -5.89246 0
      vertex 11.024 -5.89246 1.6
    endloop
  endfacet
  facet normal 0.874088 -0.485767 0
    outer loop
      vertex 11.024 -5.89246 0
      vertex 10.8253 -6.25 1.6
      vertex 10.8253 -6.25 0
    endloop
  endfacet
  facet normal -0.671565 -0.740946 0
    outer loop
      vertex -8.5449 -9.1233 0
      vertex -8.24182 -9.398 1.6
      vertex -8.5449 -9.1233 1.6
    endloop
  endfacet
  facet normal -0.671565 -0.740946 -0
    outer loop
      vertex -8.24182 -9.398 1.6
      vertex -8.5449 -9.1233 0
      vertex -8.24182 -9.398 0
    endloop
  endfacet
  facet normal -0.970026 -0.243002 0
    outer loop
      vertex -12.0741 -3.23524 0
      vertex -12.1735 -2.83845 1.6
      vertex -12.1735 -2.83845 0
    endloop
  endfacet
  facet normal -0.970026 -0.243002 0
    outer loop
      vertex -12.1735 -2.83845 1.6
      vertex -12.0741 -3.23524 0
      vertex -12.0741 -3.23524 1.6
    endloop
  endfacet
  facet normal 0.930043 0.36745 0
    outer loop
      vertex 11.6988 4.40312 1.6
      vertex 11.5485 4.78354 0
      vertex 11.5485 4.78354 1.6
    endloop
  endfacet
  facet normal 0.930043 0.36745 0
    outer loop
      vertex 11.5485 4.78354 0
      vertex 11.6988 4.40312 1.6
      vertex 11.6988 4.40312 0
    endloop
  endfacet
  facet normal -0.874088 0.485767 0
    outer loop
      vertex -11.024 5.89246 0
      vertex -10.8253 6.25 1.6
      vertex -10.8253 6.25 0
    endloop
  endfacet
  facet normal -0.874088 0.485767 0
    outer loop
      vertex -10.8253 6.25 1.6
      vertex -11.024 5.89246 0
      vertex -11.024 5.89246 1.6
    endloop
  endfacet
  facet normal 0.514118 -0.857719 0
    outer loop
      vertex 6.25 -10.8253 0
      vertex 6.60085 -10.615 1.6
      vertex 6.25 -10.8253 1.6
    endloop
  endfacet
  facet normal 0.514118 -0.857719 0
    outer loop
      vertex 6.60085 -10.615 1.6
      vertex 6.25 -10.8253 0
      vertex 6.60085 -10.615 0
    endloop
  endfacet
  facet normal -0.740946 -0.671565 0
    outer loop
      vertex -9.1233 -8.5449 0
      vertex -9.398 -8.24182 1.6
      vertex -9.398 -8.24182 0
    endloop
  endfacet
  facet normal -0.740946 -0.671565 0
    outer loop
      vertex -9.398 -8.24182 1.6
      vertex -9.1233 -8.5449 0
      vertex -9.1233 -8.5449 1.6
    endloop
  endfacet
  facet normal 0.718576 -0.695449 0
    outer loop
      vertex 8.83883 -8.83883 1.6
      vertex 9.1233 -8.5449 0
      vertex 9.1233 -8.5449 1.6
    endloop
  endfacet
  facet normal 0.718576 -0.695449 0
    outer loop
      vertex 9.1233 -8.5449 0
      vertex 8.83883 -8.83883 1.6
      vertex 8.83883 -8.83883 0
    endloop
  endfacet
  facet normal 0.803195 0.595716 0
    outer loop
      vertex 10.1606 7.28097 1.6
      vertex 9.91692 7.60952 0
      vertex 9.91692 7.60952 1.6
    endloop
  endfacet
  facet normal 0.803195 0.595716 0
    outer loop
      vertex 9.91692 7.60952 0
      vertex 10.1606 7.28097 1.6
      vertex 10.1606 7.28097 0
    endloop
  endfacet
  facet normal 0.049139 -0.998792 0
    outer loop
      vertex 0.408988 -12.4933 0
      vertex 0.817538 -12.4732 1.6
      vertex 0.408988 -12.4933 1.6
    endloop
  endfacet
  facet normal 0.049139 -0.998792 0
    outer loop
      vertex 0.817538 -12.4732 1.6
      vertex 0.408988 -12.4933 0
      vertex 0.817538 -12.4732 0
    endloop
  endfacet
  facet normal 0.803195 -0.595716 0
    outer loop
      vertex 9.91692 -7.60952 1.6
      vertex 10.1606 -7.28097 0
      vertex 10.1606 -7.28097 1.6
    endloop
  endfacet
  facet normal 0.803195 -0.595716 0
    outer loop
      vertex 10.1606 -7.28097 0
      vertex 9.91692 -7.60952 1.6
      vertex 9.91692 -7.60952 0
    endloop
  endfacet
  facet normal -0.999866 -0.0163797 0
    outer loop
      vertex -12.4933 -0.408988 0
      vertex -12.5 0 1.6
      vertex -12.5 0 0
    endloop
  endfacet
  facet normal -0.999866 -0.0163797 0
    outer loop
      vertex -12.5 0 1.6
      vertex -12.4933 -0.408988 0
      vertex -12.4933 -0.408988 1.6
    endloop
  endfacet
  facet normal 0.569126 0.82225 -0
    outer loop
      vertex 7.28097 10.1606 0
      vertex 6.94463 10.3934 1.6
      vertex 7.28097 10.1606 1.6
    endloop
  endfacet
  facet normal 0.569126 0.82225 0
    outer loop
      vertex 6.94463 10.3934 1.6
      vertex 7.28097 10.1606 0
      vertex 6.94463 10.3934 0
    endloop
  endfacet
  facet normal -0.243002 0.970026 0
    outer loop
      vertex -2.83845 12.1735 0
      vertex -3.23524 12.0741 1.6
      vertex -2.83845 12.1735 1.6
    endloop
  endfacet
  facet normal -0.243002 0.970026 0
    outer loop
      vertex -3.23524 12.0741 1.6
      vertex -2.83845 12.1735 0
      vertex -3.23524 12.0741 0
    endloop
  endfacet
  facet normal -0.889509 -0.456917 0
    outer loop
      vertex -11.024 -5.89246 0
      vertex -11.2109 -5.52861 1.6
      vertex -11.2109 -5.52861 0
    endloop
  endfacet
  facet normal -0.889509 -0.456917 0
    outer loop
      vertex -11.2109 -5.52861 1.6
      vertex -11.024 -5.89246 0
      vertex -11.024 -5.89246 1.6
    endloop
  endfacet
  facet normal 0.977489 -0.210988 0
    outer loop
      vertex 12.1735 -2.83845 1.6
      vertex 12.2598 -2.43863 0
      vertex 12.2598 -2.43863 1.6
    endloop
  endfacet
  facet normal 0.977489 -0.210988 0
    outer loop
      vertex 12.2598 -2.43863 0
      vertex 12.1735 -2.83845 1.6
      vertex 12.1735 -2.83845 0
    endloop
  endfacet
  facet normal 0.243002 -0.970026 0
    outer loop
      vertex 2.83845 -12.1735 0
      vertex 3.23524 -12.0741 1.6
      vertex 2.83845 -12.1735 1.6
    endloop
  endfacet
  facet normal 0.243002 -0.970026 0
    outer loop
      vertex 3.23524 -12.0741 1.6
      vertex 2.83845 -12.1735 0
      vertex 3.23524 -12.0741 0
    endloop
  endfacet
  facet normal -0.998792 0.049139 0
    outer loop
      vertex -12.4933 0.408988 0
      vertex -12.4732 0.817538 1.6
      vertex -12.4732 0.817538 0
    endloop
  endfacet
  facet normal -0.998792 0.049139 0
    outer loop
      vertex -12.4732 0.817538 1.6
      vertex -12.4933 0.408988 0
      vertex -12.4933 0.408988 1.6
    endloop
  endfacet
  facet normal -0.178954 0.983857 0
    outer loop
      vertex -2.03619 12.333 0
      vertex -2.43863 12.2598 1.6
      vertex -2.03619 12.333 1.6
    endloop
  endfacet
  facet normal -0.178954 0.983857 0
    outer loop
      vertex -2.43863 12.2598 1.6
      vertex -2.03619 12.333 0
      vertex -2.43863 12.2598 0
    endloop
  endfacet
  facet normal 0.783284 -0.621664 0
    outer loop
      vertex 9.66263 -7.92992 1.6
      vertex 9.91692 -7.60952 0
      vertex 9.91692 -7.60952 1.6
    endloop
  endfacet
  facet normal 0.783284 -0.621664 0
    outer loop
      vertex 9.91692 -7.60952 0
      vertex 9.66263 -7.92992 1.6
      vertex 9.66263 -7.92992 0
    endloop
  endfacet
  facet normal -0.718576 -0.695449 0
    outer loop
      vertex -8.83883 -8.83883 0
      vertex -9.1233 -8.5449 1.6
      vertex -9.1233 -8.5449 0
    endloop
  endfacet
  facet normal -0.718576 -0.695449 0
    outer loop
      vertex -9.1233 -8.5449 1.6
      vertex -8.83883 -8.83883 0
      vertex -8.83883 -8.83883 1.6
    endloop
  endfacet
  facet normal -0.210988 -0.977489 0
    outer loop
      vertex -2.83845 -12.1735 0
      vertex -2.43863 -12.2598 1.6
      vertex -2.83845 -12.1735 1.6
    endloop
  endfacet
  facet normal -0.210988 -0.977489 -0
    outer loop
      vertex -2.43863 -12.2598 1.6
      vertex -2.83845 -12.1735 0
      vertex -2.43863 -12.2598 0
    endloop
  endfacet
  facet normal -0.0163797 0.999866 0
    outer loop
      vertex 0 12.5 0
      vertex -0.408988 12.4933 1.6
      vertex 0 12.5 1.6
    endloop
  endfacet
  facet normal -0.0163797 0.999866 0
    outer loop
      vertex -0.408988 12.4933 1.6
      vertex 0 12.5 0
      vertex -0.408988 12.4933 0
    endloop
  endfacet
  facet normal -0.783284 0.621664 0
    outer loop
      vertex -9.91692 7.60952 0
      vertex -9.66263 7.92992 1.6
      vertex -9.66263 7.92992 0
    endloop
  endfacet
  facet normal -0.783284 0.621664 0
    outer loop
      vertex -9.66263 7.92992 1.6
      vertex -9.91692 7.60952 0
      vertex -9.91692 7.60952 1.6
    endloop
  endfacet
  facet normal -0.993461 -0.114168 0
    outer loop
      vertex -12.3931 -1.63158 0
      vertex -12.4398 -1.22521 1.6
      vertex -12.4398 -1.22521 0
    endloop
  endfacet
  facet normal -0.993461 -0.114168 0
    outer loop
      vertex -12.4398 -1.22521 1.6
      vertex -12.3931 -1.63158 0
      vertex -12.3931 -1.63158 1.6
    endloop
  endfacet
  facet normal 0.874088 0.485767 0
    outer loop
      vertex 11.024 5.89246 1.6
      vertex 10.8253 6.25 0
      vertex 10.8253 6.25 1.6
    endloop
  endfacet
  facet normal 0.874088 0.485767 0
    outer loop
      vertex 10.8253 6.25 0
      vertex 11.024 5.89246 1.6
      vertex 11.024 5.89246 0
    endloop
  endfacet
  facet normal 0.999866 -0.0163797 0
    outer loop
      vertex 12.4933 -0.408988 1.6
      vertex 12.5 0 0
      vertex 12.5 0 1.6
    endloop
  endfacet
  facet normal 0.999866 -0.0163797 0
    outer loop
      vertex 12.5 0 0
      vertex 12.4933 -0.408988 1.6
      vertex 12.4933 -0.408988 0
    endloop
  endfacet
  facet normal 0.82225 -0.569126 0
    outer loop
      vertex 10.1606 -7.28097 1.6
      vertex 10.3934 -6.94463 0
      vertex 10.3934 -6.94463 1.6
    endloop
  endfacet
  facet normal 0.82225 -0.569126 0
    outer loop
      vertex 10.3934 -6.94463 0
      vertex 10.1606 -7.28097 1.6
      vertex 10.1606 -7.28097 0
    endloop
  endfacet
  facet normal 0.621664 0.783284 -0
    outer loop
      vertex 7.92992 9.66263 0
      vertex 7.60952 9.91692 1.6
      vertex 7.92992 9.66263 1.6
    endloop
  endfacet
  facet normal 0.621664 0.783284 0
    outer loop
      vertex 7.60952 9.91692 1.6
      vertex 7.92992 9.66263 0
      vertex 7.60952 9.91692 0
    endloop
  endfacet
  facet normal -0.930043 0.36745 0
    outer loop
      vertex -11.6988 4.40312 0
      vertex -11.5485 4.78354 1.6
      vertex -11.5485 4.78354 0
    endloop
  endfacet
  facet normal -0.930043 0.36745 0
    outer loop
      vertex -11.5485 4.78354 1.6
      vertex -11.6988 4.40312 0
      vertex -11.6988 4.40312 1.6
    endloop
  endfacet
  facet normal 0.114168 0.993461 -0
    outer loop
      vertex 1.63158 12.3931 0
      vertex 1.22521 12.4398 1.6
      vertex 1.63158 12.3931 1.6
    endloop
  endfacet
  facet normal 0.114168 0.993461 0
    outer loop
      vertex 1.22521 12.4398 1.6
      vertex 1.63158 12.3931 0
      vertex 1.22521 12.4398 0
    endloop
  endfacet
  facet normal 0.903978 0.427579 0
    outer loop
      vertex 11.3858 5.15884 1.6
      vertex 11.2109 5.52861 0
      vertex 11.2109 5.52861 1.6
    endloop
  endfacet
  facet normal 0.903978 0.427579 0
    outer loop
      vertex 11.2109 5.52861 0
      vertex 11.3858 5.15884 1.6
      vertex 11.3858 5.15884 0
    endloop
  endfacet
  facet normal 0.36745 -0.930043 0
    outer loop
      vertex 4.40312 -11.6988 0
      vertex 4.78354 -11.5485 1.6
      vertex 4.40312 -11.6988 1.6
    endloop
  endfacet
  facet normal 0.36745 -0.930043 0
    outer loop
      vertex 4.78354 -11.5485 1.6
      vertex 4.40312 -11.6988 0
      vertex 4.78354 -11.5485 0
    endloop
  endfacet
  facet normal -0.996661 0.081655 0
    outer loop
      vertex -12.4732 0.817538 0
      vertex -12.4398 1.22521 1.6
      vertex -12.4398 1.22521 0
    endloop
  endfacet
  facet normal -0.996661 0.081655 0
    outer loop
      vertex -12.4398 1.22521 1.6
      vertex -12.4732 0.817538 0
      vertex -12.4732 0.817538 1.6
    endloop
  endfacet
  facet normal -0.114168 -0.993461 0
    outer loop
      vertex -1.63158 -12.3931 0
      vertex -1.22521 -12.4398 1.6
      vertex -1.63158 -12.3931 1.6
    endloop
  endfacet
  facet normal -0.114168 -0.993461 -0
    outer loop
      vertex -1.22521 -12.4398 1.6
      vertex -1.63158 -12.3931 0
      vertex -1.22521 -12.4398 0
    endloop
  endfacet
  facet normal 0.456917 0.889509 -0
    outer loop
      vertex 5.89246 11.024 0
      vertex 5.52861 11.2109 1.6
      vertex 5.89246 11.024 1.6
    endloop
  endfacet
  facet normal 0.456917 0.889509 0
    outer loop
      vertex 5.52861 11.2109 1.6
      vertex 5.89246 11.024 0
      vertex 5.52861 11.2109 0
    endloop
  endfacet
  facet normal 0.970026 -0.243002 0
    outer loop
      vertex 12.0741 -3.23524 1.6
      vertex 12.1735 -2.83845 0
      vertex 12.1735 -2.83845 1.6
    endloop
  endfacet
  facet normal 0.970026 -0.243002 0
    outer loop
      vertex 12.1735 -2.83845 0
      vertex 12.0741 -3.23524 1.6
      vertex 12.0741 -3.23524 0
    endloop
  endfacet
  facet normal -0.803195 -0.595716 0
    outer loop
      vertex -9.91692 -7.60952 0
      vertex -10.1606 -7.28097 1.6
      vertex -10.1606 -7.28097 0
    endloop
  endfacet
  facet normal -0.803195 -0.595716 0
    outer loop
      vertex -10.1606 -7.28097 1.6
      vertex -9.91692 -7.60952 0
      vertex -9.91692 -7.60952 1.6
    endloop
  endfacet
  facet normal -0.0163797 -0.999866 0
    outer loop
      vertex -0.408988 -12.4933 0
      vertex 0 -12.5 1.6
      vertex -0.408988 -12.4933 1.6
    endloop
  endfacet
  facet normal -0.0163797 -0.999866 -0
    outer loop
      vertex 0 -12.5 1.6
      vertex -0.408988 -12.4933 0
      vertex 0 -12.5 0
    endloop
  endfacet
  facet normal -0.274547 -0.961574 0
    outer loop
      vertex -3.62856 -11.9618 0
      vertex -3.23524 -12.0741 1.6
      vertex -3.62856 -11.9618 1.6
    endloop
  endfacet
  facet normal -0.274547 -0.961574 -0
    outer loop
      vertex -3.23524 -12.0741 1.6
      vertex -3.62856 -11.9618 0
      vertex -3.23524 -12.0741 0
    endloop
  endfacet
  facet normal 0.989147 0.146926 0
    outer loop
      vertex 12.3931 1.63158 1.6
      vertex 12.333 2.03619 0
      vertex 12.333 2.03619 1.6
    endloop
  endfacet
  facet normal 0.989147 0.146926 0
    outer loop
      vertex 12.333 2.03619 0
      vertex 12.3931 1.63158 1.6
      vertex 12.3931 1.63158 0
    endloop
  endfacet
  facet normal 0.917493 -0.397752 0
    outer loop
      vertex 11.3858 -5.15884 1.6
      vertex 11.5485 -4.78354 0
      vertex 11.5485 -4.78354 1.6
    endloop
  endfacet
  facet normal 0.917493 -0.397752 0
    outer loop
      vertex 11.5485 -4.78354 0
      vertex 11.3858 -5.15884 1.6
      vertex 11.3858 -5.15884 0
    endloop
  endfacet
  facet normal -0.762524 -0.64696 0
    outer loop
      vertex -9.398 -8.24182 0
      vertex -9.66263 -7.92992 1.6
      vertex -9.66263 -7.92992 0
    endloop
  endfacet
  facet normal -0.762524 -0.64696 0
    outer loop
      vertex -9.66263 -7.92992 1.6
      vertex -9.398 -8.24182 0
      vertex -9.398 -8.24182 1.6
    endloop
  endfacet
  facet normal 0.857719 0.514118 0
    outer loop
      vertex 10.8253 6.25 1.6
      vertex 10.615 6.60085 0
      vertex 10.615 6.60085 1.6
    endloop
  endfacet
  facet normal 0.857719 0.514118 0
    outer loop
      vertex 10.615 6.60085 0
      vertex 10.8253 6.25 1.6
      vertex 10.8253 6.25 0
    endloop
  endfacet
  facet normal -0.874088 -0.485767 0
    outer loop
      vertex -10.8253 -6.25 0
      vertex -11.024 -5.89246 1.6
      vertex -11.024 -5.89246 0
    endloop
  endfacet
  facet normal -0.874088 -0.485767 0
    outer loop
      vertex -11.024 -5.89246 1.6
      vertex -10.8253 -6.25 0
      vertex -10.8253 -6.25 1.6
    endloop
  endfacet
  facet normal -0.306067 0.95201 0
    outer loop
      vertex -3.62856 11.9618 0
      vertex -4.01799 11.8366 1.6
      vertex -3.62856 11.9618 1.6
    endloop
  endfacet
  facet normal -0.306067 0.95201 0
    outer loop
      vertex -4.01799 11.8366 1.6
      vertex -3.62856 11.9618 0
      vertex -4.01799 11.8366 0
    endloop
  endfacet
  facet normal -0.514118 0.857719 0
    outer loop
      vertex -6.25 10.8253 0
      vertex -6.60085 10.615 1.6
      vertex -6.25 10.8253 1.6
    endloop
  endfacet
  facet normal -0.514118 0.857719 0
    outer loop
      vertex -6.60085 10.615 1.6
      vertex -6.25 10.8253 0
      vertex -6.60085 10.615 0
    endloop
  endfacet
  facet normal 0.740946 -0.671565 0
    outer loop
      vertex 9.1233 -8.5449 1.6
      vertex 9.398 -8.24182 0
      vertex 9.398 -8.24182 1.6
    endloop
  endfacet
  facet normal 0.740946 -0.671565 0
    outer loop
      vertex 9.398 -8.24182 0
      vertex 9.1233 -8.5449 1.6
      vertex 9.1233 -8.5449 0
    endloop
  endfacet
  facet normal 0.977489 0.210988 0
    outer loop
      vertex 12.2598 2.43863 1.6
      vertex 12.1735 2.83845 0
      vertex 12.1735 2.83845 1.6
    endloop
  endfacet
  facet normal 0.977489 0.210988 0
    outer loop
      vertex 12.1735 2.83845 0
      vertex 12.2598 2.43863 1.6
      vertex 12.2598 2.43863 0
    endloop
  endfacet
  facet normal -0.977489 -0.210988 0
    outer loop
      vertex -12.1735 -2.83845 0
      vertex -12.2598 -2.43863 1.6
      vertex -12.2598 -2.43863 0
    endloop
  endfacet
  facet normal -0.977489 -0.210988 0
    outer loop
      vertex -12.2598 -2.43863 1.6
      vertex -12.1735 -2.83845 0
      vertex -12.1735 -2.83845 1.6
    endloop
  endfacet
  facet normal -0.336886 -0.941545 0
    outer loop
      vertex -4.40312 -11.6988 0
      vertex -4.01799 -11.8366 1.6
      vertex -4.40312 -11.6988 1.6
    endloop
  endfacet
  facet normal -0.336886 -0.941545 -0
    outer loop
      vertex -4.01799 -11.8366 1.6
      vertex -4.40312 -11.6988 0
      vertex -4.01799 -11.8366 0
    endloop
  endfacet
  facet normal -0.081655 0.996661 0
    outer loop
      vertex -0.817538 12.4732 0
      vertex -1.22521 12.4398 1.6
      vertex -0.817538 12.4732 1.6
    endloop
  endfacet
  facet normal -0.081655 0.996661 0
    outer loop
      vertex -1.22521 12.4398 1.6
      vertex -0.817538 12.4732 0
      vertex -1.22521 12.4398 0
    endloop
  endfacet
  facet normal -0.917493 0.397752 0
    outer loop
      vertex -11.5485 4.78354 0
      vertex -11.3858 5.15884 1.6
      vertex -11.3858 5.15884 0
    endloop
  endfacet
  facet normal -0.917493 0.397752 0
    outer loop
      vertex -11.3858 5.15884 1.6
      vertex -11.5485 4.78354 0
      vertex -11.5485 4.78354 1.6
    endloop
  endfacet
  facet normal -0.941545 0.336886 0
    outer loop
      vertex -11.8366 4.01799 0
      vertex -11.6988 4.40312 1.6
      vertex -11.6988 4.40312 0
    endloop
  endfacet
  facet normal -0.941545 0.336886 0
    outer loop
      vertex -11.6988 4.40312 1.6
      vertex -11.8366 4.01799 0
      vertex -11.8366 4.01799 1.6
    endloop
  endfacet
  facet normal 0.930043 -0.36745 0
    outer loop
      vertex 11.5485 -4.78354 1.6
      vertex 11.6988 -4.40312 0
      vertex 11.6988 -4.40312 1.6
    endloop
  endfacet
  facet normal 0.930043 -0.36745 0
    outer loop
      vertex 11.6988 -4.40312 0
      vertex 11.5485 -4.78354 1.6
      vertex 11.5485 -4.78354 0
    endloop
  endfacet
  facet normal -0.903978 -0.427579 0
    outer loop
      vertex -11.2109 -5.52861 0
      vertex -11.3858 -5.15884 1.6
      vertex -11.3858 -5.15884 0
    endloop
  endfacet
  facet normal -0.903978 -0.427579 0
    outer loop
      vertex -11.3858 -5.15884 1.6
      vertex -11.2109 -5.52861 0
      vertex -11.2109 -5.52861 1.6
    endloop
  endfacet
  facet normal 0.983857 0.178954 0
    outer loop
      vertex 12.333 2.03619 1.6
      vertex 12.2598 2.43863 0
      vertex 12.2598 2.43863 1.6
    endloop
  endfacet
  facet normal 0.983857 0.178954 0
    outer loop
      vertex 12.2598 2.43863 0
      vertex 12.333 2.03619 1.6
      vertex 12.333 2.03619 0
    endloop
  endfacet
  facet normal -0.210988 0.977489 0
    outer loop
      vertex -2.43863 12.2598 0
      vertex -2.83845 12.1735 1.6
      vertex -2.43863 12.2598 1.6
    endloop
  endfacet
  facet normal -0.210988 0.977489 0
    outer loop
      vertex -2.83845 12.1735 1.6
      vertex -2.43863 12.2598 0
      vertex -2.83845 12.1735 0
    endloop
  endfacet
  facet normal 0.36745 0.930043 -0
    outer loop
      vertex 4.78354 11.5485 0
      vertex 4.40312 11.6988 1.6
      vertex 4.78354 11.5485 1.6
    endloop
  endfacet
  facet normal 0.36745 0.930043 0
    outer loop
      vertex 4.40312 11.6988 1.6
      vertex 4.78354 11.5485 0
      vertex 4.40312 11.6988 0
    endloop
  endfacet
  facet normal -0.695449 0.718576 0
    outer loop
      vertex -8.5449 9.1233 0
      vertex -8.83883 8.83883 1.6
      vertex -8.5449 9.1233 1.6
    endloop
  endfacet
  facet normal -0.695449 0.718576 0
    outer loop
      vertex -8.83883 8.83883 1.6
      vertex -8.5449 9.1233 0
      vertex -8.83883 8.83883 0
    endloop
  endfacet
  facet normal -0.996661 -0.081655 0
    outer loop
      vertex -12.4398 -1.22521 0
      vertex -12.4732 -0.817538 1.6
      vertex -12.4732 -0.817538 0
    endloop
  endfacet
  facet normal -0.996661 -0.081655 0
    outer loop
      vertex -12.4732 -0.817538 1.6
      vertex -12.4398 -1.22521 0
      vertex -12.4398 -1.22521 1.6
    endloop
  endfacet
  facet normal 0.210988 0.977489 -0
    outer loop
      vertex 2.83845 12.1735 0
      vertex 2.43863 12.2598 1.6
      vertex 2.83845 12.1735 1.6
    endloop
  endfacet
  facet normal 0.210988 0.977489 0
    outer loop
      vertex 2.43863 12.2598 1.6
      vertex 2.83845 12.1735 0
      vertex 2.43863 12.2598 0
    endloop
  endfacet
  facet normal -0.514118 -0.857719 0
    outer loop
      vertex -6.60085 -10.615 0
      vertex -6.25 -10.8253 1.6
      vertex -6.60085 -10.615 1.6
    endloop
  endfacet
  facet normal -0.514118 -0.857719 -0
    outer loop
      vertex -6.25 -10.8253 1.6
      vertex -6.60085 -10.615 0
      vertex -6.25 -10.8253 0
    endloop
  endfacet
  facet normal 0.993461 -0.114168 0
    outer loop
      vertex 12.3931 -1.63158 1.6
      vertex 12.4398 -1.22521 0
      vertex 12.4398 -1.22521 1.6
    endloop
  endfacet
  facet normal 0.993461 -0.114168 0
    outer loop
      vertex 12.4398 -1.22521 0
      vertex 12.3931 -1.63158 1.6
      vertex 12.3931 -1.63158 0
    endloop
  endfacet
  facet normal -0.485767 -0.874088 0
    outer loop
      vertex -6.25 -10.8253 0
      vertex -5.89246 -11.024 1.6
      vertex -6.25 -10.8253 1.6
    endloop
  endfacet
  facet normal -0.485767 -0.874088 -0
    outer loop
      vertex -5.89246 -11.024 1.6
      vertex -6.25 -10.8253 0
      vertex -5.89246 -11.024 0
    endloop
  endfacet
  facet normal 0.114168 -0.993461 0
    outer loop
      vertex 1.22521 -12.4398 0
      vertex 1.63158 -12.3931 1.6
      vertex 1.22521 -12.4398 1.6
    endloop
  endfacet
  facet normal 0.114168 -0.993461 0
    outer loop
      vertex 1.63158 -12.3931 1.6
      vertex 1.22521 -12.4398 0
      vertex 1.63158 -12.3931 0
    endloop
  endfacet
  facet normal 0.857719 -0.514118 0
    outer loop
      vertex 10.615 -6.60085 1.6
      vertex 10.8253 -6.25 0
      vertex 10.8253 -6.25 1.6
    endloop
  endfacet
  facet normal 0.857719 -0.514118 0
    outer loop
      vertex 10.8253 -6.25 0
      vertex 10.615 -6.60085 1.6
      vertex 10.615 -6.60085 0
    endloop
  endfacet
  facet normal 0.336886 -0.941545 0
    outer loop
      vertex 4.01799 -11.8366 0
      vertex 4.40312 -11.6988 1.6
      vertex 4.01799 -11.8366 1.6
    endloop
  endfacet
  facet normal 0.336886 -0.941545 0
    outer loop
      vertex 4.40312 -11.6988 1.6
      vertex 4.01799 -11.8366 0
      vertex 4.40312 -11.6988 0
    endloop
  endfacet
  facet normal 0.695449 -0.718576 0
    outer loop
      vertex 8.5449 -9.1233 0
      vertex 8.83883 -8.83883 1.6
      vertex 8.5449 -9.1233 1.6
    endloop
  endfacet
  facet normal 0.695449 -0.718576 0
    outer loop
      vertex 8.83883 -8.83883 1.6
      vertex 8.5449 -9.1233 0
      vertex 8.83883 -8.83883 0
    endloop
  endfacet
  facet normal 0.595716 0.803195 -0
    outer loop
      vertex 7.60952 9.91692 0
      vertex 7.28097 10.1606 1.6
      vertex 7.60952 9.91692 1.6
    endloop
  endfacet
  facet normal 0.595716 0.803195 0
    outer loop
      vertex 7.28097 10.1606 1.6
      vertex 7.60952 9.91692 0
      vertex 7.28097 10.1606 0
    endloop
  endfacet
  facet normal 0.210988 -0.977489 0
    outer loop
      vertex 2.43863 -12.2598 0
      vertex 2.83845 -12.1735 1.6
      vertex 2.43863 -12.2598 1.6
    endloop
  endfacet
  facet normal 0.210988 -0.977489 0
    outer loop
      vertex 2.83845 -12.1735 1.6
      vertex 2.43863 -12.2598 0
      vertex 2.83845 -12.1735 0
    endloop
  endfacet
  facet normal 0.397752 -0.917493 0
    outer loop
      vertex 4.78354 -11.5485 0
      vertex 5.15884 -11.3858 1.6
      vertex 4.78354 -11.5485 1.6
    endloop
  endfacet
  facet normal 0.397752 -0.917493 0
    outer loop
      vertex 5.15884 -11.3858 1.6
      vertex 4.78354 -11.5485 0
      vertex 5.15884 -11.3858 0
    endloop
  endfacet
  facet normal -0.243002 -0.970026 0
    outer loop
      vertex -3.23524 -12.0741 0
      vertex -2.83845 -12.1735 1.6
      vertex -3.23524 -12.0741 1.6
    endloop
  endfacet
  facet normal -0.243002 -0.970026 -0
    outer loop
      vertex -2.83845 -12.1735 1.6
      vertex -3.23524 -12.0741 0
      vertex -2.83845 -12.1735 0
    endloop
  endfacet
  facet normal 0.485767 -0.874088 0
    outer loop
      vertex 5.89246 -11.024 0
      vertex 6.25 -10.8253 1.6
      vertex 5.89246 -11.024 1.6
    endloop
  endfacet
  facet normal 0.485767 -0.874088 0
    outer loop
      vertex 6.25 -10.8253 1.6
      vertex 5.89246 -11.024 0
      vertex 6.25 -10.8253 0
    endloop
  endfacet
  facet normal 0.427579 0.903978 -0
    outer loop
      vertex 5.52861 11.2109 0
      vertex 5.15884 11.3858 1.6
      vertex 5.52861 11.2109 1.6
    endloop
  endfacet
  facet normal 0.427579 0.903978 0
    outer loop
      vertex 5.15884 11.3858 1.6
      vertex 5.52861 11.2109 0
      vertex 5.15884 11.3858 0
    endloop
  endfacet
  facet normal 0.671565 0.740946 -0
    outer loop
      vertex 8.5449 9.1233 0
      vertex 8.24182 9.398 1.6
      vertex 8.5449 9.1233 1.6
    endloop
  endfacet
  facet normal 0.671565 0.740946 0
    outer loop
      vertex 8.24182 9.398 1.6
      vertex 8.5449 9.1233 0
      vertex 8.24182 9.398 0
    endloop
  endfacet
  facet normal -0.762524 0.64696 0
    outer loop
      vertex -9.66263 7.92992 0
      vertex -9.398 8.24182 1.6
      vertex -9.398 8.24182 0
    endloop
  endfacet
  facet normal -0.762524 0.64696 0
    outer loop
      vertex -9.398 8.24182 1.6
      vertex -9.66263 7.92992 0
      vertex -9.66263 7.92992 1.6
    endloop
  endfacet
  facet normal 0.961574 0.274547 0
    outer loop
      vertex 12.0741 3.23524 1.6
      vertex 11.9618 3.62856 0
      vertex 11.9618 3.62856 1.6
    endloop
  endfacet
  facet normal 0.961574 0.274547 0
    outer loop
      vertex 11.9618 3.62856 0
      vertex 12.0741 3.23524 1.6
      vertex 12.0741 3.23524 0
    endloop
  endfacet
  facet normal 0.64696 0.762524 -0
    outer loop
      vertex 8.24182 9.398 0
      vertex 7.92992 9.66263 1.6
      vertex 8.24182 9.398 1.6
    endloop
  endfacet
  facet normal 0.64696 0.762524 0
    outer loop
      vertex 7.92992 9.66263 1.6
      vertex 8.24182 9.398 0
      vertex 7.92992 9.66263 0
    endloop
  endfacet
  facet normal -0.993461 0.114168 0
    outer loop
      vertex -12.4398 1.22521 0
      vertex -12.3931 1.63158 1.6
      vertex -12.3931 1.63158 0
    endloop
  endfacet
  facet normal -0.993461 0.114168 0
    outer loop
      vertex -12.3931 1.63158 1.6
      vertex -12.4398 1.22521 0
      vertex -12.4398 1.22521 1.6
    endloop
  endfacet
  facet normal 0.983857 -0.178954 0
    outer loop
      vertex 12.2598 -2.43863 1.6
      vertex 12.333 -2.03619 0
      vertex 12.333 -2.03619 1.6
    endloop
  endfacet
  facet normal 0.983857 -0.178954 0
    outer loop
      vertex 12.333 -2.03619 0
      vertex 12.2598 -2.43863 1.6
      vertex 12.2598 -2.43863 0
    endloop
  endfacet
  facet normal -0.621664 0.783284 0
    outer loop
      vertex -7.60952 9.91692 0
      vertex -7.92992 9.66263 1.6
      vertex -7.60952 9.91692 1.6
    endloop
  endfacet
  facet normal -0.621664 0.783284 0
    outer loop
      vertex -7.92992 9.66263 1.6
      vertex -7.60952 9.91692 0
      vertex -7.92992 9.66263 0
    endloop
  endfacet
  facet normal 0.081655 0.996661 -0
    outer loop
      vertex 1.22521 12.4398 0
      vertex 0.817538 12.4732 1.6
      vertex 1.22521 12.4398 1.6
    endloop
  endfacet
  facet normal 0.081655 0.996661 0
    outer loop
      vertex 0.817538 12.4732 1.6
      vertex 1.22521 12.4398 0
      vertex 0.817538 12.4732 0
    endloop
  endfacet
  facet normal 0.941545 0.336886 0
    outer loop
      vertex 11.8366 4.01799 1.6
      vertex 11.6988 4.40312 0
      vertex 11.6988 4.40312 1.6
    endloop
  endfacet
  facet normal 0.941545 0.336886 0
    outer loop
      vertex 11.6988 4.40312 0
      vertex 11.8366 4.01799 1.6
      vertex 11.8366 4.01799 0
    endloop
  endfacet
  facet normal -0.36745 -0.930043 0
    outer loop
      vertex -4.78354 -11.5485 0
      vertex -4.40312 -11.6988 1.6
      vertex -4.78354 -11.5485 1.6
    endloop
  endfacet
  facet normal -0.36745 -0.930043 -0
    outer loop
      vertex -4.40312 -11.6988 1.6
      vertex -4.78354 -11.5485 0
      vertex -4.40312 -11.6988 0
    endloop
  endfacet
  facet normal 0.970026 0.243002 0
    outer loop
      vertex 12.1735 2.83845 1.6
      vertex 12.0741 3.23524 0
      vertex 12.0741 3.23524 1.6
    endloop
  endfacet
  facet normal 0.970026 0.243002 0
    outer loop
      vertex 12.0741 3.23524 0
      vertex 12.1735 2.83845 1.6
      vertex 12.1735 2.83845 0
    endloop
  endfacet
  facet normal -0.889509 0.456917 0
    outer loop
      vertex -11.2109 5.52861 0
      vertex -11.024 5.89246 1.6
      vertex -11.024 5.89246 0
    endloop
  endfacet
  facet normal -0.889509 0.456917 0
    outer loop
      vertex -11.024 5.89246 1.6
      vertex -11.2109 5.52861 0
      vertex -11.2109 5.52861 1.6
    endloop
  endfacet
  facet normal 0.485767 0.874088 -0
    outer loop
      vertex 6.25 10.8253 0
      vertex 5.89246 11.024 1.6
      vertex 6.25 10.8253 1.6
    endloop
  endfacet
  facet normal 0.485767 0.874088 0
    outer loop
      vertex 5.89246 11.024 1.6
      vertex 6.25 10.8253 0
      vertex 5.89246 11.024 0
    endloop
  endfacet
  facet normal 0.049139 0.998792 -0
    outer loop
      vertex 0.817538 12.4732 0
      vertex 0.408988 12.4933 1.6
      vertex 0.817538 12.4732 1.6
    endloop
  endfacet
  facet normal 0.049139 0.998792 0
    outer loop
      vertex 0.408988 12.4933 1.6
      vertex 0.817538 12.4732 0
      vertex 0.408988 12.4933 0
    endloop
  endfacet
  facet normal -0.740946 0.671565 0
    outer loop
      vertex -9.398 8.24182 0
      vertex -9.1233 8.5449 1.6
      vertex -9.1233 8.5449 0
    endloop
  endfacet
  facet normal -0.740946 0.671565 0
    outer loop
      vertex -9.1233 8.5449 1.6
      vertex -9.398 8.24182 0
      vertex -9.398 8.24182 1.6
    endloop
  endfacet
  facet normal -0.049139 0.998792 0
    outer loop
      vertex -0.408988 12.4933 0
      vertex -0.817538 12.4732 1.6
      vertex -0.408988 12.4933 1.6
    endloop
  endfacet
  facet normal -0.049139 0.998792 0
    outer loop
      vertex -0.817538 12.4732 1.6
      vertex -0.408988 12.4933 0
      vertex -0.817538 12.4732 0
    endloop
  endfacet
  facet normal 0.0163797 0.999866 -0
    outer loop
      vertex 0.408988 12.4933 0
      vertex 0 12.5 1.6
      vertex 0.408988 12.4933 1.6
    endloop
  endfacet
  facet normal 0.0163797 0.999866 0
    outer loop
      vertex 0 12.5 1.6
      vertex 0.408988 12.4933 0
      vertex 0 12.5 0
    endloop
  endfacet
  facet normal -0.983857 0.178954 0
    outer loop
      vertex -12.333 2.03619 0
      vertex -12.2598 2.43863 1.6
      vertex -12.2598 2.43863 0
    endloop
  endfacet
  facet normal -0.983857 0.178954 0
    outer loop
      vertex -12.2598 2.43863 1.6
      vertex -12.333 2.03619 0
      vertex -12.333 2.03619 1.6
    endloop
  endfacet
  facet normal -0.803195 0.595716 0
    outer loop
      vertex -10.1606 7.28097 0
      vertex -9.91692 7.60952 1.6
      vertex -9.91692 7.60952 0
    endloop
  endfacet
  facet normal -0.803195 0.595716 0
    outer loop
      vertex -9.91692 7.60952 1.6
      vertex -10.1606 7.28097 0
      vertex -10.1606 7.28097 1.6
    endloop
  endfacet
  facet normal -0.274547 0.961574 0
    outer loop
      vertex -3.23524 12.0741 0
      vertex -3.62856 11.9618 1.6
      vertex -3.23524 12.0741 1.6
    endloop
  endfacet
  facet normal -0.274547 0.961574 0
    outer loop
      vertex -3.62856 11.9618 1.6
      vertex -3.23524 12.0741 0
      vertex -3.62856 11.9618 0
    endloop
  endfacet
  facet normal 0.336886 0.941545 -0
    outer loop
      vertex 4.40312 11.6988 0
      vertex 4.01799 11.8366 1.6
      vertex 4.40312 11.6988 1.6
    endloop
  endfacet
  facet normal 0.336886 0.941545 0
    outer loop
      vertex 4.01799 11.8366 1.6
      vertex 4.40312 11.6988 0
      vertex 4.01799 11.8366 0
    endloop
  endfacet
  facet normal -0.595716 0.803195 0
    outer loop
      vertex -7.28097 10.1606 0
      vertex -7.60952 9.91692 1.6
      vertex -7.28097 10.1606 1.6
    endloop
  endfacet
  facet normal -0.595716 0.803195 0
    outer loop
      vertex -7.60952 9.91692 1.6
      vertex -7.28097 10.1606 0
      vertex -7.60952 9.91692 0
    endloop
  endfacet
  facet normal -0.541793 0.840512 0
    outer loop
      vertex -6.60085 10.615 0
      vertex -6.94463 10.3934 1.6
      vertex -6.60085 10.615 1.6
    endloop
  endfacet
  facet normal -0.541793 0.840512 0
    outer loop
      vertex -6.94463 10.3934 1.6
      vertex -6.60085 10.615 0
      vertex -6.94463 10.3934 0
    endloop
  endfacet
  facet normal -0.569126 0.82225 0
    outer loop
      vertex -6.94463 10.3934 0
      vertex -7.28097 10.1606 1.6
      vertex -6.94463 10.3934 1.6
    endloop
  endfacet
  facet normal -0.569126 0.82225 0
    outer loop
      vertex -7.28097 10.1606 1.6
      vertex -6.94463 10.3934 0
      vertex -7.28097 10.1606 0
    endloop
  endfacet
  facet normal -0.999866 0.0163797 0
    outer loop
      vertex -12.5 0 0
      vertex -12.4933 0.408988 1.6
      vertex -12.4933 0.408988 0
    endloop
  endfacet
  facet normal -0.999866 0.0163797 0
    outer loop
      vertex -12.4933 0.408988 1.6
      vertex -12.5 0 0
      vertex -12.5 0 1.6
    endloop
  endfacet
  facet normal -0.82225 -0.569126 0
    outer loop
      vertex -10.1606 -7.28097 0
      vertex -10.3934 -6.94463 1.6
      vertex -10.3934 -6.94463 0
    endloop
  endfacet
  facet normal -0.82225 -0.569126 0
    outer loop
      vertex -10.3934 -6.94463 1.6
      vertex -10.1606 -7.28097 0
      vertex -10.1606 -7.28097 1.6
    endloop
  endfacet
  facet normal 0 0 1
    outer loop
      vertex 10.8 0 1.6
      vertex 12.5 0 1.6
      vertex 12.4933 0.408988 1.6
    endloop
  endfacet
  facet normal 0 0 1
    outer loop
      vertex 10.7942 0.353366 1.6
      vertex 12.4933 0.408988 1.6
      vertex 12.4732 0.817538 1.6
    endloop
  endfacet
  facet normal 0 0 1
    outer loop
      vertex 12.5 0 1.6
      vertex 10.8 0 1.6
      vertex 12.4933 -0.408988 1.6
    endloop
  endfacet
  facet normal 0 0 1
    outer loop
      vertex 10.7769 0.706353 1.6
      vertex 12.4732 0.817538 1.6
      vertex 12.4398 1.22521 1.6
    endloop
  endfacet
  facet normal -0 0 1
    outer loop
      vertex 10.7942 -0.353366 1.6
      vertex 12.4933 -0.408988 1.6
      vertex 10.8 0 1.6
    endloop
  endfacet
  facet normal 0 0 1
    outer loop
      vertex 10.748 1.05858 1.6
      vertex 12.4398 1.22521 1.6
      vertex 12.3931 1.63158 1.6
    endloop
  endfacet
  facet normal 0 0 1
    outer loop
      vertex 12.4933 -0.408988 1.6
      vertex 10.7942 -0.353366 1.6
      vertex 12.4732 -0.817538 1.6
    endloop
  endfacet
  facet normal 0 0 1
    outer loop
      vertex 10.7076 1.40968 1.6
      vertex 12.3931 1.63158 1.6
      vertex 12.333 2.03619 1.6
    endloop
  endfacet
  facet normal -0 0 1
    outer loop
      vertex 10.7769 -0.706353 1.6
      vertex 12.4732 -0.817538 1.6
      vertex 10.7942 -0.353366 1.6
    endloop
  endfacet
  facet normal 0 0 1
    outer loop
      vertex 10.6557 1.75927 1.6
      vertex 12.333 2.03619 1.6
      vertex 12.2598 2.43863 1.6
    endloop
  endfacet
  facet normal 0 0 1
    outer loop
      vertex 12.4732 -0.817538 1.6
      vertex 10.7769 -0.706353 1.6
      vertex 12.4398 -1.22521 1.6
    endloop
  endfacet
  facet normal 0 0 1
    outer loop
      vertex 10.5925 2.10697 1.6
      vertex 12.2598 2.43863 1.6
      vertex 12.1735 2.83845 1.6
    endloop
  endfacet
  facet normal -0 0 1
    outer loop
      vertex 10.748 -1.05858 1.6
      vertex 12.4398 -1.22521 1.6
      vertex 10.7769 -0.706353 1.6
    endloop
  endfacet
  facet normal 0 0 1
    outer loop
      vertex 10.5179 2.45242 1.6
      vertex 12.1735 2.83845 1.6
      vertex 12.0741 3.23524 1.6
    endloop
  endfacet
  facet normal 0 0 1
    outer loop
      vertex 12.4398 -1.22521 1.6
      vertex 10.748 -1.05858 1.6
      vertex 12.3931 -1.63158 1.6
    endloop
  endfacet
  facet normal 0 0 1
    outer loop
      vertex 10.432 2.79525 1.6
      vertex 12.0741 3.23524 1.6
      vertex 11.9618 3.62856 1.6
    endloop
  endfacet
  facet normal -0 0 1
    outer loop
      vertex 10.7076 -1.40968 1.6
      vertex 12.3931 -1.63158 1.6
      vertex 10.748 -1.05858 1.6
    endloop
  endfacet
  facet normal 0 0 1
    outer loop
      vertex 10.335 3.13507 1.6
      vertex 11.9618 3.62856 1.6
      vertex 11.8366 4.01799 1.6
    endloop
  endfacet
  facet normal 0 0 1
    outer loop
      vertex 12.3931 -1.63158 1.6
      vertex 10.7076 -1.40968 1.6
      vertex 12.333 -2.03619 1.6
    endloop
  endfacet
  facet normal 0 0 1
    outer loop
      vertex 10.2268 3.47155 1.6
      vertex 11.8366 4.01799 1.6
      vertex 11.6988 4.40312 1.6
    endloop
  endfacet
  facet normal -0 0 1
    outer loop
      vertex 10.6557 -1.75927 1.6
      vertex 12.333 -2.03619 1.6
      vertex 10.7076 -1.40968 1.6
    endloop
  endfacet
  facet normal 0 0 1
    outer loop
      vertex 10.1078 3.8043 1.6
      vertex 11.6988 4.40312 1.6
      vertex 11.5485 4.78354 1.6
    endloop
  endfacet
  facet normal 0 0 1
    outer loop
      vertex 12.333 -2.03619 1.6
      vertex 10.6557 -1.75927 1.6
      vertex 12.2598 -2.43863 1.6
    endloop
  endfacet
  facet normal 0 0 1
    outer loop
      vertex 9.9779 4.13298 1.6
      vertex 11.5485 4.78354 1.6
      vertex 11.3858 5.15884 1.6
    endloop
  endfacet
  facet normal -0 0 1
    outer loop
      vertex 10.5925 -2.10697 1.6
      vertex 12.2598 -2.43863 1.6
      vertex 10.6557 -1.75927 1.6
    endloop
  endfacet
  facet normal 0 0 1
    outer loop
      vertex 9.83733 4.45724 1.6
      vertex 11.3858 5.15884 1.6
      vertex 11.2109 5.52861 1.6
    endloop
  endfacet
  facet normal 0 0 1
    outer loop
      vertex 12.2598 -2.43863 1.6
      vertex 10.5925 -2.10697 1.6
      vertex 12.1735 -2.83845 1.6
    endloop
  endfacet
  facet normal 0 0 1
    outer loop
      vertex 9.68622 4.77672 1.6
      vertex 11.2109 5.52861 1.6
      vertex 11.024 5.89246 1.6
    endloop
  endfacet
  facet normal -0 0 1
    outer loop
      vertex 10.5179 -2.45242 1.6
      vertex 12.1735 -2.83845 1.6
      vertex 10.5925 -2.10697 1.6
    endloop
  endfacet
  facet normal 0 0 1
    outer loop
      vertex 9.52475 5.09108 1.6
      vertex 11.024 5.89246 1.6
      vertex 10.8253 6.25 1.6
    endloop
  endfacet
  facet normal 0 0 1
    outer loop
      vertex 12.1735 -2.83845 1.6
      vertex 10.5179 -2.45242 1.6
      vertex 12.0741 -3.23524 1.6
    endloop
  endfacet
  facet normal -0 0 1
    outer loop
      vertex 10.432 -2.79525 1.6
      vertex 12.0741 -3.23524 1.6
      vertex 10.5179 -2.45242 1.6
    endloop
  endfacet
  facet normal 0 0 1
    outer loop
      vertex 12.4933 0.408988 1.6
      vertex 10.7942 0.353366 1.6
      vertex 10.8 0 1.6
    endloop
  endfacet
  facet normal 0 0 1
    outer loop
      vertex 12.4732 0.817538 1.6
      vertex 10.7769 0.706353 1.6
      vertex 10.7942 0.353366 1.6
    endloop
  endfacet
  facet normal 0 0 1
    outer loop
      vertex 12.4398 1.22521 1.6
      vertex 10.748 1.05858 1.6
      vertex 10.7769 0.706353 1.6
    endloop
  endfacet
  facet normal 0 0 1
    outer loop
      vertex 12.3931 1.63158 1.6
      vertex 10.7076 1.40968 1.6
      vertex 10.748 1.05858 1.6
    endloop
  endfacet
  facet normal 0 0 1
    outer loop
      vertex 12.333 2.03619 1.6
      vertex 10.6557 1.75927 1.6
      vertex 10.7076 1.40968 1.6
    endloop
  endfacet
  facet normal 0 0 1
    outer loop
      vertex 9.35307 5.4 1.6
      vertex 10.8253 6.25 1.6
      vertex 10.615 6.60085 1.6
    endloop
  endfacet
  facet normal 0 0 1
    outer loop
      vertex 12.2598 2.43863 1.6
      vertex 10.5925 2.10697 1.6
      vertex 10.6557 1.75927 1.6
    endloop
  endfacet
  facet normal 0 0 1
    outer loop
      vertex 12.1735 2.83845 1.6
      vertex 10.5179 2.45242 1.6
      vertex 10.5925 2.10697 1.6
    endloop
  endfacet
  facet normal 0 0 1
    outer loop
      vertex 12.0741 3.23524 1.6
      vertex 10.432 2.79525 1.6
      vertex 10.5179 2.45242 1.6
    endloop
  endfacet
  facet normal 0 0 1
    outer loop
      vertex 9.17138 5.70313 1.6
      vertex 10.615 6.60085 1.6
      vertex 10.3934 6.94463 1.6
    endloop
  endfacet
  facet normal 0 0 1
    outer loop
      vertex 11.9618 3.62856 1.6
      vertex 10.335 3.13507 1.6
      vertex 10.432 2.79525 1.6
    endloop
  endfacet
  facet normal 0 0 1
    outer loop
      vertex 11.8366 4.01799 1.6
      vertex 10.2268 3.47155 1.6
      vertex 10.335 3.13507 1.6
    endloop
  endfacet
  facet normal 0 0 1
    outer loop
      vertex 8.97987 6.00016 1.6
      vertex 10.3934 6.94463 1.6
      vertex 10.1606 7.28097 1.6
    endloop
  endfacet
  facet normal 0 0 1
    outer loop
      vertex 11.6988 4.40312 1.6
      vertex 10.1078 3.8043 1.6
      vertex 10.2268 3.47155 1.6
    endloop
  endfacet
  facet normal 0 0 1
    outer loop
      vertex 11.5485 4.78354 1.6
      vertex 9.9779 4.13298 1.6
      vertex 10.1078 3.8043 1.6
    endloop
  endfacet
  facet normal 0 0 1
    outer loop
      vertex 8.77874 6.29076 1.6
      vertex 10.1606 7.28097 1.6
      vertex 9.91692 7.60952 1.6
    endloop
  endfacet
  facet normal 0 0 1
    outer loop
      vertex 11.3858 5.15884 1.6
      vertex 9.83733 4.45724 1.6
      vertex 9.9779 4.13298 1.6
    endloop
  endfacet
  facet normal 0 0 1
    outer loop
      vertex 11.2109 5.52861 1.6
      vertex 9.68622 4.77672 1.6
      vertex 9.83733 4.45724 1.6
    endloop
  endfacet
  facet normal 0 0 1
    outer loop
      vertex 8.56822 6.57462 1.6
      vertex 9.91692 7.60952 1.6
      vertex 9.66263 7.92992 1.6
    endloop
  endfacet
  facet normal 0 0 1
    outer loop
      vertex 11.024 5.89246 1.6
      vertex 9.52475 5.09108 1.6
      vertex 9.68622 4.77672 1.6
    endloop
  endfacet
  facet normal 0 0 1
    outer loop
      vertex 8.34851 6.85145 1.6
      vertex 9.66263 7.92992 1.6
      vertex 9.398 8.24182 1.6
    endloop
  endfacet
  facet normal 0 0 1
    outer loop
      vertex 10.8253 6.25 1.6
      vertex 9.35307 5.4 1.6
      vertex 9.52475 5.09108 1.6
    endloop
  endfacet
  facet normal 0 0 1
    outer loop
      vertex 10.615 6.60085 1.6
      vertex 9.17138 5.70313 1.6
      vertex 9.35307 5.4 1.6
    endloop
  endfacet
  facet normal 0 0 1
    outer loop
      vertex 8.11987 7.12093 1.6
      vertex 9.398 8.24182 1.6
      vertex 9.1233 8.5449 1.6
    endloop
  endfacet
  facet normal 0 0 1
    outer loop
      vertex 10.3934 6.94463 1.6
      vertex 8.97987 6.00016 1.6
      vertex 9.17138 5.70313 1.6
    endloop
  endfacet
  facet normal 0 0 1
    outer loop
      vertex 7.88253 7.3828 1.6
      vertex 9.1233 8.5449 1.6
      vertex 8.83883 8.83883 1.6
    endloop
  endfacet
  facet normal 0 0 1
    outer loop
      vertex 10.1606 7.28097 1.6
      vertex 8.77874 6.29076 1.6
      vertex 8.97987 6.00016 1.6
    endloop
  endfacet
  facet normal 0 0 1
    outer loop
      vertex 9.91692 7.60952 1.6
      vertex 8.56822 6.57462 1.6
      vertex 8.77874 6.29076 1.6
    endloop
  endfacet
  facet normal 0 0 1
    outer loop
      vertex 7.63675 7.63675 1.6
      vertex 8.83883 8.83883 1.6
      vertex 8.5449 9.1233 1.6
    endloop
  endfacet
  facet normal 0 0 1
    outer loop
      vertex 9.66263 7.92992 1.6
      vertex 8.34851 6.85145 1.6
      vertex 8.56822 6.57462 1.6
    endloop
  endfacet
  facet normal 0 0 1
    outer loop
      vertex 7.3828 7.88253 1.6
      vertex 8.5449 9.1233 1.6
      vertex 8.24182 9.398 1.6
    endloop
  endfacet
  facet normal 0 0 1
    outer loop
      vertex 9.398 8.24182 1.6
      vertex 8.11987 7.12093 1.6
      vertex 8.34851 6.85145 1.6
    endloop
  endfacet
  facet normal 0 0 1
    outer loop
      vertex 7.12093 8.11987 1.6
      vertex 8.24182 9.398 1.6
      vertex 7.92992 9.66263 1.6
    endloop
  endfacet
  facet normal 0 0 1
    outer loop
      vertex 9.1233 8.5449 1.6
      vertex 7.88253 7.3828 1.6
      vertex 8.11987 7.12093 1.6
    endloop
  endfacet
  facet normal 0 0 1
    outer loop
      vertex 8.83883 8.83883 1.6
      vertex 7.63675 7.63675 1.6
      vertex 7.88253 7.3828 1.6
    endloop
  endfacet
  facet normal 0 0 1
    outer loop
      vertex 6.85145 8.34851 1.6
      vertex 7.92992 9.66263 1.6
      vertex 7.60952 9.91692 1.6
    endloop
  endfacet
  facet normal 0 0 1
    outer loop
      vertex 8.5449 9.1233 1.6
      vertex 7.3828 7.88253 1.6
      vertex 7.63675 7.63675 1.6
    endloop
  endfacet
  facet normal 0 0 1
    outer loop
      vertex 6.57462 8.56822 1.6
      vertex 7.60952 9.91692 1.6
      vertex 7.28097 10.1606 1.6
    endloop
  endfacet
  facet normal 0 0 1
    outer loop
      vertex 8.24182 9.398 1.6
      vertex 7.12093 8.11987 1.6
      vertex 7.3828 7.88253 1.6
    endloop
  endfacet
  facet normal 0 0 1
    outer loop
      vertex 6.29076 8.77874 1.6
      vertex 7.28097 10.1606 1.6
      vertex 6.94463 10.3934 1.6
    endloop
  endfacet
  facet normal 0 0 1
    outer loop
      vertex 7.92992 9.66263 1.6
      vertex 6.85145 8.34851 1.6
      vertex 7.12093 8.11987 1.6
    endloop
  endfacet
  facet normal 0 0 1
    outer loop
      vertex 6.00016 8.97987 1.6
      vertex 6.94463 10.3934 1.6
      vertex 6.60085 10.615 1.6
    endloop
  endfacet
  facet normal 0 0 1
    outer loop
      vertex 7.60952 9.91692 1.6
      vertex 6.57462 8.56822 1.6
      vertex 6.85145 8.34851 1.6
    endloop
  endfacet
  facet normal 0 0 1
    outer loop
      vertex 7.28097 10.1606 1.6
      vertex 6.29076 8.77874 1.6
      vertex 6.57462 8.56822 1.6
    endloop
  endfacet
  facet normal 0 0 1
    outer loop
      vertex 5.70313 9.17138 1.6
      vertex 6.60085 10.615 1.6
      vertex 6.25 10.8253 1.6
    endloop
  endfacet
  facet normal 0 0 1
    outer loop
      vertex 6.94463 10.3934 1.6
      vertex 6.00016 8.97987 1.6
      vertex 6.29076 8.77874 1.6
    endloop
  endfacet
  facet normal 0 0 1
    outer loop
      vertex 5.4 9.35307 1.6
      vertex 6.25 10.8253 1.6
      vertex 5.89246 11.024 1.6
    endloop
  endfacet
  facet normal 0 0 1
    outer loop
      vertex 6.60085 10.615 1.6
      vertex 5.70313 9.17138 1.6
      vertex 6.00016 8.97987 1.6
    endloop
  endfacet
  facet normal 0 0 1
    outer loop
      vertex 5.09108 9.52475 1.6
      vertex 5.89246 11.024 1.6
      vertex 5.52861 11.2109 1.6
    endloop
  endfacet
  facet normal 0 0 1
    outer loop
      vertex 6.25 10.8253 1.6
      vertex 5.4 9.35307 1.6
      vertex 5.70313 9.17138 1.6
    endloop
  endfacet
  facet normal 0 0 1
    outer loop
      vertex 4.77672 9.68622 1.6
      vertex 5.52861 11.2109 1.6
      vertex 5.15884 11.3858 1.6
    endloop
  endfacet
  facet normal 0 0 1
    outer loop
      vertex 5.89246 11.024 1.6
      vertex 5.09108 9.52475 1.6
      vertex 5.4 9.35307 1.6
    endloop
  endfacet
  facet normal 0 0 1
    outer loop
      vertex 4.45724 9.83733 1.6
      vertex 5.15884 11.3858 1.6
      vertex 4.78354 11.5485 1.6
    endloop
  endfacet
  facet normal 0 0 1
    outer loop
      vertex 5.52861 11.2109 1.6
      vertex 4.77672 9.68622 1.6
      vertex 5.09108 9.52475 1.6
    endloop
  endfacet
  facet normal 0 0 1
    outer loop
      vertex 5.15884 11.3858 1.6
      vertex 4.45724 9.83733 1.6
      vertex 4.77672 9.68622 1.6
    endloop
  endfacet
  facet normal 0 0 1
    outer loop
      vertex 4.13298 9.9779 1.6
      vertex 4.78354 11.5485 1.6
      vertex 4.40312 11.6988 1.6
    endloop
  endfacet
  facet normal 0 0 1
    outer loop
      vertex 4.78354 11.5485 1.6
      vertex 4.13298 9.9779 1.6
      vertex 4.45724 9.83733 1.6
    endloop
  endfacet
  facet normal 0 0 1
    outer loop
      vertex 3.8043 10.1078 1.6
      vertex 4.40312 11.6988 1.6
      vertex 4.01799 11.8366 1.6
    endloop
  endfacet
  facet normal 0 0 1
    outer loop
      vertex 4.40312 11.6988 1.6
      vertex 3.8043 10.1078 1.6
      vertex 4.13298 9.9779 1.6
    endloop
  endfacet
  facet normal 0 0 1
    outer loop
      vertex 3.47155 10.2268 1.6
      vertex 4.01799 11.8366 1.6
      vertex 3.62856 11.9618 1.6
    endloop
  endfacet
  facet normal 0 0 1
    outer loop
      vertex 4.01799 11.8366 1.6
      vertex 3.47155 10.2268 1.6
      vertex 3.8043 10.1078 1.6
    endloop
  endfacet
  facet normal 0 0 1
    outer loop
      vertex 3.13507 10.335 1.6
      vertex 3.62856 11.9618 1.6
      vertex 3.23524 12.0741 1.6
    endloop
  endfacet
  facet normal 0 0 1
    outer loop
      vertex 3.62856 11.9618 1.6
      vertex 3.13507 10.335 1.6
      vertex 3.47155 10.2268 1.6
    endloop
  endfacet
  facet normal 0 0 1
    outer loop
      vertex 2.79525 10.432 1.6
      vertex 3.23524 12.0741 1.6
      vertex 2.83845 12.1735 1.6
    endloop
  endfacet
  facet normal 0 0 1
    outer loop
      vertex 3.23524 12.0741 1.6
      vertex 2.79525 10.432 1.6
      vertex 3.13507 10.335 1.6
    endloop
  endfacet
  facet normal 0 0 1
    outer loop
      vertex 2.83845 12.1735 1.6
      vertex 2.45242 10.5179 1.6
      vertex 2.79525 10.432 1.6
    endloop
  endfacet
  facet normal 0 0 1
    outer loop
      vertex 2.43863 12.2598 1.6
      vertex 2.45242 10.5179 1.6
      vertex 2.83845 12.1735 1.6
    endloop
  endfacet
  facet normal 0 0 1
    outer loop
      vertex 2.43863 12.2598 1.6
      vertex 2.10697 10.5925 1.6
      vertex 2.45242 10.5179 1.6
    endloop
  endfacet
  facet normal 0 0 1
    outer loop
      vertex 2.03619 12.333 1.6
      vertex 2.10697 10.5925 1.6
      vertex 2.43863 12.2598 1.6
    endloop
  endfacet
  facet normal 0 0 1
    outer loop
      vertex 2.03619 12.333 1.6
      vertex 1.75927 10.6557 1.6
      vertex 2.10697 10.5925 1.6
    endloop
  endfacet
  facet normal 0 0 1
    outer loop
      vertex 1.63158 12.3931 1.6
      vertex 1.75927 10.6557 1.6
      vertex 2.03619 12.333 1.6
    endloop
  endfacet
  facet normal 0 0 1
    outer loop
      vertex 1.63158 12.3931 1.6
      vertex 1.40968 10.7076 1.6
      vertex 1.75927 10.6557 1.6
    endloop
  endfacet
  facet normal 0 0 1
    outer loop
      vertex 1.22521 12.4398 1.6
      vertex 1.40968 10.7076 1.6
      vertex 1.63158 12.3931 1.6
    endloop
  endfacet
  facet normal 0 0 1
    outer loop
      vertex 1.22521 12.4398 1.6
      vertex 1.05858 10.748 1.6
      vertex 1.40968 10.7076 1.6
    endloop
  endfacet
  facet normal 0 0 1
    outer loop
      vertex 0.817538 12.4732 1.6
      vertex 1.05858 10.748 1.6
      vertex 1.22521 12.4398 1.6
    endloop
  endfacet
  facet normal 0 0 1
    outer loop
      vertex 0.817538 12.4732 1.6
      vertex 0.706353 10.7769 1.6
      vertex 1.05858 10.748 1.6
    endloop
  endfacet
  facet normal 0 0 1
    outer loop
      vertex 0.408988 12.4933 1.6
      vertex 0.706353 10.7769 1.6
      vertex 0.817538 12.4732 1.6
    endloop
  endfacet
  facet normal 0 0 1
    outer loop
      vertex 0.408988 12.4933 1.6
      vertex 0.353366 10.7942 1.6
      vertex 0.706353 10.7769 1.6
    endloop
  endfacet
  facet normal 0 0 1
    outer loop
      vertex 0 12.5 1.6
      vertex 0.353366 10.7942 1.6
      vertex 0.408988 12.4933 1.6
    endloop
  endfacet
  facet normal 0 0 1
    outer loop
      vertex 0 12.5 1.6
      vertex 0 10.8 1.6
      vertex 0.353366 10.7942 1.6
    endloop
  endfacet
  facet normal 0 0 1
    outer loop
      vertex 0 12.5 1.6
      vertex -0.353366 10.7942 1.6
      vertex 0 10.8 1.6
    endloop
  endfacet
  facet normal -0 0 1
    outer loop
      vertex -0.408988 12.4933 1.6
      vertex -0.353366 10.7942 1.6
      vertex 0 12.5 1.6
    endloop
  endfacet
  facet normal 0 0 1
    outer loop
      vertex -0.408988 12.4933 1.6
      vertex -0.706353 10.7769 1.6
      vertex -0.353366 10.7942 1.6
    endloop
  endfacet
  facet normal -0 0 1
    outer loop
      vertex -0.817538 12.4732 1.6
      vertex -0.706353 10.7769 1.6
      vertex -0.408988 12.4933 1.6
    endloop
  endfacet
  facet normal 0 0 1
    outer loop
      vertex -0.817538 12.4732 1.6
      vertex -1.05858 10.748 1.6
      vertex -0.706353 10.7769 1.6
    endloop
  endfacet
  facet normal -0 0 1
    outer loop
      vertex -1.22521 12.4398 1.6
      vertex -1.05858 10.748 1.6
      vertex -0.817538 12.4732 1.6
    endloop
  endfacet
  facet normal 0 0 1
    outer loop
      vertex -1.22521 12.4398 1.6
      vertex -1.40968 10.7076 1.6
      vertex -1.05858 10.748 1.6
    endloop
  endfacet
  facet normal -0 0 1
    outer loop
      vertex -1.63158 12.3931 1.6
      vertex -1.40968 10.7076 1.6
      vertex -1.22521 12.4398 1.6
    endloop
  endfacet
  facet normal 0 0 1
    outer loop
      vertex -1.63158 12.3931 1.6
      vertex -1.75927 10.6557 1.6
      vertex -1.40968 10.7076 1.6
    endloop
  endfacet
  facet normal -0 0 1
    outer loop
      vertex -2.03619 12.333 1.6
      vertex -1.75927 10.6557 1.6
      vertex -1.63158 12.3931 1.6
    endloop
  endfacet
  facet normal 0 0 1
    outer loop
      vertex -2.03619 12.333 1.6
      vertex -2.10697 10.5925 1.6
      vertex -1.75927 10.6557 1.6
    endloop
  endfacet
  facet normal -0 0 1
    outer loop
      vertex -2.43863 12.2598 1.6
      vertex -2.10697 10.5925 1.6
      vertex -2.03619 12.333 1.6
    endloop
  endfacet
  facet normal 0 0 1
    outer loop
      vertex -2.43863 12.2598 1.6
      vertex -2.45242 10.5179 1.6
      vertex -2.10697 10.5925 1.6
    endloop
  endfacet
  facet normal -0 0 1
    outer loop
      vertex -2.83845 12.1735 1.6
      vertex -2.45242 10.5179 1.6
      vertex -2.43863 12.2598 1.6
    endloop
  endfacet
  facet normal 0 0 1
    outer loop
      vertex -2.45242 10.5179 1.6
      vertex -2.83845 12.1735 1.6
      vertex -2.79525 10.432 1.6
    endloop
  endfacet
  facet normal -0 0 1
    outer loop
      vertex -3.23524 12.0741 1.6
      vertex -2.79525 10.432 1.6
      vertex -2.83845 12.1735 1.6
    endloop
  endfacet
  facet normal 0 0 1
    outer loop
      vertex -2.79525 10.432 1.6
      vertex -3.23524 12.0741 1.6
      vertex -3.13507 10.335 1.6
    endloop
  endfacet
  facet normal -0 0 1
    outer loop
      vertex -3.62856 11.9618 1.6
      vertex -3.13507 10.335 1.6
      vertex -3.23524 12.0741 1.6
    endloop
  endfacet
  facet normal 0 0 1
    outer loop
      vertex -3.13507 10.335 1.6
      vertex -3.62856 11.9618 1.6
      vertex -3.47155 10.2268 1.6
    endloop
  endfacet
  facet normal -0 0 1
    outer loop
      vertex -4.01799 11.8366 1.6
      vertex -3.47155 10.2268 1.6
      vertex -3.62856 11.9618 1.6
    endloop
  endfacet
  facet normal 0 0 1
    outer loop
      vertex -3.47155 10.2268 1.6
      vertex -4.01799 11.8366 1.6
      vertex -3.8043 10.1078 1.6
    endloop
  endfacet
  facet normal -0 0 1
    outer loop
      vertex -4.40312 11.6988 1.6
      vertex -3.8043 10.1078 1.6
      vertex -4.01799 11.8366 1.6
    endloop
  endfacet
  facet normal 0 0 1
    outer loop
      vertex -3.8043 10.1078 1.6
      vertex -4.40312 11.6988 1.6
      vertex -4.13298 9.9779 1.6
    endloop
  endfacet
  facet normal -0 0 1
    outer loop
      vertex -4.78354 11.5485 1.6
      vertex -4.13298 9.9779 1.6
      vertex -4.40312 11.6988 1.6
    endloop
  endfacet
  facet normal 0 0 1
    outer loop
      vertex -4.13298 9.9779 1.6
      vertex -4.78354 11.5485 1.6
      vertex -4.45724 9.83733 1.6
    endloop
  endfacet
  facet normal -0 0 1
    outer loop
      vertex -5.15884 11.3858 1.6
      vertex -4.45724 9.83733 1.6
      vertex -4.78354 11.5485 1.6
    endloop
  endfacet
  facet normal 0 0 1
    outer loop
      vertex -4.45724 9.83733 1.6
      vertex -5.15884 11.3858 1.6
      vertex -4.77672 9.68622 1.6
    endloop
  endfacet
  facet normal -0 0 1
    outer loop
      vertex -5.52861 11.2109 1.6
      vertex -4.77672 9.68622 1.6
      vertex -5.15884 11.3858 1.6
    endloop
  endfacet
  facet normal 0 0 1
    outer loop
      vertex -4.77672 9.68622 1.6
      vertex -5.52861 11.2109 1.6
      vertex -5.09108 9.52475 1.6
    endloop
  endfacet
  facet normal -0 0 1
    outer loop
      vertex -5.89246 11.024 1.6
      vertex -5.09108 9.52475 1.6
      vertex -5.52861 11.2109 1.6
    endloop
  endfacet
  facet normal 0 0 1
    outer loop
      vertex -5.09108 9.52475 1.6
      vertex -5.89246 11.024 1.6
      vertex -5.4 9.35307 1.6
    endloop
  endfacet
  facet normal -0 0 1
    outer loop
      vertex -6.25 10.8253 1.6
      vertex -5.4 9.35307 1.6
      vertex -5.89246 11.024 1.6
    endloop
  endfacet
  facet normal 0 0 1
    outer loop
      vertex -5.4 9.35307 1.6
      vertex -6.25 10.8253 1.6
      vertex -5.70313 9.17138 1.6
    endloop
  endfacet
  facet normal -0 0 1
    outer loop
      vertex -6.60085 10.615 1.6
      vertex -5.70313 9.17138 1.6
      vertex -6.25 10.8253 1.6
    endloop
  endfacet
  facet normal 0 0 1
    outer loop
      vertex -5.70313 9.17138 1.6
      vertex -6.60085 10.615 1.6
      vertex -6.00016 8.97987 1.6
    endloop
  endfacet
  facet normal -0 0 1
    outer loop
      vertex -6.94463 10.3934 1.6
      vertex -6.00016 8.97987 1.6
      vertex -6.60085 10.615 1.6
    endloop
  endfacet
  facet normal 0 0 1
    outer loop
      vertex -6.00016 8.97987 1.6
      vertex -6.94463 10.3934 1.6
      vertex -6.29076 8.77874 1.6
    endloop
  endfacet
  facet normal -0 0 1
    outer loop
      vertex -7.28097 10.1606 1.6
      vertex -6.29076 8.77874 1.6
      vertex -6.94463 10.3934 1.6
    endloop
  endfacet
  facet normal 0 0 1
    outer loop
      vertex -6.29076 8.77874 1.6
      vertex -7.28097 10.1606 1.6
      vertex -6.57462 8.56822 1.6
    endloop
  endfacet
  facet normal -0 0 1
    outer loop
      vertex -7.60952 9.91692 1.6
      vertex -6.57462 8.56822 1.6
      vertex -7.28097 10.1606 1.6
    endloop
  endfacet
  facet normal 0 0 1
    outer loop
      vertex -6.57462 8.56822 1.6
      vertex -7.60952 9.91692 1.6
      vertex -6.85145 8.34851 1.6
    endloop
  endfacet
  facet normal -0 0 1
    outer loop
      vertex -7.92992 9.66263 1.6
      vertex -6.85145 8.34851 1.6
      vertex -7.60952 9.91692 1.6
    endloop
  endfacet
  facet normal 0 0 1
    outer loop
      vertex -6.85145 8.34851 1.6
      vertex -7.92992 9.66263 1.6
      vertex -7.12093 8.11987 1.6
    endloop
  endfacet
  facet normal -0 0 1
    outer loop
      vertex -8.24182 9.398 1.6
      vertex -7.12093 8.11987 1.6
      vertex -7.92992 9.66263 1.6
    endloop
  endfacet
  facet normal 0 0 1
    outer loop
      vertex -7.12093 8.11987 1.6
      vertex -8.24182 9.398 1.6
      vertex -7.3828 7.88253 1.6
    endloop
  endfacet
  facet normal -0 0 1
    outer loop
      vertex -8.5449 9.1233 1.6
      vertex -7.3828 7.88253 1.6
      vertex -8.24182 9.398 1.6
    endloop
  endfacet
  facet normal 0 0 1
    outer loop
      vertex -7.3828 7.88253 1.6
      vertex -8.5449 9.1233 1.6
      vertex -7.63675 7.63675 1.6
    endloop
  endfacet
  facet normal -0 0 1
    outer loop
      vertex -8.83883 8.83883 1.6
      vertex -7.63675 7.63675 1.6
      vertex -8.5449 9.1233 1.6
    endloop
  endfacet
  facet normal 0 0 1
    outer loop
      vertex -7.63675 7.63675 1.6
      vertex -8.83883 8.83883 1.6
      vertex -7.88253 7.3828 1.6
    endloop
  endfacet
  facet normal -0 0 1
    outer loop
      vertex -9.1233 8.5449 1.6
      vertex -7.88253 7.3828 1.6
      vertex -8.83883 8.83883 1.6
    endloop
  endfacet
  facet normal 0 0 1
    outer loop
      vertex -7.88253 7.3828 1.6
      vertex -9.1233 8.5449 1.6
      vertex -8.11987 7.12093 1.6
    endloop
  endfacet
  facet normal -0 0 1
    outer loop
      vertex -9.398 8.24182 1.6
      vertex -8.11987 7.12093 1.6
      vertex -9.1233 8.5449 1.6
    endloop
  endfacet
  facet normal 0 0 1
    outer loop
      vertex -8.11987 7.12093 1.6
      vertex -9.398 8.24182 1.6
      vertex -8.34851 6.85145 1.6
    endloop
  endfacet
  facet normal -0 0 1
    outer loop
      vertex -9.66263 7.92992 1.6
      vertex -8.34851 6.85145 1.6
      vertex -9.398 8.24182 1.6
    endloop
  endfacet
  facet normal 0 0 1
    outer loop
      vertex -8.34851 6.85145 1.6
      vertex -9.66263 7.92992 1.6
      vertex -8.56822 6.57462 1.6
    endloop
  endfacet
  facet normal -0 0 1
    outer loop
      vertex -9.91692 7.60952 1.6
      vertex -8.56822 6.57462 1.6
      vertex -9.66263 7.92992 1.6
    endloop
  endfacet
  facet normal 0 0 1
    outer loop
      vertex -8.56822 6.57462 1.6
      vertex -9.91692 7.60952 1.6
      vertex -8.77874 6.29076 1.6
    endloop
  endfacet
  facet normal -0 0 1
    outer loop
      vertex -10.1606 7.28097 1.6
      vertex -8.77874 6.29076 1.6
      vertex -9.91692 7.60952 1.6
    endloop
  endfacet
  facet normal 0 0 1
    outer loop
      vertex -8.77874 6.29076 1.6
      vertex -10.1606 7.28097 1.6
      vertex -8.97987 6.00016 1.6
    endloop
  endfacet
  facet normal -0 0 1
    outer loop
      vertex -10.3934 6.94463 1.6
      vertex -8.97987 6.00016 1.6
      vertex -10.1606 7.28097 1.6
    endloop
  endfacet
  facet normal 0 0 1
    outer loop
      vertex -8.97987 6.00016 1.6
      vertex -10.3934 6.94463 1.6
      vertex -9.17138 5.70313 1.6
    endloop
  endfacet
  facet normal -0 0 1
    outer loop
      vertex -10.615 6.60085 1.6
      vertex -9.17138 5.70313 1.6
      vertex -10.3934 6.94463 1.6
    endloop
  endfacet
  facet normal 0 0 1
    outer loop
      vertex -9.17138 5.70313 1.6
      vertex -10.615 6.60085 1.6
      vertex -9.35307 5.4 1.6
    endloop
  endfacet
  facet normal -0 0 1
    outer loop
      vertex -10.8253 6.25 1.6
      vertex -9.35307 5.4 1.6
      vertex -10.615 6.60085 1.6
    endloop
  endfacet
  facet normal 0 0 1
    outer loop
      vertex -9.35307 5.4 1.6
      vertex -10.8253 6.25 1.6
      vertex -9.52475 5.09108 1.6
    endloop
  endfacet
  facet normal -0 0 1
    outer loop
      vertex -11.024 5.89246 1.6
      vertex -9.52475 5.09108 1.6
      vertex -10.8253 6.25 1.6
    endloop
  endfacet
  facet normal 0 0 1
    outer loop
      vertex -9.52475 5.09108 1.6
      vertex -11.024 5.89246 1.6
      vertex -9.68622 4.77672 1.6
    endloop
  endfacet
  facet normal -0 0 1
    outer loop
      vertex -11.2109 5.52861 1.6
      vertex -9.68622 4.77672 1.6
      vertex -11.024 5.89246 1.6
    endloop
  endfacet
  facet normal 0 0 1
    outer loop
      vertex -9.68622 4.77672 1.6
      vertex -11.2109 5.52861 1.6
      vertex -9.83733 4.45724 1.6
    endloop
  endfacet
  facet normal -0 0 1
    outer loop
      vertex -11.3858 5.15884 1.6
      vertex -9.83733 4.45724 1.6
      vertex -11.2109 5.52861 1.6
    endloop
  endfacet
  facet normal 0 0 1
    outer loop
      vertex -9.83733 4.45724 1.6
      vertex -11.3858 5.15884 1.6
      vertex -9.9779 4.13298 1.6
    endloop
  endfacet
  facet normal -0 0 1
    outer loop
      vertex -11.5485 4.78354 1.6
      vertex -9.9779 4.13298 1.6
      vertex -11.3858 5.15884 1.6
    endloop
  endfacet
  facet normal 0 0 1
    outer loop
      vertex -9.9779 4.13298 1.6
      vertex -11.5485 4.78354 1.6
      vertex -10.1078 3.8043 1.6
    endloop
  endfacet
  facet normal -0 0 1
    outer loop
      vertex -11.6988 4.40312 1.6
      vertex -10.1078 3.8043 1.6
      vertex -11.5485 4.78354 1.6
    endloop
  endfacet
  facet normal 0 0 1
    outer loop
      vertex -10.1078 3.8043 1.6
      vertex -11.6988 4.40312 1.6
      vertex -10.2268 3.47155 1.6
    endloop
  endfacet
  facet normal -0 0 1
    outer loop
      vertex -11.8366 4.01799 1.6
      vertex -10.2268 3.47155 1.6
      vertex -11.6988 4.40312 1.6
    endloop
  endfacet
  facet normal 0 0 1
    outer loop
      vertex -10.2268 3.47155 1.6
      vertex -11.8366 4.01799 1.6
      vertex -10.335 3.13507 1.6
    endloop
  endfacet
  facet normal -0 0 1
    outer loop
      vertex -11.9618 3.62856 1.6
      vertex -10.335 3.13507 1.6
      vertex -11.8366 4.01799 1.6
    endloop
  endfacet
  facet normal -0 0 1
    outer loop
      vertex -12.0741 3.23524 1.6
      vertex -10.432 2.79525 1.6
      vertex -11.9618 3.62856 1.6
    endloop
  endfacet
  facet normal 0 0 1
    outer loop
      vertex -10.335 3.13507 1.6
      vertex -11.9618 3.62856 1.6
      vertex -10.432 2.79525 1.6
    endloop
  endfacet
  facet normal 0 0 1
    outer loop
      vertex 12.0741 -3.23524 1.6
      vertex 10.432 -2.79525 1.6
      vertex 11.9618 -3.62856 1.6
    endloop
  endfacet
  facet normal -0 0 1
    outer loop
      vertex 10.335 -3.13507 1.6
      vertex 11.9618 -3.62856 1.6
      vertex 10.432 -2.79525 1.6
    endloop
  endfacet
  facet normal 0 0 1
    outer loop
      vertex 11.9618 -3.62856 1.6
      vertex 10.335 -3.13507 1.6
      vertex 11.8366 -4.01799 1.6
    endloop
  endfacet
  facet normal -0 0 1
    outer loop
      vertex 10.2268 -3.47155 1.6
      vertex 11.8366 -4.01799 1.6
      vertex 10.335 -3.13507 1.6
    endloop
  endfacet
  facet normal 0 0 1
    outer loop
      vertex 11.8366 -4.01799 1.6
      vertex 10.2268 -3.47155 1.6
      vertex 11.6988 -4.40312 1.6
    endloop
  endfacet
  facet normal -0 0 1
    outer loop
      vertex 10.1078 -3.8043 1.6
      vertex 11.6988 -4.40312 1.6
      vertex 10.2268 -3.47155 1.6
    endloop
  endfacet
  facet normal 0 0 1
    outer loop
      vertex 11.6988 -4.40312 1.6
      vertex 10.1078 -3.8043 1.6
      vertex 11.5485 -4.78354 1.6
    endloop
  endfacet
  facet normal -0 0 1
    outer loop
      vertex 9.9779 -4.13298 1.6
      vertex 11.5485 -4.78354 1.6
      vertex 10.1078 -3.8043 1.6
    endloop
  endfacet
  facet normal 0 0 1
    outer loop
      vertex 11.5485 -4.78354 1.6
      vertex 9.9779 -4.13298 1.6
      vertex 11.3858 -5.15884 1.6
    endloop
  endfacet
  facet normal -0 0 1
    outer loop
      vertex 9.83733 -4.45724 1.6
      vertex 11.3858 -5.15884 1.6
      vertex 9.9779 -4.13298 1.6
    endloop
  endfacet
  facet normal 0 0 1
    outer loop
      vertex 11.3858 -5.15884 1.6
      vertex 9.83733 -4.45724 1.6
      vertex 11.2109 -5.52861 1.6
    endloop
  endfacet
  facet normal -0 0 1
    outer loop
      vertex 9.68622 -4.77672 1.6
      vertex 11.2109 -5.52861 1.6
      vertex 9.83733 -4.45724 1.6
    endloop
  endfacet
  facet normal 0 0 1
    outer loop
      vertex 11.2109 -5.52861 1.6
      vertex 9.68622 -4.77672 1.6
      vertex 11.024 -5.89246 1.6
    endloop
  endfacet
  facet normal -0 0 1
    outer loop
      vertex 9.52475 -5.09108 1.6
      vertex 11.024 -5.89246 1.6
      vertex 9.68622 -4.77672 1.6
    endloop
  endfacet
  facet normal 0 0 1
    outer loop
      vertex 11.024 -5.89246 1.6
      vertex 9.52475 -5.09108 1.6
      vertex 10.8253 -6.25 1.6
    endloop
  endfacet
  facet normal -0 0 1
    outer loop
      vertex 9.35307 -5.4 1.6
      vertex 10.8253 -6.25 1.6
      vertex 9.52475 -5.09108 1.6
    endloop
  endfacet
  facet normal 0 0 1
    outer loop
      vertex 10.8253 -6.25 1.6
      vertex 9.35307 -5.4 1.6
      vertex 10.615 -6.60085 1.6
    endloop
  endfacet
  facet normal -0 0 1
    outer loop
      vertex 9.17138 -5.70313 1.6
      vertex 10.615 -6.60085 1.6
      vertex 9.35307 -5.4 1.6
    endloop
  endfacet
  facet normal 0 0 1
    outer loop
      vertex 10.615 -6.60085 1.6
      vertex 9.17138 -5.70313 1.6
      vertex 10.3934 -6.94463 1.6
    endloop
  endfacet
  facet normal -0 0 1
    outer loop
      vertex 8.97987 -6.00016 1.6
      vertex 10.3934 -6.94463 1.6
      vertex 9.17138 -5.70313 1.6
    endloop
  endfacet
  facet normal 0 0 1
    outer loop
      vertex 10.3934 -6.94463 1.6
      vertex 8.97987 -6.00016 1.6
      vertex 10.1606 -7.28097 1.6
    endloop
  endfacet
  facet normal -0 0 1
    outer loop
      vertex 8.77874 -6.29076 1.6
      vertex 10.1606 -7.28097 1.6
      vertex 8.97987 -6.00016 1.6
    endloop
  endfacet
  facet normal 0 0 1
    outer loop
      vertex 10.1606 -7.28097 1.6
      vertex 8.77874 -6.29076 1.6
      vertex 9.91692 -7.60952 1.6
    endloop
  endfacet
  facet normal -0 0 1
    outer loop
      vertex 8.56822 -6.57462 1.6
      vertex 9.91692 -7.60952 1.6
      vertex 8.77874 -6.29076 1.6
    endloop
  endfacet
  facet normal 0 0 1
    outer loop
      vertex 9.91692 -7.60952 1.6
      vertex 8.56822 -6.57462 1.6
      vertex 9.66263 -7.92992 1.6
    endloop
  endfacet
  facet normal -0 0 1
    outer loop
      vertex 8.34851 -6.85145 1.6
      vertex 9.66263 -7.92992 1.6
      vertex 8.56822 -6.57462 1.6
    endloop
  endfacet
  facet normal 0 0 1
    outer loop
      vertex 9.66263 -7.92992 1.6
      vertex 8.34851 -6.85145 1.6
      vertex 9.398 -8.24182 1.6
    endloop
  endfacet
  facet normal -0 0 1
    outer loop
      vertex 8.11987 -7.12093 1.6
      vertex 9.398 -8.24182 1.6
      vertex 8.34851 -6.85145 1.6
    endloop
  endfacet
  facet normal 0 0 1
    outer loop
      vertex 9.398 -8.24182 1.6
      vertex 8.11987 -7.12093 1.6
      vertex 9.1233 -8.5449 1.6
    endloop
  endfacet
  facet normal -0 0 1
    outer loop
      vertex 7.88253 -7.3828 1.6
      vertex 9.1233 -8.5449 1.6
      vertex 8.11987 -7.12093 1.6
    endloop
  endfacet
  facet normal 0 0 1
    outer loop
      vertex 9.1233 -8.5449 1.6
      vertex 7.88253 -7.3828 1.6
      vertex 8.83883 -8.83883 1.6
    endloop
  endfacet
  facet normal -0 0 1
    outer loop
      vertex 7.63675 -7.63675 1.6
      vertex 8.83883 -8.83883 1.6
      vertex 7.88253 -7.3828 1.6
    endloop
  endfacet
  facet normal 0 0 1
    outer loop
      vertex 8.83883 -8.83883 1.6
      vertex 7.63675 -7.63675 1.6
      vertex 8.5449 -9.1233 1.6
    endloop
  endfacet
  facet normal -0 0 1
    outer loop
      vertex 7.3828 -7.88253 1.6
      vertex 8.5449 -9.1233 1.6
      vertex 7.63675 -7.63675 1.6
    endloop
  endfacet
  facet normal 0 0 1
    outer loop
      vertex 8.5449 -9.1233 1.6
      vertex 7.3828 -7.88253 1.6
      vertex 8.24182 -9.398 1.6
    endloop
  endfacet
  facet normal -0 0 1
    outer loop
      vertex 7.12093 -8.11987 1.6
      vertex 8.24182 -9.398 1.6
      vertex 7.3828 -7.88253 1.6
    endloop
  endfacet
  facet normal 0 0 1
    outer loop
      vertex 8.24182 -9.398 1.6
      vertex 7.12093 -8.11987 1.6
      vertex 7.92992 -9.66263 1.6
    endloop
  endfacet
  facet normal -0 0 1
    outer loop
      vertex 6.85145 -8.34851 1.6
      vertex 7.92992 -9.66263 1.6
      vertex 7.12093 -8.11987 1.6
    endloop
  endfacet
  facet normal 0 0 1
    outer loop
      vertex 7.92992 -9.66263 1.6
      vertex 6.85145 -8.34851 1.6
      vertex 7.60952 -9.91692 1.6
    endloop
  endfacet
  facet normal -0 0 1
    outer loop
      vertex 6.57462 -8.56822 1.6
      vertex 7.60952 -9.91692 1.6
      vertex 6.85145 -8.34851 1.6
    endloop
  endfacet
  facet normal 0 0 1
    outer loop
      vertex 7.60952 -9.91692 1.6
      vertex 6.57462 -8.56822 1.6
      vertex 7.28097 -10.1606 1.6
    endloop
  endfacet
  facet normal -0 0 1
    outer loop
      vertex 6.29076 -8.77874 1.6
      vertex 7.28097 -10.1606 1.6
      vertex 6.57462 -8.56822 1.6
    endloop
  endfacet
  facet normal 0 0 1
    outer loop
      vertex 7.28097 -10.1606 1.6
      vertex 6.29076 -8.77874 1.6
      vertex 6.94463 -10.3934 1.6
    endloop
  endfacet
  facet normal -0 0 1
    outer loop
      vertex 6.00016 -8.97987 1.6
      vertex 6.94463 -10.3934 1.6
      vertex 6.29076 -8.77874 1.6
    endloop
  endfacet
  facet normal 0 0 1
    outer loop
      vertex 6.94463 -10.3934 1.6
      vertex 6.00016 -8.97987 1.6
      vertex 6.60085 -10.615 1.6
    endloop
  endfacet
  facet normal -0 0 1
    outer loop
      vertex 5.70313 -9.17138 1.6
      vertex 6.60085 -10.615 1.6
      vertex 6.00016 -8.97987 1.6
    endloop
  endfacet
  facet normal 0 0 1
    outer loop
      vertex 6.60085 -10.615 1.6
      vertex 5.70313 -9.17138 1.6
      vertex 6.25 -10.8253 1.6
    endloop
  endfacet
  facet normal -0 0 1
    outer loop
      vertex 5.4 -9.35307 1.6
      vertex 6.25 -10.8253 1.6
      vertex 5.70313 -9.17138 1.6
    endloop
  endfacet
  facet normal 0 0 1
    outer loop
      vertex 6.25 -10.8253 1.6
      vertex 5.4 -9.35307 1.6
      vertex 5.89246 -11.024 1.6
    endloop
  endfacet
  facet normal -0 0 1
    outer loop
      vertex 5.09108 -9.52475 1.6
      vertex 5.89246 -11.024 1.6
      vertex 5.4 -9.35307 1.6
    endloop
  endfacet
  facet normal 0 0 1
    outer loop
      vertex 5.89246 -11.024 1.6
      vertex 5.09108 -9.52475 1.6
      vertex 5.52861 -11.2109 1.6
    endloop
  endfacet
  facet normal -0 0 1
    outer loop
      vertex 4.77672 -9.68622 1.6
      vertex 5.52861 -11.2109 1.6
      vertex 5.09108 -9.52475 1.6
    endloop
  endfacet
  facet normal 0 0 1
    outer loop
      vertex 5.52861 -11.2109 1.6
      vertex 4.77672 -9.68622 1.6
      vertex 5.15884 -11.3858 1.6
    endloop
  endfacet
  facet normal -0 0 1
    outer loop
      vertex 4.45724 -9.83733 1.6
      vertex 5.15884 -11.3858 1.6
      vertex 4.77672 -9.68622 1.6
    endloop
  endfacet
  facet normal 0 0 1
    outer loop
      vertex 5.15884 -11.3858 1.6
      vertex 4.45724 -9.83733 1.6
      vertex 4.78354 -11.5485 1.6
    endloop
  endfacet
  facet normal -0 0 1
    outer loop
      vertex 4.13298 -9.9779 1.6
      vertex 4.78354 -11.5485 1.6
      vertex 4.45724 -9.83733 1.6
    endloop
  endfacet
  facet normal 0 0 1
    outer loop
      vertex 4.78354 -11.5485 1.6
      vertex 4.13298 -9.9779 1.6
      vertex 4.40312 -11.6988 1.6
    endloop
  endfacet
  facet normal -0 0 1
    outer loop
      vertex 3.8043 -10.1078 1.6
      vertex 4.40312 -11.6988 1.6
      vertex 4.13298 -9.9779 1.6
    endloop
  endfacet
  facet normal 0 0 1
    outer loop
      vertex 4.40312 -11.6988 1.6
      vertex 3.8043 -10.1078 1.6
      vertex 4.01799 -11.8366 1.6
    endloop
  endfacet
  facet normal -0 0 1
    outer loop
      vertex 3.47155 -10.2268 1.6
      vertex 4.01799 -11.8366 1.6
      vertex 3.8043 -10.1078 1.6
    endloop
  endfacet
  facet normal 0 0 1
    outer loop
      vertex 4.01799 -11.8366 1.6
      vertex 3.47155 -10.2268 1.6
      vertex 3.62856 -11.9618 1.6
    endloop
  endfacet
  facet normal -0 0 1
    outer loop
      vertex 3.13507 -10.335 1.6
      vertex 3.62856 -11.9618 1.6
      vertex 3.47155 -10.2268 1.6
    endloop
  endfacet
  facet normal 0 0 1
    outer loop
      vertex 3.62856 -11.9618 1.6
      vertex 3.13507 -10.335 1.6
      vertex 3.23524 -12.0741 1.6
    endloop
  endfacet
  facet normal -0 0 1
    outer loop
      vertex 2.79525 -10.432 1.6
      vertex 3.23524 -12.0741 1.6
      vertex 3.13507 -10.335 1.6
    endloop
  endfacet
  facet normal 0 0 1
    outer loop
      vertex 3.23524 -12.0741 1.6
      vertex 2.79525 -10.432 1.6
      vertex 2.83845 -12.1735 1.6
    endloop
  endfacet
  facet normal -0 0 1
    outer loop
      vertex 2.45242 -10.5179 1.6
      vertex 2.83845 -12.1735 1.6
      vertex 2.79525 -10.432 1.6
    endloop
  endfacet
  facet normal 0 0 1
    outer loop
      vertex 2.45242 -10.5179 1.6
      vertex 2.43863 -12.2598 1.6
      vertex 2.83845 -12.1735 1.6
    endloop
  endfacet
  facet normal -0 0 1
    outer loop
      vertex 2.10697 -10.5925 1.6
      vertex 2.43863 -12.2598 1.6
      vertex 2.45242 -10.5179 1.6
    endloop
  endfacet
  facet normal 0 0 1
    outer loop
      vertex 2.10697 -10.5925 1.6
      vertex 2.03619 -12.333 1.6
      vertex 2.43863 -12.2598 1.6
    endloop
  endfacet
  facet normal -0 0 1
    outer loop
      vertex 1.75927 -10.6557 1.6
      vertex 2.03619 -12.333 1.6
      vertex 2.10697 -10.5925 1.6
    endloop
  endfacet
  facet normal 0 0 1
    outer loop
      vertex 1.75927 -10.6557 1.6
      vertex 1.63158 -12.3931 1.6
      vertex 2.03619 -12.333 1.6
    endloop
  endfacet
  facet normal -0 0 1
    outer loop
      vertex 1.40968 -10.7076 1.6
      vertex 1.63158 -12.3931 1.6
      vertex 1.75927 -10.6557 1.6
    endloop
  endfacet
  facet normal 0 0 1
    outer loop
      vertex 1.40968 -10.7076 1.6
      vertex 1.22521 -12.4398 1.6
      vertex 1.63158 -12.3931 1.6
    endloop
  endfacet
  facet normal -0 0 1
    outer loop
      vertex 1.05858 -10.748 1.6
      vertex 1.22521 -12.4398 1.6
      vertex 1.40968 -10.7076 1.6
    endloop
  endfacet
  facet normal 0 0 1
    outer loop
      vertex 1.05858 -10.748 1.6
      vertex 0.817538 -12.4732 1.6
      vertex 1.22521 -12.4398 1.6
    endloop
  endfacet
  facet normal -0 0 1
    outer loop
      vertex 0.706353 -10.7769 1.6
      vertex 0.817538 -12.4732 1.6
      vertex 1.05858 -10.748 1.6
    endloop
  endfacet
  facet normal 0 0 1
    outer loop
      vertex 0.706353 -10.7769 1.6
      vertex 0.408988 -12.4933 1.6
      vertex 0.817538 -12.4732 1.6
    endloop
  endfacet
  facet normal -0 0 1
    outer loop
      vertex 0.353366 -10.7942 1.6
      vertex 0.408988 -12.4933 1.6
      vertex 0.706353 -10.7769 1.6
    endloop
  endfacet
  facet normal -0 0 1
    outer loop
      vertex 0 -10.8 1.6
      vertex 0.408988 -12.4933 1.6
      vertex 0.353366 -10.7942 1.6
    endloop
  endfacet
  facet normal 0 0 1
    outer loop
      vertex 0 -10.8 1.6
      vertex 0 -12.5 1.6
      vertex 0.408988 -12.4933 1.6
    endloop
  endfacet
  facet normal 0 0 1
    outer loop
      vertex -0.353366 -10.7942 1.6
      vertex 0 -12.5 1.6
      vertex 0 -10.8 1.6
    endloop
  endfacet
  facet normal 0 0 1
    outer loop
      vertex -0.353366 -10.7942 1.6
      vertex -0.408988 -12.4933 1.6
      vertex 0 -12.5 1.6
    endloop
  endfacet
  facet normal 0 0 1
    outer loop
      vertex -0.706353 -10.7769 1.6
      vertex -0.408988 -12.4933 1.6
      vertex -0.353366 -10.7942 1.6
    endloop
  endfacet
  facet normal 0 0 1
    outer loop
      vertex -0.706353 -10.7769 1.6
      vertex -0.817538 -12.4732 1.6
      vertex -0.408988 -12.4933 1.6
    endloop
  endfacet
  facet normal 0 0 1
    outer loop
      vertex -1.05858 -10.748 1.6
      vertex -0.817538 -12.4732 1.6
      vertex -0.706353 -10.7769 1.6
    endloop
  endfacet
  facet normal 0 0 1
    outer loop
      vertex -1.05858 -10.748 1.6
      vertex -1.22521 -12.4398 1.6
      vertex -0.817538 -12.4732 1.6
    endloop
  endfacet
  facet normal 0 0 1
    outer loop
      vertex -1.40968 -10.7076 1.6
      vertex -1.22521 -12.4398 1.6
      vertex -1.05858 -10.748 1.6
    endloop
  endfacet
  facet normal 0 0 1
    outer loop
      vertex -1.40968 -10.7076 1.6
      vertex -1.63158 -12.3931 1.6
      vertex -1.22521 -12.4398 1.6
    endloop
  endfacet
  facet normal 0 0 1
    outer loop
      vertex -1.75927 -10.6557 1.6
      vertex -1.63158 -12.3931 1.6
      vertex -1.40968 -10.7076 1.6
    endloop
  endfacet
  facet normal 0 0 1
    outer loop
      vertex -1.75927 -10.6557 1.6
      vertex -2.03619 -12.333 1.6
      vertex -1.63158 -12.3931 1.6
    endloop
  endfacet
  facet normal 0 0 1
    outer loop
      vertex -2.10697 -10.5925 1.6
      vertex -2.03619 -12.333 1.6
      vertex -1.75927 -10.6557 1.6
    endloop
  endfacet
  facet normal 0 0 1
    outer loop
      vertex -2.10697 -10.5925 1.6
      vertex -2.43863 -12.2598 1.6
      vertex -2.03619 -12.333 1.6
    endloop
  endfacet
  facet normal 0 0 1
    outer loop
      vertex -2.45242 -10.5179 1.6
      vertex -2.43863 -12.2598 1.6
      vertex -2.10697 -10.5925 1.6
    endloop
  endfacet
  facet normal 0 0 1
    outer loop
      vertex -2.83845 -12.1735 1.6
      vertex -2.45242 -10.5179 1.6
      vertex -2.79525 -10.432 1.6
    endloop
  endfacet
  facet normal 0 0 1
    outer loop
      vertex -2.45242 -10.5179 1.6
      vertex -2.83845 -12.1735 1.6
      vertex -2.43863 -12.2598 1.6
    endloop
  endfacet
  facet normal 0 0 1
    outer loop
      vertex -3.23524 -12.0741 1.6
      vertex -2.79525 -10.432 1.6
      vertex -3.13507 -10.335 1.6
    endloop
  endfacet
  facet normal 0 0 1
    outer loop
      vertex -2.79525 -10.432 1.6
      vertex -3.23524 -12.0741 1.6
      vertex -2.83845 -12.1735 1.6
    endloop
  endfacet
  facet normal 0 0 1
    outer loop
      vertex -3.62856 -11.9618 1.6
      vertex -3.13507 -10.335 1.6
      vertex -3.47155 -10.2268 1.6
    endloop
  endfacet
  facet normal 0 0 1
    outer loop
      vertex -3.13507 -10.335 1.6
      vertex -3.62856 -11.9618 1.6
      vertex -3.23524 -12.0741 1.6
    endloop
  endfacet
  facet normal 0 0 1
    outer loop
      vertex -4.01799 -11.8366 1.6
      vertex -3.47155 -10.2268 1.6
      vertex -3.8043 -10.1078 1.6
    endloop
  endfacet
  facet normal 0 0 1
    outer loop
      vertex -3.47155 -10.2268 1.6
      vertex -4.01799 -11.8366 1.6
      vertex -3.62856 -11.9618 1.6
    endloop
  endfacet
  facet normal 0 0 1
    outer loop
      vertex -4.40312 -11.6988 1.6
      vertex -3.8043 -10.1078 1.6
      vertex -4.13298 -9.9779 1.6
    endloop
  endfacet
  facet normal 0 0 1
    outer loop
      vertex -3.8043 -10.1078 1.6
      vertex -4.40312 -11.6988 1.6
      vertex -4.01799 -11.8366 1.6
    endloop
  endfacet
  facet normal 0 0 1
    outer loop
      vertex -4.78354 -11.5485 1.6
      vertex -4.13298 -9.9779 1.6
      vertex -4.45724 -9.83733 1.6
    endloop
  endfacet
  facet normal 0 0 1
    outer loop
      vertex -5.15884 -11.3858 1.6
      vertex -4.45724 -9.83733 1.6
      vertex -4.77672 -9.68622 1.6
    endloop
  endfacet
  facet normal 0 0 1
    outer loop
      vertex -4.13298 -9.9779 1.6
      vertex -4.78354 -11.5485 1.6
      vertex -4.40312 -11.6988 1.6
    endloop
  endfacet
  facet normal 0 0 1
    outer loop
      vertex -5.52861 -11.2109 1.6
      vertex -4.77672 -9.68622 1.6
      vertex -5.09108 -9.52475 1.6
    endloop
  endfacet
  facet normal 0 0 1
    outer loop
      vertex -4.45724 -9.83733 1.6
      vertex -5.15884 -11.3858 1.6
      vertex -4.78354 -11.5485 1.6
    endloop
  endfacet
  facet normal 0 0 1
    outer loop
      vertex -5.89246 -11.024 1.6
      vertex -5.09108 -9.52475 1.6
      vertex -5.4 -9.35307 1.6
    endloop
  endfacet
  facet normal 0 0 1
    outer loop
      vertex -4.77672 -9.68622 1.6
      vertex -5.52861 -11.2109 1.6
      vertex -5.15884 -11.3858 1.6
    endloop
  endfacet
  facet normal 0 0 1
    outer loop
      vertex -6.25 -10.8253 1.6
      vertex -5.4 -9.35307 1.6
      vertex -5.70313 -9.17138 1.6
    endloop
  endfacet
  facet normal 0 0 1
    outer loop
      vertex -5.09108 -9.52475 1.6
      vertex -5.89246 -11.024 1.6
      vertex -5.52861 -11.2109 1.6
    endloop
  endfacet
  facet normal 0 0 1
    outer loop
      vertex -6.60085 -10.615 1.6
      vertex -5.70313 -9.17138 1.6
      vertex -6.00016 -8.97987 1.6
    endloop
  endfacet
  facet normal 0 0 1
    outer loop
      vertex -5.4 -9.35307 1.6
      vertex -6.25 -10.8253 1.6
      vertex -5.89246 -11.024 1.6
    endloop
  endfacet
  facet normal 0 0 1
    outer loop
      vertex -6.94463 -10.3934 1.6
      vertex -6.00016 -8.97987 1.6
      vertex -6.29076 -8.77874 1.6
    endloop
  endfacet
  facet normal 0 0 1
    outer loop
      vertex -7.28097 -10.1606 1.6
      vertex -6.29076 -8.77874 1.6
      vertex -6.57462 -8.56822 1.6
    endloop
  endfacet
  facet normal 0 0 1
    outer loop
      vertex -5.70313 -9.17138 1.6
      vertex -6.60085 -10.615 1.6
      vertex -6.25 -10.8253 1.6
    endloop
  endfacet
  facet normal 0 0 1
    outer loop
      vertex -7.60952 -9.91692 1.6
      vertex -6.57462 -8.56822 1.6
      vertex -6.85145 -8.34851 1.6
    endloop
  endfacet
  facet normal 0 0 1
    outer loop
      vertex -6.00016 -8.97987 1.6
      vertex -6.94463 -10.3934 1.6
      vertex -6.60085 -10.615 1.6
    endloop
  endfacet
  facet normal 0 0 1
    outer loop
      vertex -7.92992 -9.66263 1.6
      vertex -6.85145 -8.34851 1.6
      vertex -7.12093 -8.11987 1.6
    endloop
  endfacet
  facet normal 0 0 1
    outer loop
      vertex -6.29076 -8.77874 1.6
      vertex -7.28097 -10.1606 1.6
      vertex -6.94463 -10.3934 1.6
    endloop
  endfacet
  facet normal 0 0 1
    outer loop
      vertex -8.24182 -9.398 1.6
      vertex -7.12093 -8.11987 1.6
      vertex -7.3828 -7.88253 1.6
    endloop
  endfacet
  facet normal 0 0 1
    outer loop
      vertex -6.57462 -8.56822 1.6
      vertex -7.60952 -9.91692 1.6
      vertex -7.28097 -10.1606 1.6
    endloop
  endfacet
  facet normal 0 0 1
    outer loop
      vertex -8.5449 -9.1233 1.6
      vertex -7.3828 -7.88253 1.6
      vertex -7.63675 -7.63675 1.6
    endloop
  endfacet
  facet normal 0 0 1
    outer loop
      vertex -8.83883 -8.83883 1.6
      vertex -7.63675 -7.63675 1.6
      vertex -7.88253 -7.3828 1.6
    endloop
  endfacet
  facet normal 0 0 1
    outer loop
      vertex -6.85145 -8.34851 1.6
      vertex -7.92992 -9.66263 1.6
      vertex -7.60952 -9.91692 1.6
    endloop
  endfacet
  facet normal 0 0 1
    outer loop
      vertex -9.1233 -8.5449 1.6
      vertex -7.88253 -7.3828 1.6
      vertex -8.11987 -7.12093 1.6
    endloop
  endfacet
  facet normal 0 0 1
    outer loop
      vertex -7.12093 -8.11987 1.6
      vertex -8.24182 -9.398 1.6
      vertex -7.92992 -9.66263 1.6
    endloop
  endfacet
  facet normal 0 0 1
    outer loop
      vertex -9.398 -8.24182 1.6
      vertex -8.11987 -7.12093 1.6
      vertex -8.34851 -6.85145 1.6
    endloop
  endfacet
  facet normal 0 0 1
    outer loop
      vertex -7.3828 -7.88253 1.6
      vertex -8.5449 -9.1233 1.6
      vertex -8.24182 -9.398 1.6
    endloop
  endfacet
  facet normal 0 0 1
    outer loop
      vertex -9.66263 -7.92992 1.6
      vertex -8.34851 -6.85145 1.6
      vertex -8.56822 -6.57462 1.6
    endloop
  endfacet
  facet normal 0 0 1
    outer loop
      vertex -9.91692 -7.60952 1.6
      vertex -8.56822 -6.57462 1.6
      vertex -8.77874 -6.29076 1.6
    endloop
  endfacet
  facet normal 0 0 1
    outer loop
      vertex -7.63675 -7.63675 1.6
      vertex -8.83883 -8.83883 1.6
      vertex -8.5449 -9.1233 1.6
    endloop
  endfacet
  facet normal 0 0 1
    outer loop
      vertex -10.1606 -7.28097 1.6
      vertex -8.77874 -6.29076 1.6
      vertex -8.97987 -6.00016 1.6
    endloop
  endfacet
  facet normal 0 0 1
    outer loop
      vertex -7.88253 -7.3828 1.6
      vertex -9.1233 -8.5449 1.6
      vertex -8.83883 -8.83883 1.6
    endloop
  endfacet
  facet normal 0 0 1
    outer loop
      vertex -10.3934 -6.94463 1.6
      vertex -8.97987 -6.00016 1.6
      vertex -9.17138 -5.70313 1.6
    endloop
  endfacet
  facet normal 0 0 1
    outer loop
      vertex -10.615 -6.60085 1.6
      vertex -9.17138 -5.70313 1.6
      vertex -9.35307 -5.4 1.6
    endloop
  endfacet
  facet normal 0 0 1
    outer loop
      vertex -8.11987 -7.12093 1.6
      vertex -9.398 -8.24182 1.6
      vertex -9.1233 -8.5449 1.6
    endloop
  endfacet
  facet normal 0 0 1
    outer loop
      vertex -10.8253 -6.25 1.6
      vertex -9.35307 -5.4 1.6
      vertex -9.52475 -5.09108 1.6
    endloop
  endfacet
  facet normal 0 0 1
    outer loop
      vertex -8.34851 -6.85145 1.6
      vertex -9.66263 -7.92992 1.6
      vertex -9.398 -8.24182 1.6
    endloop
  endfacet
  facet normal 0 0 1
    outer loop
      vertex -11.024 -5.89246 1.6
      vertex -9.52475 -5.09108 1.6
      vertex -9.68622 -4.77672 1.6
    endloop
  endfacet
  facet normal 0 0 1
    outer loop
      vertex -11.2109 -5.52861 1.6
      vertex -9.68622 -4.77672 1.6
      vertex -9.83733 -4.45724 1.6
    endloop
  endfacet
  facet normal 0 0 1
    outer loop
      vertex -8.56822 -6.57462 1.6
      vertex -9.91692 -7.60952 1.6
      vertex -9.66263 -7.92992 1.6
    endloop
  endfacet
  facet normal 0 0 1
    outer loop
      vertex -11.3858 -5.15884 1.6
      vertex -9.83733 -4.45724 1.6
      vertex -9.9779 -4.13298 1.6
    endloop
  endfacet
  facet normal 0 0 1
    outer loop
      vertex -11.5485 -4.78354 1.6
      vertex -9.9779 -4.13298 1.6
      vertex -10.1078 -3.8043 1.6
    endloop
  endfacet
  facet normal 0 0 1
    outer loop
      vertex -8.77874 -6.29076 1.6
      vertex -10.1606 -7.28097 1.6
      vertex -9.91692 -7.60952 1.6
    endloop
  endfacet
  facet normal 0 0 1
    outer loop
      vertex -11.6988 -4.40312 1.6
      vertex -10.1078 -3.8043 1.6
      vertex -10.2268 -3.47155 1.6
    endloop
  endfacet
  facet normal 0 0 1
    outer loop
      vertex -11.8366 -4.01799 1.6
      vertex -10.2268 -3.47155 1.6
      vertex -10.335 -3.13507 1.6
    endloop
  endfacet
  facet normal 0 0 1
    outer loop
      vertex -8.97987 -6.00016 1.6
      vertex -10.3934 -6.94463 1.6
      vertex -10.1606 -7.28097 1.6
    endloop
  endfacet
  facet normal 0 0 1
    outer loop
      vertex -11.9618 -3.62856 1.6
      vertex -10.335 -3.13507 1.6
      vertex -10.432 -2.79525 1.6
    endloop
  endfacet
  facet normal 0 0 1
    outer loop
      vertex -12.0741 -3.23524 1.6
      vertex -10.432 -2.79525 1.6
      vertex -10.5179 -2.45242 1.6
    endloop
  endfacet
  facet normal 0 0 1
    outer loop
      vertex -12.1735 -2.83845 1.6
      vertex -10.5179 -2.45242 1.6
      vertex -10.5925 -2.10697 1.6
    endloop
  endfacet
  facet normal 0 0 1
    outer loop
      vertex -9.17138 -5.70313 1.6
      vertex -10.615 -6.60085 1.6
      vertex -10.3934 -6.94463 1.6
    endloop
  endfacet
  facet normal 0 0 1
    outer loop
      vertex -12.2598 -2.43863 1.6
      vertex -10.5925 -2.10697 1.6
      vertex -10.6557 -1.75927 1.6
    endloop
  endfacet
  facet normal 0 0 1
    outer loop
      vertex -12.333 -2.03619 1.6
      vertex -10.6557 -1.75927 1.6
      vertex -10.7076 -1.40968 1.6
    endloop
  endfacet
  facet normal 0 0 1
    outer loop
      vertex -12.3931 -1.63158 1.6
      vertex -10.7076 -1.40968 1.6
      vertex -10.748 -1.05858 1.6
    endloop
  endfacet
  facet normal 0 0 1
    outer loop
      vertex -12.4398 -1.22521 1.6
      vertex -10.748 -1.05858 1.6
      vertex -10.7769 -0.706353 1.6
    endloop
  endfacet
  facet normal 0 0 1
    outer loop
      vertex -12.4732 -0.817538 1.6
      vertex -10.7769 -0.706353 1.6
      vertex -10.7942 -0.353366 1.6
    endloop
  endfacet
  facet normal 0 0 1
    outer loop
      vertex -9.35307 -5.4 1.6
      vertex -10.8253 -6.25 1.6
      vertex -10.615 -6.60085 1.6
    endloop
  endfacet
  facet normal 0 0 1
    outer loop
      vertex -12.4933 -0.408988 1.6
      vertex -10.7942 -0.353366 1.6
      vertex -10.8 0 1.6
    endloop
  endfacet
  facet normal 0 0 1
    outer loop
      vertex -10.432 2.79525 1.6
      vertex -12.0741 3.23524 1.6
      vertex -10.5179 2.45242 1.6
    endloop
  endfacet
  facet normal -0 0 1
    outer loop
      vertex -12.1735 2.83845 1.6
      vertex -10.5179 2.45242 1.6
      vertex -12.0741 3.23524 1.6
    endloop
  endfacet
  facet normal 0 0 1
    outer loop
      vertex -9.52475 -5.09108 1.6
      vertex -11.024 -5.89246 1.6
      vertex -10.8253 -6.25 1.6
    endloop
  endfacet
  facet normal 0 0 1
    outer loop
      vertex -10.5179 2.45242 1.6
      vertex -12.1735 2.83845 1.6
      vertex -10.5925 2.10697 1.6
    endloop
  endfacet
  facet normal 0 0 1
    outer loop
      vertex -9.68622 -4.77672 1.6
      vertex -11.2109 -5.52861 1.6
      vertex -11.024 -5.89246 1.6
    endloop
  endfacet
  facet normal -0 0 1
    outer loop
      vertex -12.2598 2.43863 1.6
      vertex -10.5925 2.10697 1.6
      vertex -12.1735 2.83845 1.6
    endloop
  endfacet
  facet normal 0 0 1
    outer loop
      vertex -9.83733 -4.45724 1.6
      vertex -11.3858 -5.15884 1.6
      vertex -11.2109 -5.52861 1.6
    endloop
  endfacet
  facet normal 0 0 1
    outer loop
      vertex -10.5925 2.10697 1.6
      vertex -12.2598 2.43863 1.6
      vertex -10.6557 1.75927 1.6
    endloop
  endfacet
  facet normal 0 0 1
    outer loop
      vertex -9.9779 -4.13298 1.6
      vertex -11.5485 -4.78354 1.6
      vertex -11.3858 -5.15884 1.6
    endloop
  endfacet
  facet normal -0 0 1
    outer loop
      vertex -12.333 2.03619 1.6
      vertex -10.6557 1.75927 1.6
      vertex -12.2598 2.43863 1.6
    endloop
  endfacet
  facet normal 0 0 1
    outer loop
      vertex -10.1078 -3.8043 1.6
      vertex -11.6988 -4.40312 1.6
      vertex -11.5485 -4.78354 1.6
    endloop
  endfacet
  facet normal 0 0 1
    outer loop
      vertex -10.6557 1.75927 1.6
      vertex -12.333 2.03619 1.6
      vertex -10.7076 1.40968 1.6
    endloop
  endfacet
  facet normal 0 0 1
    outer loop
      vertex -10.2268 -3.47155 1.6
      vertex -11.8366 -4.01799 1.6
      vertex -11.6988 -4.40312 1.6
    endloop
  endfacet
  facet normal -0 0 1
    outer loop
      vertex -12.3931 1.63158 1.6
      vertex -10.7076 1.40968 1.6
      vertex -12.333 2.03619 1.6
    endloop
  endfacet
  facet normal 0 0 1
    outer loop
      vertex -10.335 -3.13507 1.6
      vertex -11.9618 -3.62856 1.6
      vertex -11.8366 -4.01799 1.6
    endloop
  endfacet
  facet normal 0 0 1
    outer loop
      vertex -10.7076 1.40968 1.6
      vertex -12.3931 1.63158 1.6
      vertex -10.748 1.05858 1.6
    endloop
  endfacet
  facet normal 0 0 1
    outer loop
      vertex -10.432 -2.79525 1.6
      vertex -12.0741 -3.23524 1.6
      vertex -11.9618 -3.62856 1.6
    endloop
  endfacet
  facet normal -0 0 1
    outer loop
      vertex -12.4398 1.22521 1.6
      vertex -10.748 1.05858 1.6
      vertex -12.3931 1.63158 1.6
    endloop
  endfacet
  facet normal 0 0 1
    outer loop
      vertex -10.5179 -2.45242 1.6
      vertex -12.1735 -2.83845 1.6
      vertex -12.0741 -3.23524 1.6
    endloop
  endfacet
  facet normal 0 0 1
    outer loop
      vertex -10.748 1.05858 1.6
      vertex -12.4398 1.22521 1.6
      vertex -10.7769 0.706353 1.6
    endloop
  endfacet
  facet normal 0 0 1
    outer loop
      vertex -10.5925 -2.10697 1.6
      vertex -12.2598 -2.43863 1.6
      vertex -12.1735 -2.83845 1.6
    endloop
  endfacet
  facet normal -0 0 1
    outer loop
      vertex -12.4732 0.817538 1.6
      vertex -10.7769 0.706353 1.6
      vertex -12.4398 1.22521 1.6
    endloop
  endfacet
  facet normal 0 0 1
    outer loop
      vertex -10.6557 -1.75927 1.6
      vertex -12.333 -2.03619 1.6
      vertex -12.2598 -2.43863 1.6
    endloop
  endfacet
  facet normal 0 0 1
    outer loop
      vertex -10.7769 0.706353 1.6
      vertex -12.4732 0.817538 1.6
      vertex -10.7942 0.353366 1.6
    endloop
  endfacet
  facet normal 0 0 1
    outer loop
      vertex -10.7076 -1.40968 1.6
      vertex -12.3931 -1.63158 1.6
      vertex -12.333 -2.03619 1.6
    endloop
  endfacet
  facet normal -0 0 1
    outer loop
      vertex -12.4933 0.408988 1.6
      vertex -10.7942 0.353366 1.6
      vertex -12.4732 0.817538 1.6
    endloop
  endfacet
  facet normal 0 0 1
    outer loop
      vertex -10.748 -1.05858 1.6
      vertex -12.4398 -1.22521 1.6
      vertex -12.3931 -1.63158 1.6
    endloop
  endfacet
  facet normal 0 0 1
    outer loop
      vertex -10.7942 0.353366 1.6
      vertex -12.4933 0.408988 1.6
      vertex -10.8 0 1.6
    endloop
  endfacet
  facet normal 0 0 1
    outer loop
      vertex -10.7769 -0.706353 1.6
      vertex -12.4732 -0.817538 1.6
      vertex -12.4398 -1.22521 1.6
    endloop
  endfacet
  facet normal 0 0 1
    outer loop
      vertex -12.5 0 1.6
      vertex -10.8 0 1.6
      vertex -12.4933 0.408988 1.6
    endloop
  endfacet
  facet normal 0 0 1
    outer loop
      vertex -10.7942 -0.353366 1.6
      vertex -12.4933 -0.408988 1.6
      vertex -12.4732 -0.817538 1.6
    endloop
  endfacet
  facet normal 0 0 1
    outer loop
      vertex -10.8 0 1.6
      vertex -12.5 0 1.6
      vertex -12.4933 -0.408988 1.6
    endloop
  endfacet
  facet normal 0.541793 0.840512 -0
    outer loop
      vertex 6.94463 10.3934 0
      vertex 6.60085 10.615 1.6
      vertex 6.94463 10.3934 1.6
    endloop
  endfacet
  facet normal 0.541793 0.840512 0
    outer loop
      vertex 6.60085 10.615 1.6
      vertex 6.94463 10.3934 0
      vertex 6.60085 10.615 0
    endloop
  endfacet
  facet normal -0.983857 -0.178954 0
    outer loop
      vertex -12.2598 -2.43863 0
      vertex -12.333 -2.03619 1.6
      vertex -12.333 -2.03619 0
    endloop
  endfacet
  facet normal -0.983857 -0.178954 0
    outer loop
      vertex -12.333 -2.03619 1.6
      vertex -12.2598 -2.43863 0
      vertex -12.2598 -2.43863 1.6
    endloop
  endfacet
  facet normal -0.783284 -0.621664 0
    outer loop
      vertex -9.66263 -7.92992 0
      vertex -9.91692 -7.60952 1.6
      vertex -9.91692 -7.60952 0
    endloop
  endfacet
  facet normal -0.783284 -0.621664 0
    outer loop
      vertex -9.91692 -7.60952 1.6
      vertex -9.66263 -7.92992 0
      vertex -9.66263 -7.92992 1.6
    endloop
  endfacet
  facet normal -0.857719 0.514118 0
    outer loop
      vertex -10.8253 6.25 0
      vertex -10.615 6.60085 1.6
      vertex -10.615 6.60085 0
    endloop
  endfacet
  facet normal -0.857719 0.514118 0
    outer loop
      vertex -10.615 6.60085 1.6
      vertex -10.8253 6.25 0
      vertex -10.8253 6.25 1.6
    endloop
  endfacet
  facet normal -0.64696 -0.762524 0
    outer loop
      vertex -8.24182 -9.398 0
      vertex -7.92992 -9.66263 1.6
      vertex -8.24182 -9.398 1.6
    endloop
  endfacet
  facet normal -0.64696 -0.762524 -0
    outer loop
      vertex -7.92992 -9.66263 1.6
      vertex -8.24182 -9.398 0
      vertex -7.92992 -9.66263 0
    endloop
  endfacet
  facet normal -0.857719 -0.514118 0
    outer loop
      vertex -10.615 -6.60085 0
      vertex -10.8253 -6.25 1.6
      vertex -10.8253 -6.25 0
    endloop
  endfacet
  facet normal -0.857719 -0.514118 0
    outer loop
      vertex -10.8253 -6.25 1.6
      vertex -10.615 -6.60085 0
      vertex -10.615 -6.60085 1.6
    endloop
  endfacet
  facet normal -0.989147 -0.146926 0
    outer loop
      vertex -12.333 -2.03619 0
      vertex -12.3931 -1.63158 1.6
      vertex -12.3931 -1.63158 0
    endloop
  endfacet
  facet normal -0.989147 -0.146926 0
    outer loop
      vertex -12.3931 -1.63158 1.6
      vertex -12.333 -2.03619 0
      vertex -12.333 -2.03619 1.6
    endloop
  endfacet
  facet normal 0.274547 -0.961574 0
    outer loop
      vertex 3.23524 -12.0741 0
      vertex 3.62856 -11.9618 1.6
      vertex 3.23524 -12.0741 1.6
    endloop
  endfacet
  facet normal 0.274547 -0.961574 0
    outer loop
      vertex 3.62856 -11.9618 1.6
      vertex 3.23524 -12.0741 0
      vertex 3.62856 -11.9618 0
    endloop
  endfacet
  facet normal -0.941545 -0.336886 0
    outer loop
      vertex -11.6988 -4.40312 0
      vertex -11.8366 -4.01799 1.6
      vertex -11.8366 -4.01799 0
    endloop
  endfacet
  facet normal -0.941545 -0.336886 0
    outer loop
      vertex -11.8366 -4.01799 1.6
      vertex -11.6988 -4.40312 0
      vertex -11.6988 -4.40312 1.6
    endloop
  endfacet
  facet normal -0.95201 -0.306067 0
    outer loop
      vertex -11.8366 -4.01799 0
      vertex -11.9618 -3.62856 1.6
      vertex -11.9618 -3.62856 0
    endloop
  endfacet
  facet normal -0.95201 -0.306067 0
    outer loop
      vertex -11.9618 -3.62856 1.6
      vertex -11.8366 -4.01799 0
      vertex -11.8366 -4.01799 1.6
    endloop
  endfacet
  facet normal 0.569126 -0.82225 0
    outer loop
      vertex 6.94463 -10.3934 0
      vertex 7.28097 -10.1606 1.6
      vertex 6.94463 -10.3934 1.6
    endloop
  endfacet
  facet normal 0.569126 -0.82225 0
    outer loop
      vertex 7.28097 -10.1606 1.6
      vertex 6.94463 -10.3934 0
      vertex 7.28097 -10.1606 0
    endloop
  endfacet
  facet normal -0.718576 0.695449 0
    outer loop
      vertex -9.1233 8.5449 0
      vertex -8.83883 8.83883 1.6
      vertex -8.83883 8.83883 0
    endloop
  endfacet
  facet normal -0.718576 0.695449 0
    outer loop
      vertex -8.83883 8.83883 1.6
      vertex -9.1233 8.5449 0
      vertex -9.1233 8.5449 1.6
    endloop
  endfacet
  facet normal 0.621664 -0.783284 0
    outer loop
      vertex 7.60952 -9.91692 0
      vertex 7.92992 -9.66263 1.6
      vertex 7.60952 -9.91692 1.6
    endloop
  endfacet
  facet normal 0.621664 -0.783284 0
    outer loop
      vertex 7.92992 -9.66263 1.6
      vertex 7.60952 -9.91692 0
      vertex 7.92992 -9.66263 0
    endloop
  endfacet
  facet normal 0.427579 -0.903978 0
    outer loop
      vertex 5.15884 -11.3858 0
      vertex 5.52861 -11.2109 1.6
      vertex 5.15884 -11.3858 1.6
    endloop
  endfacet
  facet normal 0.427579 -0.903978 0
    outer loop
      vertex 5.52861 -11.2109 1.6
      vertex 5.15884 -11.3858 0
      vertex 5.52861 -11.2109 0
    endloop
  endfacet
  facet normal 0.274547 0.961574 -0
    outer loop
      vertex 3.62856 11.9618 0
      vertex 3.23524 12.0741 1.6
      vertex 3.62856 11.9618 1.6
    endloop
  endfacet
  facet normal 0.274547 0.961574 0
    outer loop
      vertex 3.23524 12.0741 1.6
      vertex 3.62856 11.9618 0
      vertex 3.23524 12.0741 0
    endloop
  endfacet
  facet normal 0.917493 0.397752 0
    outer loop
      vertex 11.5485 4.78354 1.6
      vertex 11.3858 5.15884 0
      vertex 11.3858 5.15884 1.6
    endloop
  endfacet
  facet normal 0.917493 0.397752 0
    outer loop
      vertex 11.3858 5.15884 0
      vertex 11.5485 4.78354 1.6
      vertex 11.5485 4.78354 0
    endloop
  endfacet
  facet normal -0.569126 -0.82225 0
    outer loop
      vertex -7.28097 -10.1606 0
      vertex -6.94463 -10.3934 1.6
      vertex -7.28097 -10.1606 1.6
    endloop
  endfacet
  facet normal -0.569126 -0.82225 -0
    outer loop
      vertex -6.94463 -10.3934 1.6
      vertex -7.28097 -10.1606 0
      vertex -6.94463 -10.3934 0
    endloop
  endfacet
  facet normal 0.146926 0.989147 -0
    outer loop
      vertex 2.03619 12.333 0
      vertex 1.63158 12.3931 1.6
      vertex 2.03619 12.333 1.6
    endloop
  endfacet
  facet normal 0.146926 0.989147 0
    outer loop
      vertex 1.63158 12.3931 1.6
      vertex 2.03619 12.333 0
      vertex 1.63158 12.3931 0
    endloop
  endfacet
  facet normal 0.306067 0.95201 -0
    outer loop
      vertex 4.01799 11.8366 0
      vertex 3.62856 11.9618 1.6
      vertex 4.01799 11.8366 1.6
    endloop
  endfacet
  facet normal 0.306067 0.95201 0
    outer loop
      vertex 3.62856 11.9618 1.6
      vertex 4.01799 11.8366 0
      vertex 3.62856 11.9618 0
    endloop
  endfacet
  facet normal 0.762524 0.64696 0
    outer loop
      vertex 9.66263 7.92992 1.6
      vertex 9.398 8.24182 0
      vertex 9.398 8.24182 1.6
    endloop
  endfacet
  facet normal 0.762524 0.64696 0
    outer loop
      vertex 9.398 8.24182 0
      vertex 9.66263 7.92992 1.6
      vertex 9.66263 7.92992 0
    endloop
  endfacet
  facet normal 0.740946 0.671565 0
    outer loop
      vertex 9.398 8.24182 1.6
      vertex 9.1233 8.5449 0
      vertex 9.1233 8.5449 1.6
    endloop
  endfacet
  facet normal 0.740946 0.671565 0
    outer loop
      vertex 9.1233 8.5449 0
      vertex 9.398 8.24182 1.6
      vertex 9.398 8.24182 0
    endloop
  endfacet
  facet normal -0.95201 0.306067 0
    outer loop
      vertex -11.9618 3.62856 0
      vertex -11.8366 4.01799 1.6
      vertex -11.8366 4.01799 0
    endloop
  endfacet
  facet normal -0.95201 0.306067 0
    outer loop
      vertex -11.8366 4.01799 1.6
      vertex -11.9618 3.62856 0
      vertex -11.9618 3.62856 1.6
    endloop
  endfacet
  facet normal 0.840512 -0.541793 0
    outer loop
      vertex 10.3934 -6.94463 1.6
      vertex 10.615 -6.60085 0
      vertex 10.615 -6.60085 1.6
    endloop
  endfacet
  facet normal 0.840512 -0.541793 0
    outer loop
      vertex 10.615 -6.60085 0
      vertex 10.3934 -6.94463 1.6
      vertex 10.3934 -6.94463 0
    endloop
  endfacet
  facet normal -0.427579 -0.903978 0
    outer loop
      vertex -5.52861 -11.2109 0
      vertex -5.15884 -11.3858 1.6
      vertex -5.52861 -11.2109 1.6
    endloop
  endfacet
  facet normal -0.427579 -0.903978 -0
    outer loop
      vertex -5.15884 -11.3858 1.6
      vertex -5.52861 -11.2109 0
      vertex -5.15884 -11.3858 0
    endloop
  endfacet
  facet normal 0.306067 -0.95201 0
    outer loop
      vertex 3.62856 -11.9618 0
      vertex 4.01799 -11.8366 1.6
      vertex 3.62856 -11.9618 1.6
    endloop
  endfacet
  facet normal 0.306067 -0.95201 0
    outer loop
      vertex 4.01799 -11.8366 1.6
      vertex 3.62856 -11.9618 0
      vertex 4.01799 -11.8366 0
    endloop
  endfacet
  facet normal -0.178954 -0.983857 0
    outer loop
      vertex -2.43863 -12.2598 0
      vertex -2.03619 -12.333 1.6
      vertex -2.43863 -12.2598 1.6
    endloop
  endfacet
  facet normal -0.178954 -0.983857 -0
    outer loop
      vertex -2.03619 -12.333 1.6
      vertex -2.43863 -12.2598 0
      vertex -2.03619 -12.333 0
    endloop
  endfacet
  facet normal -0.64696 0.762524 0
    outer loop
      vertex -7.92992 9.66263 0
      vertex -8.24182 9.398 1.6
      vertex -7.92992 9.66263 1.6
    endloop
  endfacet
  facet normal -0.64696 0.762524 0
    outer loop
      vertex -8.24182 9.398 1.6
      vertex -7.92992 9.66263 0
      vertex -8.24182 9.398 0
    endloop
  endfacet
  facet normal -0.989147 0.146926 0
    outer loop
      vertex -12.3931 1.63158 0
      vertex -12.333 2.03619 1.6
      vertex -12.333 2.03619 0
    endloop
  endfacet
  facet normal -0.989147 0.146926 0
    outer loop
      vertex -12.333 2.03619 1.6
      vertex -12.3931 1.63158 0
      vertex -12.3931 1.63158 1.6
    endloop
  endfacet
  facet normal -0.961574 0.274547 0
    outer loop
      vertex -12.0741 3.23524 0
      vertex -11.9618 3.62856 1.6
      vertex -11.9618 3.62856 0
    endloop
  endfacet
  facet normal -0.961574 0.274547 0
    outer loop
      vertex -11.9618 3.62856 1.6
      vertex -12.0741 3.23524 0
      vertex -12.0741 3.23524 1.6
    endloop
  endfacet
  facet normal -0.397752 -0.917493 0
    outer loop
      vertex -5.15884 -11.3858 0
      vertex -4.78354 -11.5485 1.6
      vertex -5.15884 -11.3858 1.6
    endloop
  endfacet
  facet normal -0.397752 -0.917493 -0
    outer loop
      vertex -4.78354 -11.5485 1.6
      vertex -5.15884 -11.3858 0
      vertex -4.78354 -11.5485 0
    endloop
  endfacet
  facet normal -0.397752 0.917493 0
    outer loop
      vertex -4.78354 11.5485 0
      vertex -5.15884 11.3858 1.6
      vertex -4.78354 11.5485 1.6
    endloop
  endfacet
  facet normal -0.397752 0.917493 0
    outer loop
      vertex -5.15884 11.3858 1.6
      vertex -4.78354 11.5485 0
      vertex -5.15884 11.3858 0
    endloop
  endfacet
  facet normal -0.336886 0.941545 0
    outer loop
      vertex -4.01799 11.8366 0
      vertex -4.40312 11.6988 1.6
      vertex -4.01799 11.8366 1.6
    endloop
  endfacet
  facet normal -0.336886 0.941545 0
    outer loop
      vertex -4.40312 11.6988 1.6
      vertex -4.01799 11.8366 0
      vertex -4.40312 11.6988 0
    endloop
  endfacet
  facet normal -0.671565 0.740946 0
    outer loop
      vertex -8.24182 9.398 0
      vertex -8.5449 9.1233 1.6
      vertex -8.24182 9.398 1.6
    endloop
  endfacet
  facet normal -0.671565 0.740946 0
    outer loop
      vertex -8.5449 9.1233 1.6
      vertex -8.24182 9.398 0
      vertex -8.5449 9.1233 0
    endloop
  endfacet
  facet normal 0.146926 -0.989147 0
    outer loop
      vertex 1.63158 -12.3931 0
      vertex 2.03619 -12.333 1.6
      vertex 1.63158 -12.3931 1.6
    endloop
  endfacet
  facet normal 0.146926 -0.989147 0
    outer loop
      vertex 2.03619 -12.333 1.6
      vertex 1.63158 -12.3931 0
      vertex 2.03619 -12.333 0
    endloop
  endfacet
  facet normal 0.178954 -0.983857 0
    outer loop
      vertex 2.03619 -12.333 0
      vertex 2.43863 -12.2598 1.6
      vertex 2.03619 -12.333 1.6
    endloop
  endfacet
  facet normal 0.178954 -0.983857 0
    outer loop
      vertex 2.43863 -12.2598 1.6
      vertex 2.03619 -12.333 0
      vertex 2.43863 -12.2598 0
    endloop
  endfacet
  facet normal 0.514118 0.857719 -0
    outer loop
      vertex 6.60085 10.615 0
      vertex 6.25 10.8253 1.6
      vertex 6.60085 10.615 1.6
    endloop
  endfacet
  facet normal 0.514118 0.857719 0
    outer loop
      vertex 6.25 10.8253 1.6
      vertex 6.60085 10.615 0
      vertex 6.25 10.8253 0
    endloop
  endfacet
  facet normal 0.595716 -0.803195 0
    outer loop
      vertex 7.28097 -10.1606 0
      vertex 7.60952 -9.91692 1.6
      vertex 7.28097 -10.1606 1.6
    endloop
  endfacet
  facet normal 0.595716 -0.803195 0
    outer loop
      vertex 7.60952 -9.91692 1.6
      vertex 7.28097 -10.1606 0
      vertex 7.60952 -9.91692 0
    endloop
  endfacet
  facet normal -0.903978 0.427579 0
    outer loop
      vertex -11.3858 5.15884 0
      vertex -11.2109 5.52861 1.6
      vertex -11.2109 5.52861 0
    endloop
  endfacet
  facet normal -0.903978 0.427579 0
    outer loop
      vertex -11.2109 5.52861 1.6
      vertex -11.3858 5.15884 0
      vertex -11.3858 5.15884 1.6
    endloop
  endfacet
  facet normal 0.64696 -0.762524 0
    outer loop
      vertex 7.92992 -9.66263 0
      vertex 8.24182 -9.398 1.6
      vertex 7.92992 -9.66263 1.6
    endloop
  endfacet
  facet normal 0.64696 -0.762524 0
    outer loop
      vertex 8.24182 -9.398 1.6
      vertex 7.92992 -9.66263 0
      vertex 8.24182 -9.398 0
    endloop
  endfacet
  facet normal 0.671565 -0.740946 0
    outer loop
      vertex 8.24182 -9.398 0
      vertex 8.5449 -9.1233 1.6
      vertex 8.24182 -9.398 1.6
    endloop
  endfacet
  facet normal 0.671565 -0.740946 0
    outer loop
      vertex 8.5449 -9.1233 1.6
      vertex 8.24182 -9.398 0
      vertex 8.5449 -9.1233 0
    endloop
  endfacet
  facet normal -0.427579 0.903978 0
    outer loop
      vertex -5.15884 11.3858 0
      vertex -5.52861 11.2109 1.6
      vertex -5.15884 11.3858 1.6
    endloop
  endfacet
  facet normal -0.427579 0.903978 0
    outer loop
      vertex -5.52861 11.2109 1.6
      vertex -5.15884 11.3858 0
      vertex -5.52861 11.2109 0
    endloop
  endfacet
  facet normal -0.541793 -0.840512 0
    outer loop
      vertex -6.94463 -10.3934 0
      vertex -6.60085 -10.615 1.6
      vertex -6.94463 -10.3934 1.6
    endloop
  endfacet
  facet normal -0.541793 -0.840512 -0
    outer loop
      vertex -6.60085 -10.615 1.6
      vertex -6.94463 -10.3934 0
      vertex -6.60085 -10.615 0
    endloop
  endfacet
  facet normal 0.889509 -0.456917 0
    outer loop
      vertex 11.024 -5.89246 1.6
      vertex 11.2109 -5.52861 0
      vertex 11.2109 -5.52861 1.6
    endloop
  endfacet
  facet normal 0.889509 -0.456917 0
    outer loop
      vertex 11.2109 -5.52861 0
      vertex 11.024 -5.89246 1.6
      vertex 11.024 -5.89246 0
    endloop
  endfacet
  facet normal -0.840512 0.541793 0
    outer loop
      vertex -10.615 6.60085 0
      vertex -10.3934 6.94463 1.6
      vertex -10.3934 6.94463 0
    endloop
  endfacet
  facet normal -0.840512 0.541793 0
    outer loop
      vertex -10.3934 6.94463 1.6
      vertex -10.615 6.60085 0
      vertex -10.615 6.60085 1.6
    endloop
  endfacet
  facet normal -0.456917 0.889509 0
    outer loop
      vertex -5.52861 11.2109 0
      vertex -5.89246 11.024 1.6
      vertex -5.52861 11.2109 1.6
    endloop
  endfacet
  facet normal -0.456917 0.889509 0
    outer loop
      vertex -5.89246 11.024 1.6
      vertex -5.52861 11.2109 0
      vertex -5.89246 11.024 0
    endloop
  endfacet
  facet normal -0.595716 -0.803195 0
    outer loop
      vertex -7.60952 -9.91692 0
      vertex -7.28097 -10.1606 1.6
      vertex -7.60952 -9.91692 1.6
    endloop
  endfacet
  facet normal -0.595716 -0.803195 -0
    outer loop
      vertex -7.28097 -10.1606 1.6
      vertex -7.60952 -9.91692 0
      vertex -7.28097 -10.1606 0
    endloop
  endfacet
  facet normal 0.998792 0.049139 0
    outer loop
      vertex 12.4933 0.408988 13
      vertex 12.4732 0.817538 11.4
      vertex 12.4732 0.817538 13
    endloop
  endfacet
  facet normal 0.998792 0.049139 0
    outer loop
      vertex 12.4732 0.817538 11.4
      vertex 12.4933 0.408988 13
      vertex 12.4933 0.408988 11.4
    endloop
  endfacet
  facet normal 0.999866 0.0163797 0
    outer loop
      vertex 12.5 0 13
      vertex 12.4933 0.408988 11.4
      vertex 12.4933 0.408988 13
    endloop
  endfacet
  facet normal 0.999866 0.0163797 0
    outer loop
      vertex 12.4933 0.408988 11.4
      vertex 12.5 0 13
      vertex 12.5 0 11.4
    endloop
  endfacet
  facet normal 0.996661 0.081655 0
    outer loop
      vertex 12.4732 0.817538 13
      vertex 12.4398 1.22521 11.4
      vertex 12.4398 1.22521 13
    endloop
  endfacet
  facet normal 0.996661 0.081655 0
    outer loop
      vertex 12.4398 1.22521 11.4
      vertex 12.4732 0.817538 13
      vertex 12.4732 0.817538 11.4
    endloop
  endfacet
  facet normal -0.977489 0.210988 0
    outer loop
      vertex -12.2598 2.43863 11.4
      vertex -12.1735 2.83845 13
      vertex -12.1735 2.83845 11.4
    endloop
  endfacet
  facet normal -0.977489 0.210988 0
    outer loop
      vertex -12.1735 2.83845 13
      vertex -12.2598 2.43863 11.4
      vertex -12.2598 2.43863 13
    endloop
  endfacet
  facet normal -0.485767 0.874088 0
    outer loop
      vertex -5.89246 11.024 11.4
      vertex -6.25 10.8253 13
      vertex -5.89246 11.024 13
    endloop
  endfacet
  facet normal -0.485767 0.874088 0
    outer loop
      vertex -6.25 10.8253 13
      vertex -5.89246 11.024 11.4
      vertex -6.25 10.8253 11.4
    endloop
  endfacet
  facet normal -0.961574 -0.274547 0
    outer loop
      vertex -11.9618 -3.62856 11.4
      vertex -12.0741 -3.23524 13
      vertex -12.0741 -3.23524 11.4
    endloop
  endfacet
  facet normal -0.961574 -0.274547 0
    outer loop
      vertex -12.0741 -3.23524 13
      vertex -11.9618 -3.62856 11.4
      vertex -11.9618 -3.62856 13
    endloop
  endfacet
  facet normal -0.456917 -0.889509 0
    outer loop
      vertex -5.89246 -11.024 11.4
      vertex -5.52861 -11.2109 13
      vertex -5.89246 -11.024 13
    endloop
  endfacet
  facet normal -0.456917 -0.889509 -0
    outer loop
      vertex -5.52861 -11.2109 13
      vertex -5.89246 -11.024 11.4
      vertex -5.52861 -11.2109 11.4
    endloop
  endfacet
  facet normal 0.178954 0.983857 -0
    outer loop
      vertex 2.43863 12.2598 11.4
      vertex 2.03619 12.333 13
      vertex 2.43863 12.2598 13
    endloop
  endfacet
  facet normal 0.178954 0.983857 0
    outer loop
      vertex 2.03619 12.333 13
      vertex 2.43863 12.2598 11.4
      vertex 2.03619 12.333 11.4
    endloop
  endfacet
  facet normal -0.840512 -0.541793 0
    outer loop
      vertex -10.3934 -6.94463 11.4
      vertex -10.615 -6.60085 13
      vertex -10.615 -6.60085 11.4
    endloop
  endfacet
  facet normal -0.840512 -0.541793 0
    outer loop
      vertex -10.615 -6.60085 13
      vertex -10.3934 -6.94463 11.4
      vertex -10.3934 -6.94463 13
    endloop
  endfacet
  facet normal -0.36745 0.930043 0
    outer loop
      vertex -4.40312 11.6988 11.4
      vertex -4.78354 11.5485 13
      vertex -4.40312 11.6988 13
    endloop
  endfacet
  facet normal -0.36745 0.930043 0
    outer loop
      vertex -4.78354 11.5485 13
      vertex -4.40312 11.6988 11.4
      vertex -4.78354 11.5485 11.4
    endloop
  endfacet
  facet normal 0.95201 -0.306067 0
    outer loop
      vertex 11.8366 -4.01799 13
      vertex 11.9618 -3.62856 11.4
      vertex 11.9618 -3.62856 13
    endloop
  endfacet
  facet normal 0.95201 -0.306067 0
    outer loop
      vertex 11.9618 -3.62856 11.4
      vertex 11.8366 -4.01799 13
      vertex 11.8366 -4.01799 11.4
    endloop
  endfacet
  facet normal -0.917493 -0.397752 0
    outer loop
      vertex -11.3858 -5.15884 11.4
      vertex -11.5485 -4.78354 13
      vertex -11.5485 -4.78354 11.4
    endloop
  endfacet
  facet normal -0.917493 -0.397752 0
    outer loop
      vertex -11.5485 -4.78354 13
      vertex -11.3858 -5.15884 11.4
      vertex -11.3858 -5.15884 13
    endloop
  endfacet
  facet normal 0.989147 -0.146926 0
    outer loop
      vertex 12.333 -2.03619 13
      vertex 12.3931 -1.63158 11.4
      vertex 12.3931 -1.63158 13
    endloop
  endfacet
  facet normal 0.989147 -0.146926 0
    outer loop
      vertex 12.3931 -1.63158 11.4
      vertex 12.333 -2.03619 13
      vertex 12.333 -2.03619 11.4
    endloop
  endfacet
  facet normal 0.762524 -0.64696 0
    outer loop
      vertex 9.398 -8.24182 13
      vertex 9.66263 -7.92992 11.4
      vertex 9.66263 -7.92992 13
    endloop
  endfacet
  facet normal 0.762524 -0.64696 0
    outer loop
      vertex 9.66263 -7.92992 11.4
      vertex 9.398 -8.24182 13
      vertex 9.398 -8.24182 11.4
    endloop
  endfacet
  facet normal -0.930043 -0.36745 0
    outer loop
      vertex -11.5485 -4.78354 11.4
      vertex -11.6988 -4.40312 13
      vertex -11.6988 -4.40312 11.4
    endloop
  endfacet
  facet normal -0.930043 -0.36745 0
    outer loop
      vertex -11.6988 -4.40312 13
      vertex -11.5485 -4.78354 11.4
      vertex -11.5485 -4.78354 13
    endloop
  endfacet
  facet normal -0.049139 -0.998792 0
    outer loop
      vertex -0.817538 -12.4732 11.4
      vertex -0.408988 -12.4933 13
      vertex -0.817538 -12.4732 13
    endloop
  endfacet
  facet normal -0.049139 -0.998792 -0
    outer loop
      vertex -0.408988 -12.4933 13
      vertex -0.817538 -12.4732 11.4
      vertex -0.408988 -12.4933 11.4
    endloop
  endfacet
  facet normal 0.0163797 -0.999866 0
    outer loop
      vertex 0 -12.5 11.4
      vertex 0.408988 -12.4933 13
      vertex 0 -12.5 13
    endloop
  endfacet
  facet normal 0.0163797 -0.999866 0
    outer loop
      vertex 0.408988 -12.4933 13
      vertex 0 -12.5 11.4
      vertex 0.408988 -12.4933 11.4
    endloop
  endfacet
  facet normal -0.146926 -0.989147 0
    outer loop
      vertex -2.03619 -12.333 11.4
      vertex -1.63158 -12.3931 13
      vertex -2.03619 -12.333 13
    endloop
  endfacet
  facet normal -0.146926 -0.989147 -0
    outer loop
      vertex -1.63158 -12.3931 13
      vertex -2.03619 -12.333 11.4
      vertex -1.63158 -12.3931 11.4
    endloop
  endfacet
  facet normal 0.243002 0.970026 -0
    outer loop
      vertex 3.23524 12.0741 11.4
      vertex 2.83845 12.1735 13
      vertex 3.23524 12.0741 13
    endloop
  endfacet
  facet normal 0.243002 0.970026 0
    outer loop
      vertex 2.83845 12.1735 13
      vertex 3.23524 12.0741 11.4
      vertex 2.83845 12.1735 11.4
    endloop
  endfacet
  facet normal -0.82225 0.569126 0
    outer loop
      vertex -10.3934 6.94463 11.4
      vertex -10.1606 7.28097 13
      vertex -10.1606 7.28097 11.4
    endloop
  endfacet
  facet normal -0.82225 0.569126 0
    outer loop
      vertex -10.1606 7.28097 13
      vertex -10.3934 6.94463 11.4
      vertex -10.3934 6.94463 13
    endloop
  endfacet
  facet normal -0.146926 0.989147 0
    outer loop
      vertex -1.63158 12.3931 11.4
      vertex -2.03619 12.333 13
      vertex -1.63158 12.3931 13
    endloop
  endfacet
  facet normal -0.146926 0.989147 0
    outer loop
      vertex -2.03619 12.333 13
      vertex -1.63158 12.3931 11.4
      vertex -2.03619 12.333 11.4
    endloop
  endfacet
  facet normal -0.081655 -0.996661 0
    outer loop
      vertex -1.22521 -12.4398 11.4
      vertex -0.817538 -12.4732 13
      vertex -1.22521 -12.4398 13
    endloop
  endfacet
  facet normal -0.081655 -0.996661 -0
    outer loop
      vertex -0.817538 -12.4732 13
      vertex -1.22521 -12.4398 11.4
      vertex -0.817538 -12.4732 11.4
    endloop
  endfacet
  facet normal 0.718576 0.695449 0
    outer loop
      vertex 9.1233 8.5449 13
      vertex 8.83883 8.83883 11.4
      vertex 8.83883 8.83883 13
    endloop
  endfacet
  facet normal 0.718576 0.695449 0
    outer loop
      vertex 8.83883 8.83883 11.4
      vertex 9.1233 8.5449 13
      vertex 9.1233 8.5449 11.4
    endloop
  endfacet
  facet normal -0.114168 0.993461 0
    outer loop
      vertex -1.22521 12.4398 11.4
      vertex -1.63158 12.3931 13
      vertex -1.22521 12.4398 13
    endloop
  endfacet
  facet normal -0.114168 0.993461 0
    outer loop
      vertex -1.63158 12.3931 13
      vertex -1.22521 12.4398 11.4
      vertex -1.63158 12.3931 11.4
    endloop
  endfacet
  facet normal 0.82225 0.569126 0
    outer loop
      vertex 10.3934 6.94463 13
      vertex 10.1606 7.28097 11.4
      vertex 10.1606 7.28097 13
    endloop
  endfacet
  facet normal 0.82225 0.569126 0
    outer loop
      vertex 10.1606 7.28097 11.4
      vertex 10.3934 6.94463 13
      vertex 10.3934 6.94463 11.4
    endloop
  endfacet
  facet normal 0.889509 0.456917 0
    outer loop
      vertex 11.2109 5.52861 13
      vertex 11.024 5.89246 11.4
      vertex 11.024 5.89246 13
    endloop
  endfacet
  facet normal 0.889509 0.456917 0
    outer loop
      vertex 11.024 5.89246 11.4
      vertex 11.2109 5.52861 13
      vertex 11.2109 5.52861 11.4
    endloop
  endfacet
  facet normal 0.081655 -0.996661 0
    outer loop
      vertex 0.817538 -12.4732 11.4
      vertex 1.22521 -12.4398 13
      vertex 0.817538 -12.4732 13
    endloop
  endfacet
  facet normal 0.081655 -0.996661 0
    outer loop
      vertex 1.22521 -12.4398 13
      vertex 0.817538 -12.4732 11.4
      vertex 1.22521 -12.4398 11.4
    endloop
  endfacet
  facet normal 0.996661 -0.081655 0
    outer loop
      vertex 12.4398 -1.22521 13
      vertex 12.4732 -0.817538 11.4
      vertex 12.4732 -0.817538 13
    endloop
  endfacet
  facet normal 0.996661 -0.081655 0
    outer loop
      vertex 12.4732 -0.817538 11.4
      vertex 12.4398 -1.22521 13
      vertex 12.4398 -1.22521 11.4
    endloop
  endfacet
  facet normal 0.695449 0.718576 -0
    outer loop
      vertex 8.83883 8.83883 11.4
      vertex 8.5449 9.1233 13
      vertex 8.83883 8.83883 13
    endloop
  endfacet
  facet normal 0.695449 0.718576 0
    outer loop
      vertex 8.5449 9.1233 13
      vertex 8.83883 8.83883 11.4
      vertex 8.5449 9.1233 11.4
    endloop
  endfacet
  facet normal 0.783284 0.621664 0
    outer loop
      vertex 9.91692 7.60952 13
      vertex 9.66263 7.92992 11.4
      vertex 9.66263 7.92992 13
    endloop
  endfacet
  facet normal 0.783284 0.621664 0
    outer loop
      vertex 9.66263 7.92992 11.4
      vertex 9.91692 7.60952 13
      vertex 9.91692 7.60952 11.4
    endloop
  endfacet
  facet normal -0.621664 -0.783284 0
    outer loop
      vertex -7.92992 -9.66263 11.4
      vertex -7.60952 -9.91692 13
      vertex -7.92992 -9.66263 13
    endloop
  endfacet
  facet normal -0.621664 -0.783284 -0
    outer loop
      vertex -7.60952 -9.91692 13
      vertex -7.92992 -9.66263 11.4
      vertex -7.60952 -9.91692 11.4
    endloop
  endfacet
  facet normal -0.857719 -0.514118 0
    outer loop
      vertex -10.615 -6.60085 11.4
      vertex -10.8253 -6.25 13
      vertex -10.8253 -6.25 11.4
    endloop
  endfacet
  facet normal -0.857719 -0.514118 0
    outer loop
      vertex -10.8253 -6.25 13
      vertex -10.615 -6.60085 11.4
      vertex -10.615 -6.60085 13
    endloop
  endfacet
  facet normal -0.970026 0.243002 0
    outer loop
      vertex -12.1735 2.83845 11.4
      vertex -12.0741 3.23524 13
      vertex -12.0741 3.23524 11.4
    endloop
  endfacet
  facet normal -0.970026 0.243002 0
    outer loop
      vertex -12.0741 3.23524 13
      vertex -12.1735 2.83845 11.4
      vertex -12.1735 2.83845 13
    endloop
  endfacet
  facet normal 0.95201 0.306067 0
    outer loop
      vertex 11.9618 3.62856 13
      vertex 11.8366 4.01799 11.4
      vertex 11.8366 4.01799 13
    endloop
  endfacet
  facet normal 0.95201 0.306067 0
    outer loop
      vertex 11.8366 4.01799 11.4
      vertex 11.9618 3.62856 13
      vertex 11.9618 3.62856 11.4
    endloop
  endfacet
  facet normal 0.541793 -0.840512 0
    outer loop
      vertex 6.60085 -10.615 11.4
      vertex 6.94463 -10.3934 13
      vertex 6.60085 -10.615 13
    endloop
  endfacet
  facet normal 0.541793 -0.840512 0
    outer loop
      vertex 6.94463 -10.3934 13
      vertex 6.60085 -10.615 11.4
      vertex 6.94463 -10.3934 11.4
    endloop
  endfacet
  facet normal 0.903978 -0.427579 0
    outer loop
      vertex 11.2109 -5.52861 13
      vertex 11.3858 -5.15884 11.4
      vertex 11.3858 -5.15884 13
    endloop
  endfacet
  facet normal 0.903978 -0.427579 0
    outer loop
      vertex 11.3858 -5.15884 11.4
      vertex 11.2109 -5.52861 13
      vertex 11.2109 -5.52861 11.4
    endloop
  endfacet
  facet normal 0.998792 -0.049139 0
    outer loop
      vertex 12.4732 -0.817538 13
      vertex 12.4933 -0.408988 11.4
      vertex 12.4933 -0.408988 13
    endloop
  endfacet
  facet normal 0.998792 -0.049139 0
    outer loop
      vertex 12.4933 -0.408988 11.4
      vertex 12.4732 -0.817538 13
      vertex 12.4732 -0.817538 11.4
    endloop
  endfacet
  facet normal 0.993461 0.114168 0
    outer loop
      vertex 12.4398 1.22521 13
      vertex 12.3931 1.63158 11.4
      vertex 12.3931 1.63158 13
    endloop
  endfacet
  facet normal 0.993461 0.114168 0
    outer loop
      vertex 12.3931 1.63158 11.4
      vertex 12.4398 1.22521 13
      vertex 12.4398 1.22521 11.4
    endloop
  endfacet
  facet normal 0.397752 0.917493 -0
    outer loop
      vertex 5.15884 11.3858 11.4
      vertex 4.78354 11.5485 13
      vertex 5.15884 11.3858 13
    endloop
  endfacet
  facet normal 0.397752 0.917493 0
    outer loop
      vertex 4.78354 11.5485 13
      vertex 5.15884 11.3858 11.4
      vertex 4.78354 11.5485 11.4
    endloop
  endfacet
  facet normal 0.840512 0.541793 0
    outer loop
      vertex 10.615 6.60085 13
      vertex 10.3934 6.94463 11.4
      vertex 10.3934 6.94463 13
    endloop
  endfacet
  facet normal 0.840512 0.541793 0
    outer loop
      vertex 10.3934 6.94463 11.4
      vertex 10.615 6.60085 13
      vertex 10.615 6.60085 11.4
    endloop
  endfacet
  facet normal -0.695449 -0.718576 0
    outer loop
      vertex -8.83883 -8.83883 11.4
      vertex -8.5449 -9.1233 13
      vertex -8.83883 -8.83883 13
    endloop
  endfacet
  facet normal -0.695449 -0.718576 -0
    outer loop
      vertex -8.5449 -9.1233 13
      vertex -8.83883 -8.83883 11.4
      vertex -8.5449 -9.1233 11.4
    endloop
  endfacet
  facet normal 0.961574 -0.274547 0
    outer loop
      vertex 11.9618 -3.62856 13
      vertex 12.0741 -3.23524 11.4
      vertex 12.0741 -3.23524 13
    endloop
  endfacet
  facet normal 0.961574 -0.274547 0
    outer loop
      vertex 12.0741 -3.23524 11.4
      vertex 11.9618 -3.62856 13
      vertex 11.9618 -3.62856 11.4
    endloop
  endfacet
  facet normal -0.306067 -0.95201 0
    outer loop
      vertex -4.01799 -11.8366 11.4
      vertex -3.62856 -11.9618 13
      vertex -4.01799 -11.8366 13
    endloop
  endfacet
  facet normal -0.306067 -0.95201 -0
    outer loop
      vertex -3.62856 -11.9618 13
      vertex -4.01799 -11.8366 11.4
      vertex -3.62856 -11.9618 11.4
    endloop
  endfacet
  facet normal -0.998792 -0.049139 0
    outer loop
      vertex -12.4732 -0.817538 11.4
      vertex -12.4933 -0.408988 13
      vertex -12.4933 -0.408988 11.4
    endloop
  endfacet
  facet normal -0.998792 -0.049139 0
    outer loop
      vertex -12.4933 -0.408988 13
      vertex -12.4732 -0.817538 11.4
      vertex -12.4732 -0.817538 13
    endloop
  endfacet
  facet normal 0.941545 -0.336886 0
    outer loop
      vertex 11.6988 -4.40312 13
      vertex 11.8366 -4.01799 11.4
      vertex 11.8366 -4.01799 13
    endloop
  endfacet
  facet normal 0.941545 -0.336886 0
    outer loop
      vertex 11.8366 -4.01799 11.4
      vertex 11.6988 -4.40312 13
      vertex 11.6988 -4.40312 11.4
    endloop
  endfacet
  facet normal 0.874088 -0.485767 0
    outer loop
      vertex 10.8253 -6.25 13
      vertex 11.024 -5.89246 11.4
      vertex 11.024 -5.89246 13
    endloop
  endfacet
  facet normal 0.874088 -0.485767 0
    outer loop
      vertex 11.024 -5.89246 11.4
      vertex 10.8253 -6.25 13
      vertex 10.8253 -6.25 11.4
    endloop
  endfacet
  facet normal -0.671565 -0.740946 0
    outer loop
      vertex -8.5449 -9.1233 11.4
      vertex -8.24182 -9.398 13
      vertex -8.5449 -9.1233 13
    endloop
  endfacet
  facet normal -0.671565 -0.740946 -0
    outer loop
      vertex -8.24182 -9.398 13
      vertex -8.5449 -9.1233 11.4
      vertex -8.24182 -9.398 11.4
    endloop
  endfacet
  facet normal -0.970026 -0.243002 0
    outer loop
      vertex -12.0741 -3.23524 11.4
      vertex -12.1735 -2.83845 13
      vertex -12.1735 -2.83845 11.4
    endloop
  endfacet
  facet normal -0.970026 -0.243002 0
    outer loop
      vertex -12.1735 -2.83845 13
      vertex -12.0741 -3.23524 11.4
      vertex -12.0741 -3.23524 13
    endloop
  endfacet
  facet normal 0.930043 0.36745 0
    outer loop
      vertex 11.6988 4.40312 13
      vertex 11.5485 4.78354 11.4
      vertex 11.5485 4.78354 13
    endloop
  endfacet
  facet normal 0.930043 0.36745 0
    outer loop
      vertex 11.5485 4.78354 11.4
      vertex 11.6988 4.40312 13
      vertex 11.6988 4.40312 11.4
    endloop
  endfacet
  facet normal -0.874088 0.485767 0
    outer loop
      vertex -11.024 5.89246 11.4
      vertex -10.8253 6.25 13
      vertex -10.8253 6.25 11.4
    endloop
  endfacet
  facet normal -0.874088 0.485767 0
    outer loop
      vertex -10.8253 6.25 13
      vertex -11.024 5.89246 11.4
      vertex -11.024 5.89246 13
    endloop
  endfacet
  facet normal 0.514118 -0.857719 0
    outer loop
      vertex 6.25 -10.8253 11.4
      vertex 6.60085 -10.615 13
      vertex 6.25 -10.8253 13
    endloop
  endfacet
  facet normal 0.514118 -0.857719 0
    outer loop
      vertex 6.60085 -10.615 13
      vertex 6.25 -10.8253 11.4
      vertex 6.60085 -10.615 11.4
    endloop
  endfacet
  facet normal -0.740946 -0.671565 0
    outer loop
      vertex -9.1233 -8.5449 11.4
      vertex -9.398 -8.24182 13
      vertex -9.398 -8.24182 11.4
    endloop
  endfacet
  facet normal -0.740946 -0.671565 0
    outer loop
      vertex -9.398 -8.24182 13
      vertex -9.1233 -8.5449 11.4
      vertex -9.1233 -8.5449 13
    endloop
  endfacet
  facet normal 0.718576 -0.695449 0
    outer loop
      vertex 8.83883 -8.83883 13
      vertex 9.1233 -8.5449 11.4
      vertex 9.1233 -8.5449 13
    endloop
  endfacet
  facet normal 0.718576 -0.695449 0
    outer loop
      vertex 9.1233 -8.5449 11.4
      vertex 8.83883 -8.83883 13
      vertex 8.83883 -8.83883 11.4
    endloop
  endfacet
  facet normal 0.803195 0.595716 0
    outer loop
      vertex 10.1606 7.28097 13
      vertex 9.91692 7.60952 11.4
      vertex 9.91692 7.60952 13
    endloop
  endfacet
  facet normal 0.803195 0.595716 0
    outer loop
      vertex 9.91692 7.60952 11.4
      vertex 10.1606 7.28097 13
      vertex 10.1606 7.28097 11.4
    endloop
  endfacet
  facet normal 0.049139 -0.998792 0
    outer loop
      vertex 0.408988 -12.4933 11.4
      vertex 0.817538 -12.4732 13
      vertex 0.408988 -12.4933 13
    endloop
  endfacet
  facet normal 0.049139 -0.998792 0
    outer loop
      vertex 0.817538 -12.4732 13
      vertex 0.408988 -12.4933 11.4
      vertex 0.817538 -12.4732 11.4
    endloop
  endfacet
  facet normal 0.803195 -0.595716 0
    outer loop
      vertex 9.91692 -7.60952 13
      vertex 10.1606 -7.28097 11.4
      vertex 10.1606 -7.28097 13
    endloop
  endfacet
  facet normal 0.803195 -0.595716 0
    outer loop
      vertex 10.1606 -7.28097 11.4
      vertex 9.91692 -7.60952 13
      vertex 9.91692 -7.60952 11.4
    endloop
  endfacet
  facet normal -0.999866 -0.0163797 0
    outer loop
      vertex -12.4933 -0.408988 11.4
      vertex -12.5 0 13
      vertex -12.5 0 11.4
    endloop
  endfacet
  facet normal -0.999866 -0.0163797 0
    outer loop
      vertex -12.5 0 13
      vertex -12.4933 -0.408988 11.4
      vertex -12.4933 -0.408988 13
    endloop
  endfacet
  facet normal 0.569126 0.82225 -0
    outer loop
      vertex 7.28097 10.1606 11.4
      vertex 6.94463 10.3934 13
      vertex 7.28097 10.1606 13
    endloop
  endfacet
  facet normal 0.569126 0.82225 0
    outer loop
      vertex 6.94463 10.3934 13
      vertex 7.28097 10.1606 11.4
      vertex 6.94463 10.3934 11.4
    endloop
  endfacet
  facet normal -0.243002 0.970026 0
    outer loop
      vertex -2.83845 12.1735 11.4
      vertex -3.23524 12.0741 13
      vertex -2.83845 12.1735 13
    endloop
  endfacet
  facet normal -0.243002 0.970026 0
    outer loop
      vertex -3.23524 12.0741 13
      vertex -2.83845 12.1735 11.4
      vertex -3.23524 12.0741 11.4
    endloop
  endfacet
  facet normal -0.889509 -0.456917 0
    outer loop
      vertex -11.024 -5.89246 11.4
      vertex -11.2109 -5.52861 13
      vertex -11.2109 -5.52861 11.4
    endloop
  endfacet
  facet normal -0.889509 -0.456917 0
    outer loop
      vertex -11.2109 -5.52861 13
      vertex -11.024 -5.89246 11.4
      vertex -11.024 -5.89246 13
    endloop
  endfacet
  facet normal 0.977489 -0.210988 0
    outer loop
      vertex 12.1735 -2.83845 13
      vertex 12.2598 -2.43863 11.4
      vertex 12.2598 -2.43863 13
    endloop
  endfacet
  facet normal 0.977489 -0.210988 0
    outer loop
      vertex 12.2598 -2.43863 11.4
      vertex 12.1735 -2.83845 13
      vertex 12.1735 -2.83845 11.4
    endloop
  endfacet
  facet normal 0.243002 -0.970026 0
    outer loop
      vertex 2.83845 -12.1735 11.4
      vertex 3.23524 -12.0741 13
      vertex 2.83845 -12.1735 13
    endloop
  endfacet
  facet normal 0.243002 -0.970026 0
    outer loop
      vertex 3.23524 -12.0741 13
      vertex 2.83845 -12.1735 11.4
      vertex 3.23524 -12.0741 11.4
    endloop
  endfacet
  facet normal -0.998792 0.049139 0
    outer loop
      vertex -12.4933 0.408988 11.4
      vertex -12.4732 0.817538 13
      vertex -12.4732 0.817538 11.4
    endloop
  endfacet
  facet normal -0.998792 0.049139 0
    outer loop
      vertex -12.4732 0.817538 13
      vertex -12.4933 0.408988 11.4
      vertex -12.4933 0.408988 13
    endloop
  endfacet
  facet normal -0.178954 0.983857 0
    outer loop
      vertex -2.03619 12.333 11.4
      vertex -2.43863 12.2598 13
      vertex -2.03619 12.333 13
    endloop
  endfacet
  facet normal -0.178954 0.983857 0
    outer loop
      vertex -2.43863 12.2598 13
      vertex -2.03619 12.333 11.4
      vertex -2.43863 12.2598 11.4
    endloop
  endfacet
  facet normal 0.783284 -0.621664 0
    outer loop
      vertex 9.66263 -7.92992 13
      vertex 9.91692 -7.60952 11.4
      vertex 9.91692 -7.60952 13
    endloop
  endfacet
  facet normal 0.783284 -0.621664 0
    outer loop
      vertex 9.91692 -7.60952 11.4
      vertex 9.66263 -7.92992 13
      vertex 9.66263 -7.92992 11.4
    endloop
  endfacet
  facet normal -0.718576 -0.695449 0
    outer loop
      vertex -8.83883 -8.83883 11.4
      vertex -9.1233 -8.5449 13
      vertex -9.1233 -8.5449 11.4
    endloop
  endfacet
  facet normal -0.718576 -0.695449 0
    outer loop
      vertex -9.1233 -8.5449 13
      vertex -8.83883 -8.83883 11.4
      vertex -8.83883 -8.83883 13
    endloop
  endfacet
  facet normal -0.210988 -0.977489 0
    outer loop
      vertex -2.83845 -12.1735 11.4
      vertex -2.43863 -12.2598 13
      vertex -2.83845 -12.1735 13
    endloop
  endfacet
  facet normal -0.210988 -0.977489 -0
    outer loop
      vertex -2.43863 -12.2598 13
      vertex -2.83845 -12.1735 11.4
      vertex -2.43863 -12.2598 11.4
    endloop
  endfacet
  facet normal -0.0163797 0.999866 0
    outer loop
      vertex 0 12.5 11.4
      vertex -0.408988 12.4933 13
      vertex 0 12.5 13
    endloop
  endfacet
  facet normal -0.0163797 0.999866 0
    outer loop
      vertex -0.408988 12.4933 13
      vertex 0 12.5 11.4
      vertex -0.408988 12.4933 11.4
    endloop
  endfacet
  facet normal -0.783284 0.621664 0
    outer loop
      vertex -9.91692 7.60952 11.4
      vertex -9.66263 7.92992 13
      vertex -9.66263 7.92992 11.4
    endloop
  endfacet
  facet normal -0.783284 0.621664 0
    outer loop
      vertex -9.66263 7.92992 13
      vertex -9.91692 7.60952 11.4
      vertex -9.91692 7.60952 13
    endloop
  endfacet
  facet normal -0.993461 -0.114168 0
    outer loop
      vertex -12.3931 -1.63158 11.4
      vertex -12.4398 -1.22521 13
      vertex -12.4398 -1.22521 11.4
    endloop
  endfacet
  facet normal -0.993461 -0.114168 0
    outer loop
      vertex -12.4398 -1.22521 13
      vertex -12.3931 -1.63158 11.4
      vertex -12.3931 -1.63158 13
    endloop
  endfacet
  facet normal 0.874088 0.485767 0
    outer loop
      vertex 11.024 5.89246 13
      vertex 10.8253 6.25 11.4
      vertex 10.8253 6.25 13
    endloop
  endfacet
  facet normal 0.874088 0.485767 0
    outer loop
      vertex 10.8253 6.25 11.4
      vertex 11.024 5.89246 13
      vertex 11.024 5.89246 11.4
    endloop
  endfacet
  facet normal 0.999866 -0.0163797 0
    outer loop
      vertex 12.4933 -0.408988 13
      vertex 12.5 0 11.4
      vertex 12.5 0 13
    endloop
  endfacet
  facet normal 0.999866 -0.0163797 0
    outer loop
      vertex 12.5 0 11.4
      vertex 12.4933 -0.408988 13
      vertex 12.4933 -0.408988 11.4
    endloop
  endfacet
  facet normal 0.82225 -0.569126 0
    outer loop
      vertex 10.1606 -7.28097 13
      vertex 10.3934 -6.94463 11.4
      vertex 10.3934 -6.94463 13
    endloop
  endfacet
  facet normal 0.82225 -0.569126 0
    outer loop
      vertex 10.3934 -6.94463 11.4
      vertex 10.1606 -7.28097 13
      vertex 10.1606 -7.28097 11.4
    endloop
  endfacet
  facet normal 0.621664 0.783284 -0
    outer loop
      vertex 7.92992 9.66263 11.4
      vertex 7.60952 9.91692 13
      vertex 7.92992 9.66263 13
    endloop
  endfacet
  facet normal 0.621664 0.783284 0
    outer loop
      vertex 7.60952 9.91692 13
      vertex 7.92992 9.66263 11.4
      vertex 7.60952 9.91692 11.4
    endloop
  endfacet
  facet normal -0.930043 0.36745 0
    outer loop
      vertex -11.6988 4.40312 11.4
      vertex -11.5485 4.78354 13
      vertex -11.5485 4.78354 11.4
    endloop
  endfacet
  facet normal -0.930043 0.36745 0
    outer loop
      vertex -11.5485 4.78354 13
      vertex -11.6988 4.40312 11.4
      vertex -11.6988 4.40312 13
    endloop
  endfacet
  facet normal 0.114168 0.993461 -0
    outer loop
      vertex 1.63158 12.3931 11.4
      vertex 1.22521 12.4398 13
      vertex 1.63158 12.3931 13
    endloop
  endfacet
  facet normal 0.114168 0.993461 0
    outer loop
      vertex 1.22521 12.4398 13
      vertex 1.63158 12.3931 11.4
      vertex 1.22521 12.4398 11.4
    endloop
  endfacet
  facet normal 0.903978 0.427579 0
    outer loop
      vertex 11.3858 5.15884 13
      vertex 11.2109 5.52861 11.4
      vertex 11.2109 5.52861 13
    endloop
  endfacet
  facet normal 0.903978 0.427579 0
    outer loop
      vertex 11.2109 5.52861 11.4
      vertex 11.3858 5.15884 13
      vertex 11.3858 5.15884 11.4
    endloop
  endfacet
  facet normal 0.36745 -0.930043 0
    outer loop
      vertex 4.40312 -11.6988 11.4
      vertex 4.78354 -11.5485 13
      vertex 4.40312 -11.6988 13
    endloop
  endfacet
  facet normal 0.36745 -0.930043 0
    outer loop
      vertex 4.78354 -11.5485 13
      vertex 4.40312 -11.6988 11.4
      vertex 4.78354 -11.5485 11.4
    endloop
  endfacet
  facet normal -0.996661 0.081655 0
    outer loop
      vertex -12.4732 0.817538 11.4
      vertex -12.4398 1.22521 13
      vertex -12.4398 1.22521 11.4
    endloop
  endfacet
  facet normal -0.996661 0.081655 0
    outer loop
      vertex -12.4398 1.22521 13
      vertex -12.4732 0.817538 11.4
      vertex -12.4732 0.817538 13
    endloop
  endfacet
  facet normal -0.114168 -0.993461 0
    outer loop
      vertex -1.63158 -12.3931 11.4
      vertex -1.22521 -12.4398 13
      vertex -1.63158 -12.3931 13
    endloop
  endfacet
  facet normal -0.114168 -0.993461 -0
    outer loop
      vertex -1.22521 -12.4398 13
      vertex -1.63158 -12.3931 11.4
      vertex -1.22521 -12.4398 11.4
    endloop
  endfacet
  facet normal 0.456917 0.889509 -0
    outer loop
      vertex 5.89246 11.024 11.4
      vertex 5.52861 11.2109 13
      vertex 5.89246 11.024 13
    endloop
  endfacet
  facet normal 0.456917 0.889509 0
    outer loop
      vertex 5.52861 11.2109 13
      vertex 5.89246 11.024 11.4
      vertex 5.52861 11.2109 11.4
    endloop
  endfacet
  facet normal 0.970026 -0.243002 0
    outer loop
      vertex 12.0741 -3.23524 13
      vertex 12.1735 -2.83845 11.4
      vertex 12.1735 -2.83845 13
    endloop
  endfacet
  facet normal 0.970026 -0.243002 0
    outer loop
      vertex 12.1735 -2.83845 11.4
      vertex 12.0741 -3.23524 13
      vertex 12.0741 -3.23524 11.4
    endloop
  endfacet
  facet normal -0.803195 -0.595716 0
    outer loop
      vertex -9.91692 -7.60952 11.4
      vertex -10.1606 -7.28097 13
      vertex -10.1606 -7.28097 11.4
    endloop
  endfacet
  facet normal -0.803195 -0.595716 0
    outer loop
      vertex -10.1606 -7.28097 13
      vertex -9.91692 -7.60952 11.4
      vertex -9.91692 -7.60952 13
    endloop
  endfacet
  facet normal -0.0163797 -0.999866 0
    outer loop
      vertex -0.408988 -12.4933 11.4
      vertex 0 -12.5 13
      vertex -0.408988 -12.4933 13
    endloop
  endfacet
  facet normal -0.0163797 -0.999866 -0
    outer loop
      vertex 0 -12.5 13
      vertex -0.408988 -12.4933 11.4
      vertex 0 -12.5 11.4
    endloop
  endfacet
  facet normal -0.274547 -0.961574 0
    outer loop
      vertex -3.62856 -11.9618 11.4
      vertex -3.23524 -12.0741 13
      vertex -3.62856 -11.9618 13
    endloop
  endfacet
  facet normal -0.274547 -0.961574 -0
    outer loop
      vertex -3.23524 -12.0741 13
      vertex -3.62856 -11.9618 11.4
      vertex -3.23524 -12.0741 11.4
    endloop
  endfacet
  facet normal 0.989147 0.146926 0
    outer loop
      vertex 12.3931 1.63158 13
      vertex 12.333 2.03619 11.4
      vertex 12.333 2.03619 13
    endloop
  endfacet
  facet normal 0.989147 0.146926 0
    outer loop
      vertex 12.333 2.03619 11.4
      vertex 12.3931 1.63158 13
      vertex 12.3931 1.63158 11.4
    endloop
  endfacet
  facet normal 0.917493 -0.397752 0
    outer loop
      vertex 11.3858 -5.15884 13
      vertex 11.5485 -4.78354 11.4
      vertex 11.5485 -4.78354 13
    endloop
  endfacet
  facet normal 0.917493 -0.397752 0
    outer loop
      vertex 11.5485 -4.78354 11.4
      vertex 11.3858 -5.15884 13
      vertex 11.3858 -5.15884 11.4
    endloop
  endfacet
  facet normal -0.762524 -0.64696 0
    outer loop
      vertex -9.398 -8.24182 11.4
      vertex -9.66263 -7.92992 13
      vertex -9.66263 -7.92992 11.4
    endloop
  endfacet
  facet normal -0.762524 -0.64696 0
    outer loop
      vertex -9.66263 -7.92992 13
      vertex -9.398 -8.24182 11.4
      vertex -9.398 -8.24182 13
    endloop
  endfacet
  facet normal 0.857719 0.514118 0
    outer loop
      vertex 10.8253 6.25 13
      vertex 10.615 6.60085 11.4
      vertex 10.615 6.60085 13
    endloop
  endfacet
  facet normal 0.857719 0.514118 0
    outer loop
      vertex 10.615 6.60085 11.4
      vertex 10.8253 6.25 13
      vertex 10.8253 6.25 11.4
    endloop
  endfacet
  facet normal -0.874088 -0.485767 0
    outer loop
      vertex -10.8253 -6.25 11.4
      vertex -11.024 -5.89246 13
      vertex -11.024 -5.89246 11.4
    endloop
  endfacet
  facet normal -0.874088 -0.485767 0
    outer loop
      vertex -11.024 -5.89246 13
      vertex -10.8253 -6.25 11.4
      vertex -10.8253 -6.25 13
    endloop
  endfacet
  facet normal -0.306067 0.95201 0
    outer loop
      vertex -3.62856 11.9618 11.4
      vertex -4.01799 11.8366 13
      vertex -3.62856 11.9618 13
    endloop
  endfacet
  facet normal -0.306067 0.95201 0
    outer loop
      vertex -4.01799 11.8366 13
      vertex -3.62856 11.9618 11.4
      vertex -4.01799 11.8366 11.4
    endloop
  endfacet
  facet normal -0.514118 0.857719 0
    outer loop
      vertex -6.25 10.8253 11.4
      vertex -6.60085 10.615 13
      vertex -6.25 10.8253 13
    endloop
  endfacet
  facet normal -0.514118 0.857719 0
    outer loop
      vertex -6.60085 10.615 13
      vertex -6.25 10.8253 11.4
      vertex -6.60085 10.615 11.4
    endloop
  endfacet
  facet normal 0.740946 -0.671565 0
    outer loop
      vertex 9.1233 -8.5449 13
      vertex 9.398 -8.24182 11.4
      vertex 9.398 -8.24182 13
    endloop
  endfacet
  facet normal 0.740946 -0.671565 0
    outer loop
      vertex 9.398 -8.24182 11.4
      vertex 9.1233 -8.5449 13
      vertex 9.1233 -8.5449 11.4
    endloop
  endfacet
  facet normal 0.977489 0.210988 0
    outer loop
      vertex 12.2598 2.43863 13
      vertex 12.1735 2.83845 11.4
      vertex 12.1735 2.83845 13
    endloop
  endfacet
  facet normal 0.977489 0.210988 0
    outer loop
      vertex 12.1735 2.83845 11.4
      vertex 12.2598 2.43863 13
      vertex 12.2598 2.43863 11.4
    endloop
  endfacet
  facet normal -0.977489 -0.210988 0
    outer loop
      vertex -12.1735 -2.83845 11.4
      vertex -12.2598 -2.43863 13
      vertex -12.2598 -2.43863 11.4
    endloop
  endfacet
  facet normal -0.977489 -0.210988 0
    outer loop
      vertex -12.2598 -2.43863 13
      vertex -12.1735 -2.83845 11.4
      vertex -12.1735 -2.83845 13
    endloop
  endfacet
  facet normal -0.336886 -0.941545 0
    outer loop
      vertex -4.40312 -11.6988 11.4
      vertex -4.01799 -11.8366 13
      vertex -4.40312 -11.6988 13
    endloop
  endfacet
  facet normal -0.336886 -0.941545 -0
    outer loop
      vertex -4.01799 -11.8366 13
      vertex -4.40312 -11.6988 11.4
      vertex -4.01799 -11.8366 11.4
    endloop
  endfacet
  facet normal -0.081655 0.996661 0
    outer loop
      vertex -0.817538 12.4732 11.4
      vertex -1.22521 12.4398 13
      vertex -0.817538 12.4732 13
    endloop
  endfacet
  facet normal -0.081655 0.996661 0
    outer loop
      vertex -1.22521 12.4398 13
      vertex -0.817538 12.4732 11.4
      vertex -1.22521 12.4398 11.4
    endloop
  endfacet
  facet normal -0.941545 0.336886 0
    outer loop
      vertex -11.8366 4.01799 11.4
      vertex -11.6988 4.40312 13
      vertex -11.6988 4.40312 11.4
    endloop
  endfacet
  facet normal -0.941545 0.336886 0
    outer loop
      vertex -11.6988 4.40312 13
      vertex -11.8366 4.01799 11.4
      vertex -11.8366 4.01799 13
    endloop
  endfacet
  facet normal 0.930043 -0.36745 0
    outer loop
      vertex 11.5485 -4.78354 13
      vertex 11.6988 -4.40312 11.4
      vertex 11.6988 -4.40312 13
    endloop
  endfacet
  facet normal 0.930043 -0.36745 0
    outer loop
      vertex 11.6988 -4.40312 11.4
      vertex 11.5485 -4.78354 13
      vertex 11.5485 -4.78354 11.4
    endloop
  endfacet
  facet normal -0.903978 -0.427579 0
    outer loop
      vertex -11.2109 -5.52861 11.4
      vertex -11.3858 -5.15884 13
      vertex -11.3858 -5.15884 11.4
    endloop
  endfacet
  facet normal -0.903978 -0.427579 0
    outer loop
      vertex -11.3858 -5.15884 13
      vertex -11.2109 -5.52861 11.4
      vertex -11.2109 -5.52861 13
    endloop
  endfacet
  facet normal -0.049139 0.998792 0
    outer loop
      vertex -0.408988 12.4933 11.4
      vertex -0.817538 12.4732 13
      vertex -0.408988 12.4933 13
    endloop
  endfacet
  facet normal -0.049139 0.998792 0
    outer loop
      vertex -0.817538 12.4732 13
      vertex -0.408988 12.4933 11.4
      vertex -0.817538 12.4732 11.4
    endloop
  endfacet
  facet normal 0.983857 0.178954 0
    outer loop
      vertex 12.333 2.03619 13
      vertex 12.2598 2.43863 11.4
      vertex 12.2598 2.43863 13
    endloop
  endfacet
  facet normal 0.983857 0.178954 0
    outer loop
      vertex 12.2598 2.43863 11.4
      vertex 12.333 2.03619 13
      vertex 12.333 2.03619 11.4
    endloop
  endfacet
  facet normal -0.210988 0.977489 0
    outer loop
      vertex -2.43863 12.2598 11.4
      vertex -2.83845 12.1735 13
      vertex -2.43863 12.2598 13
    endloop
  endfacet
  facet normal -0.210988 0.977489 0
    outer loop
      vertex -2.83845 12.1735 13
      vertex -2.43863 12.2598 11.4
      vertex -2.83845 12.1735 11.4
    endloop
  endfacet
  facet normal 0.36745 0.930043 -0
    outer loop
      vertex 4.78354 11.5485 11.4
      vertex 4.40312 11.6988 13
      vertex 4.78354 11.5485 13
    endloop
  endfacet
  facet normal 0.36745 0.930043 0
    outer loop
      vertex 4.40312 11.6988 13
      vertex 4.78354 11.5485 11.4
      vertex 4.40312 11.6988 11.4
    endloop
  endfacet
  facet normal -0.695449 0.718576 0
    outer loop
      vertex -8.5449 9.1233 11.4
      vertex -8.83883 8.83883 13
      vertex -8.5449 9.1233 13
    endloop
  endfacet
  facet normal -0.695449 0.718576 0
    outer loop
      vertex -8.83883 8.83883 13
      vertex -8.5449 9.1233 11.4
      vertex -8.83883 8.83883 11.4
    endloop
  endfacet
  facet normal 0.740946 0.671565 0
    outer loop
      vertex 9.398 8.24182 13
      vertex 9.1233 8.5449 11.4
      vertex 9.1233 8.5449 13
    endloop
  endfacet
  facet normal 0.740946 0.671565 0
    outer loop
      vertex 9.1233 8.5449 11.4
      vertex 9.398 8.24182 13
      vertex 9.398 8.24182 11.4
    endloop
  endfacet
  facet normal 0.210988 0.977489 -0
    outer loop
      vertex 2.83845 12.1735 11.4
      vertex 2.43863 12.2598 13
      vertex 2.83845 12.1735 13
    endloop
  endfacet
  facet normal 0.210988 0.977489 0
    outer loop
      vertex 2.43863 12.2598 13
      vertex 2.83845 12.1735 11.4
      vertex 2.43863 12.2598 11.4
    endloop
  endfacet
  facet normal -0.514118 -0.857719 0
    outer loop
      vertex -6.60085 -10.615 11.4
      vertex -6.25 -10.8253 13
      vertex -6.60085 -10.615 13
    endloop
  endfacet
  facet normal -0.514118 -0.857719 -0
    outer loop
      vertex -6.25 -10.8253 13
      vertex -6.60085 -10.615 11.4
      vertex -6.25 -10.8253 11.4
    endloop
  endfacet
  facet normal 0.993461 -0.114168 0
    outer loop
      vertex 12.3931 -1.63158 13
      vertex 12.4398 -1.22521 11.4
      vertex 12.4398 -1.22521 13
    endloop
  endfacet
  facet normal 0.993461 -0.114168 0
    outer loop
      vertex 12.4398 -1.22521 11.4
      vertex 12.3931 -1.63158 13
      vertex 12.3931 -1.63158 11.4
    endloop
  endfacet
  facet normal -0.485767 -0.874088 0
    outer loop
      vertex -6.25 -10.8253 11.4
      vertex -5.89246 -11.024 13
      vertex -6.25 -10.8253 13
    endloop
  endfacet
  facet normal -0.485767 -0.874088 -0
    outer loop
      vertex -5.89246 -11.024 13
      vertex -6.25 -10.8253 11.4
      vertex -5.89246 -11.024 11.4
    endloop
  endfacet
  facet normal 0.114168 -0.993461 0
    outer loop
      vertex 1.22521 -12.4398 11.4
      vertex 1.63158 -12.3931 13
      vertex 1.22521 -12.4398 13
    endloop
  endfacet
  facet normal 0.114168 -0.993461 0
    outer loop
      vertex 1.63158 -12.3931 13
      vertex 1.22521 -12.4398 11.4
      vertex 1.63158 -12.3931 11.4
    endloop
  endfacet
  facet normal 0.857719 -0.514118 0
    outer loop
      vertex 10.615 -6.60085 13
      vertex 10.8253 -6.25 11.4
      vertex 10.8253 -6.25 13
    endloop
  endfacet
  facet normal 0.857719 -0.514118 0
    outer loop
      vertex 10.8253 -6.25 11.4
      vertex 10.615 -6.60085 13
      vertex 10.615 -6.60085 11.4
    endloop
  endfacet
  facet normal 0.336886 -0.941545 0
    outer loop
      vertex 4.01799 -11.8366 11.4
      vertex 4.40312 -11.6988 13
      vertex 4.01799 -11.8366 13
    endloop
  endfacet
  facet normal 0.336886 -0.941545 0
    outer loop
      vertex 4.40312 -11.6988 13
      vertex 4.01799 -11.8366 11.4
      vertex 4.40312 -11.6988 11.4
    endloop
  endfacet
  facet normal 0.695449 -0.718576 0
    outer loop
      vertex 8.5449 -9.1233 11.4
      vertex 8.83883 -8.83883 13
      vertex 8.5449 -9.1233 13
    endloop
  endfacet
  facet normal 0.695449 -0.718576 0
    outer loop
      vertex 8.83883 -8.83883 13
      vertex 8.5449 -9.1233 11.4
      vertex 8.83883 -8.83883 11.4
    endloop
  endfacet
  facet normal 0.595716 0.803195 -0
    outer loop
      vertex 7.60952 9.91692 11.4
      vertex 7.28097 10.1606 13
      vertex 7.60952 9.91692 13
    endloop
  endfacet
  facet normal 0.595716 0.803195 0
    outer loop
      vertex 7.28097 10.1606 13
      vertex 7.60952 9.91692 11.4
      vertex 7.28097 10.1606 11.4
    endloop
  endfacet
  facet normal 0.210988 -0.977489 0
    outer loop
      vertex 2.43863 -12.2598 11.4
      vertex 2.83845 -12.1735 13
      vertex 2.43863 -12.2598 13
    endloop
  endfacet
  facet normal 0.210988 -0.977489 0
    outer loop
      vertex 2.83845 -12.1735 13
      vertex 2.43863 -12.2598 11.4
      vertex 2.83845 -12.1735 11.4
    endloop
  endfacet
  facet normal 0.397752 -0.917493 0
    outer loop
      vertex 4.78354 -11.5485 11.4
      vertex 5.15884 -11.3858 13
      vertex 4.78354 -11.5485 13
    endloop
  endfacet
  facet normal 0.397752 -0.917493 0
    outer loop
      vertex 5.15884 -11.3858 13
      vertex 4.78354 -11.5485 11.4
      vertex 5.15884 -11.3858 11.4
    endloop
  endfacet
  facet normal -0.243002 -0.970026 0
    outer loop
      vertex -3.23524 -12.0741 11.4
      vertex -2.83845 -12.1735 13
      vertex -3.23524 -12.0741 13
    endloop
  endfacet
  facet normal -0.243002 -0.970026 -0
    outer loop
      vertex -2.83845 -12.1735 13
      vertex -3.23524 -12.0741 11.4
      vertex -2.83845 -12.1735 11.4
    endloop
  endfacet
  facet normal 0.485767 -0.874088 0
    outer loop
      vertex 5.89246 -11.024 11.4
      vertex 6.25 -10.8253 13
      vertex 5.89246 -11.024 13
    endloop
  endfacet
  facet normal 0.485767 -0.874088 0
    outer loop
      vertex 6.25 -10.8253 13
      vertex 5.89246 -11.024 11.4
      vertex 6.25 -10.8253 11.4
    endloop
  endfacet
  facet normal 0.427579 0.903978 -0
    outer loop
      vertex 5.52861 11.2109 11.4
      vertex 5.15884 11.3858 13
      vertex 5.52861 11.2109 13
    endloop
  endfacet
  facet normal 0.427579 0.903978 0
    outer loop
      vertex 5.15884 11.3858 13
      vertex 5.52861 11.2109 11.4
      vertex 5.15884 11.3858 11.4
    endloop
  endfacet
  facet normal 0.671565 0.740946 -0
    outer loop
      vertex 8.5449 9.1233 11.4
      vertex 8.24182 9.398 13
      vertex 8.5449 9.1233 13
    endloop
  endfacet
  facet normal 0.671565 0.740946 0
    outer loop
      vertex 8.24182 9.398 13
      vertex 8.5449 9.1233 11.4
      vertex 8.24182 9.398 11.4
    endloop
  endfacet
  facet normal -0.762524 0.64696 0
    outer loop
      vertex -9.66263 7.92992 11.4
      vertex -9.398 8.24182 13
      vertex -9.398 8.24182 11.4
    endloop
  endfacet
  facet normal -0.762524 0.64696 0
    outer loop
      vertex -9.398 8.24182 13
      vertex -9.66263 7.92992 11.4
      vertex -9.66263 7.92992 13
    endloop
  endfacet
  facet normal 0.961574 0.274547 0
    outer loop
      vertex 12.0741 3.23524 13
      vertex 11.9618 3.62856 11.4
      vertex 11.9618 3.62856 13
    endloop
  endfacet
  facet normal 0.961574 0.274547 0
    outer loop
      vertex 11.9618 3.62856 11.4
      vertex 12.0741 3.23524 13
      vertex 12.0741 3.23524 11.4
    endloop
  endfacet
  facet normal 0.456917 -0.889509 0
    outer loop
      vertex 5.52861 -11.2109 11.4
      vertex 5.89246 -11.024 13
      vertex 5.52861 -11.2109 13
    endloop
  endfacet
  facet normal 0.456917 -0.889509 0
    outer loop
      vertex 5.89246 -11.024 13
      vertex 5.52861 -11.2109 11.4
      vertex 5.89246 -11.024 11.4
    endloop
  endfacet
  facet normal 0.64696 0.762524 -0
    outer loop
      vertex 8.24182 9.398 11.4
      vertex 7.92992 9.66263 13
      vertex 8.24182 9.398 13
    endloop
  endfacet
  facet normal 0.64696 0.762524 0
    outer loop
      vertex 7.92992 9.66263 13
      vertex 8.24182 9.398 11.4
      vertex 7.92992 9.66263 11.4
    endloop
  endfacet
  facet normal -0.993461 0.114168 0
    outer loop
      vertex -12.4398 1.22521 11.4
      vertex -12.3931 1.63158 13
      vertex -12.3931 1.63158 11.4
    endloop
  endfacet
  facet normal -0.993461 0.114168 0
    outer loop
      vertex -12.3931 1.63158 13
      vertex -12.4398 1.22521 11.4
      vertex -12.4398 1.22521 13
    endloop
  endfacet
  facet normal 0.983857 -0.178954 0
    outer loop
      vertex 12.2598 -2.43863 13
      vertex 12.333 -2.03619 11.4
      vertex 12.333 -2.03619 13
    endloop
  endfacet
  facet normal 0.983857 -0.178954 0
    outer loop
      vertex 12.333 -2.03619 11.4
      vertex 12.2598 -2.43863 13
      vertex 12.2598 -2.43863 11.4
    endloop
  endfacet
  facet normal -0.621664 0.783284 0
    outer loop
      vertex -7.60952 9.91692 11.4
      vertex -7.92992 9.66263 13
      vertex -7.60952 9.91692 13
    endloop
  endfacet
  facet normal -0.621664 0.783284 0
    outer loop
      vertex -7.92992 9.66263 13
      vertex -7.60952 9.91692 11.4
      vertex -7.92992 9.66263 11.4
    endloop
  endfacet
  facet normal 0.081655 0.996661 -0
    outer loop
      vertex 1.22521 12.4398 11.4
      vertex 0.817538 12.4732 13
      vertex 1.22521 12.4398 13
    endloop
  endfacet
  facet normal 0.081655 0.996661 0
    outer loop
      vertex 0.817538 12.4732 13
      vertex 1.22521 12.4398 11.4
      vertex 0.817538 12.4732 11.4
    endloop
  endfacet
  facet normal 0.941545 0.336886 0
    outer loop
      vertex 11.8366 4.01799 13
      vertex 11.6988 4.40312 11.4
      vertex 11.6988 4.40312 13
    endloop
  endfacet
  facet normal 0.941545 0.336886 0
    outer loop
      vertex 11.6988 4.40312 11.4
      vertex 11.8366 4.01799 13
      vertex 11.8366 4.01799 11.4
    endloop
  endfacet
  facet normal 0.970026 0.243002 0
    outer loop
      vertex 12.1735 2.83845 13
      vertex 12.0741 3.23524 11.4
      vertex 12.0741 3.23524 13
    endloop
  endfacet
  facet normal 0.970026 0.243002 0
    outer loop
      vertex 12.0741 3.23524 11.4
      vertex 12.1735 2.83845 13
      vertex 12.1735 2.83845 11.4
    endloop
  endfacet
  facet normal -0.889509 0.456917 0
    outer loop
      vertex -11.2109 5.52861 11.4
      vertex -11.024 5.89246 13
      vertex -11.024 5.89246 11.4
    endloop
  endfacet
  facet normal -0.889509 0.456917 0
    outer loop
      vertex -11.024 5.89246 13
      vertex -11.2109 5.52861 11.4
      vertex -11.2109 5.52861 13
    endloop
  endfacet
  facet normal 0.485767 0.874088 -0
    outer loop
      vertex 6.25 10.8253 11.4
      vertex 5.89246 11.024 13
      vertex 6.25 10.8253 13
    endloop
  endfacet
  facet normal 0.485767 0.874088 0
    outer loop
      vertex 5.89246 11.024 13
      vertex 6.25 10.8253 11.4
      vertex 5.89246 11.024 11.4
    endloop
  endfacet
  facet normal 0.049139 0.998792 -0
    outer loop
      vertex 0.817538 12.4732 11.4
      vertex 0.408988 12.4933 13
      vertex 0.817538 12.4732 13
    endloop
  endfacet
  facet normal 0.049139 0.998792 0
    outer loop
      vertex 0.408988 12.4933 13
      vertex 0.817538 12.4732 11.4
      vertex 0.408988 12.4933 11.4
    endloop
  endfacet
  facet normal -0.740946 0.671565 0
    outer loop
      vertex -9.398 8.24182 11.4
      vertex -9.1233 8.5449 13
      vertex -9.1233 8.5449 11.4
    endloop
  endfacet
  facet normal -0.740946 0.671565 0
    outer loop
      vertex -9.1233 8.5449 13
      vertex -9.398 8.24182 11.4
      vertex -9.398 8.24182 13
    endloop
  endfacet
  facet normal 0.0163797 0.999866 -0
    outer loop
      vertex 0.408988 12.4933 11.4
      vertex 0 12.5 13
      vertex 0.408988 12.4933 13
    endloop
  endfacet
  facet normal 0.0163797 0.999866 0
    outer loop
      vertex 0 12.5 13
      vertex 0.408988 12.4933 11.4
      vertex 0 12.5 11.4
    endloop
  endfacet
  facet normal -0.983857 0.178954 0
    outer loop
      vertex -12.333 2.03619 11.4
      vertex -12.2598 2.43863 13
      vertex -12.2598 2.43863 11.4
    endloop
  endfacet
  facet normal -0.983857 0.178954 0
    outer loop
      vertex -12.2598 2.43863 13
      vertex -12.333 2.03619 11.4
      vertex -12.333 2.03619 13
    endloop
  endfacet
  facet normal -0.274547 0.961574 0
    outer loop
      vertex -3.23524 12.0741 11.4
      vertex -3.62856 11.9618 13
      vertex -3.23524 12.0741 13
    endloop
  endfacet
  facet normal -0.274547 0.961574 0
    outer loop
      vertex -3.62856 11.9618 13
      vertex -3.23524 12.0741 11.4
      vertex -3.62856 11.9618 11.4
    endloop
  endfacet
  facet normal 0.336886 0.941545 -0
    outer loop
      vertex 4.40312 11.6988 11.4
      vertex 4.01799 11.8366 13
      vertex 4.40312 11.6988 13
    endloop
  endfacet
  facet normal 0.336886 0.941545 0
    outer loop
      vertex 4.01799 11.8366 13
      vertex 4.40312 11.6988 11.4
      vertex 4.01799 11.8366 11.4
    endloop
  endfacet
  facet normal -0.595716 0.803195 0
    outer loop
      vertex -7.28097 10.1606 11.4
      vertex -7.60952 9.91692 13
      vertex -7.28097 10.1606 13
    endloop
  endfacet
  facet normal -0.595716 0.803195 0
    outer loop
      vertex -7.60952 9.91692 13
      vertex -7.28097 10.1606 11.4
      vertex -7.60952 9.91692 11.4
    endloop
  endfacet
  facet normal -0.541793 0.840512 0
    outer loop
      vertex -6.60085 10.615 11.4
      vertex -6.94463 10.3934 13
      vertex -6.60085 10.615 13
    endloop
  endfacet
  facet normal -0.541793 0.840512 0
    outer loop
      vertex -6.94463 10.3934 13
      vertex -6.60085 10.615 11.4
      vertex -6.94463 10.3934 11.4
    endloop
  endfacet
  facet normal -0.569126 0.82225 0
    outer loop
      vertex -6.94463 10.3934 11.4
      vertex -7.28097 10.1606 13
      vertex -6.94463 10.3934 13
    endloop
  endfacet
  facet normal -0.569126 0.82225 0
    outer loop
      vertex -7.28097 10.1606 13
      vertex -6.94463 10.3934 11.4
      vertex -7.28097 10.1606 11.4
    endloop
  endfacet
  facet normal -0.36745 -0.930043 0
    outer loop
      vertex -4.78354 -11.5485 11.4
      vertex -4.40312 -11.6988 13
      vertex -4.78354 -11.5485 13
    endloop
  endfacet
  facet normal -0.36745 -0.930043 -0
    outer loop
      vertex -4.40312 -11.6988 13
      vertex -4.78354 -11.5485 11.4
      vertex -4.40312 -11.6988 11.4
    endloop
  endfacet
  facet normal -0.996661 -0.081655 0
    outer loop
      vertex -12.4398 -1.22521 11.4
      vertex -12.4732 -0.817538 13
      vertex -12.4732 -0.817538 11.4
    endloop
  endfacet
  facet normal -0.996661 -0.081655 0
    outer loop
      vertex -12.4732 -0.817538 13
      vertex -12.4398 -1.22521 11.4
      vertex -12.4398 -1.22521 13
    endloop
  endfacet
  facet normal -0.999866 0.0163797 0
    outer loop
      vertex -12.5 0 11.4
      vertex -12.4933 0.408988 13
      vertex -12.4933 0.408988 11.4
    endloop
  endfacet
  facet normal -0.999866 0.0163797 0
    outer loop
      vertex -12.4933 0.408988 13
      vertex -12.5 0 11.4
      vertex -12.5 0 13
    endloop
  endfacet
  facet normal -0.82225 -0.569126 0
    outer loop
      vertex -10.1606 -7.28097 11.4
      vertex -10.3934 -6.94463 13
      vertex -10.3934 -6.94463 11.4
    endloop
  endfacet
  facet normal -0.82225 -0.569126 0
    outer loop
      vertex -10.3934 -6.94463 13
      vertex -10.1606 -7.28097 11.4
      vertex -10.1606 -7.28097 13
    endloop
  endfacet
  facet normal 0.541793 0.840512 -0
    outer loop
      vertex 6.94463 10.3934 11.4
      vertex 6.60085 10.615 13
      vertex 6.94463 10.3934 13
    endloop
  endfacet
  facet normal 0.541793 0.840512 0
    outer loop
      vertex 6.60085 10.615 13
      vertex 6.94463 10.3934 11.4
      vertex 6.60085 10.615 11.4
    endloop
  endfacet
  facet normal -0.983857 -0.178954 0
    outer loop
      vertex -12.2598 -2.43863 11.4
      vertex -12.333 -2.03619 13
      vertex -12.333 -2.03619 11.4
    endloop
  endfacet
  facet normal -0.983857 -0.178954 0
    outer loop
      vertex -12.333 -2.03619 13
      vertex -12.2598 -2.43863 11.4
      vertex -12.2598 -2.43863 13
    endloop
  endfacet
  facet normal -0.783284 -0.621664 0
    outer loop
      vertex -9.66263 -7.92992 11.4
      vertex -9.91692 -7.60952 13
      vertex -9.91692 -7.60952 11.4
    endloop
  endfacet
  facet normal -0.783284 -0.621664 0
    outer loop
      vertex -9.91692 -7.60952 13
      vertex -9.66263 -7.92992 11.4
      vertex -9.66263 -7.92992 13
    endloop
  endfacet
  facet normal -0.857719 0.514118 0
    outer loop
      vertex -10.8253 6.25 11.4
      vertex -10.615 6.60085 13
      vertex -10.615 6.60085 11.4
    endloop
  endfacet
  facet normal -0.857719 0.514118 0
    outer loop
      vertex -10.615 6.60085 13
      vertex -10.8253 6.25 11.4
      vertex -10.8253 6.25 13
    endloop
  endfacet
  facet normal -0.64696 -0.762524 0
    outer loop
      vertex -8.24182 -9.398 11.4
      vertex -7.92992 -9.66263 13
      vertex -8.24182 -9.398 13
    endloop
  endfacet
  facet normal -0.64696 -0.762524 -0
    outer loop
      vertex -7.92992 -9.66263 13
      vertex -8.24182 -9.398 11.4
      vertex -7.92992 -9.66263 11.4
    endloop
  endfacet
  facet normal -0.989147 -0.146926 0
    outer loop
      vertex -12.333 -2.03619 11.4
      vertex -12.3931 -1.63158 13
      vertex -12.3931 -1.63158 11.4
    endloop
  endfacet
  facet normal -0.989147 -0.146926 0
    outer loop
      vertex -12.3931 -1.63158 13
      vertex -12.333 -2.03619 11.4
      vertex -12.333 -2.03619 13
    endloop
  endfacet
  facet normal 0.274547 -0.961574 0
    outer loop
      vertex 3.23524 -12.0741 11.4
      vertex 3.62856 -11.9618 13
      vertex 3.23524 -12.0741 13
    endloop
  endfacet
  facet normal 0.274547 -0.961574 0
    outer loop
      vertex 3.62856 -11.9618 13
      vertex 3.23524 -12.0741 11.4
      vertex 3.62856 -11.9618 11.4
    endloop
  endfacet
  facet normal -0.941545 -0.336886 0
    outer loop
      vertex -11.6988 -4.40312 11.4
      vertex -11.8366 -4.01799 13
      vertex -11.8366 -4.01799 11.4
    endloop
  endfacet
  facet normal -0.941545 -0.336886 0
    outer loop
      vertex -11.8366 -4.01799 13
      vertex -11.6988 -4.40312 11.4
      vertex -11.6988 -4.40312 13
    endloop
  endfacet
  facet normal -0.95201 -0.306067 0
    outer loop
      vertex -11.8366 -4.01799 11.4
      vertex -11.9618 -3.62856 13
      vertex -11.9618 -3.62856 11.4
    endloop
  endfacet
  facet normal -0.95201 -0.306067 0
    outer loop
      vertex -11.9618 -3.62856 13
      vertex -11.8366 -4.01799 11.4
      vertex -11.8366 -4.01799 13
    endloop
  endfacet
  facet normal 0.569126 -0.82225 0
    outer loop
      vertex 6.94463 -10.3934 11.4
      vertex 7.28097 -10.1606 13
      vertex 6.94463 -10.3934 13
    endloop
  endfacet
  facet normal 0.569126 -0.82225 0
    outer loop
      vertex 7.28097 -10.1606 13
      vertex 6.94463 -10.3934 11.4
      vertex 7.28097 -10.1606 11.4
    endloop
  endfacet
  facet normal -0.718576 0.695449 0
    outer loop
      vertex -9.1233 8.5449 11.4
      vertex -8.83883 8.83883 13
      vertex -8.83883 8.83883 11.4
    endloop
  endfacet
  facet normal -0.718576 0.695449 0
    outer loop
      vertex -8.83883 8.83883 13
      vertex -9.1233 8.5449 11.4
      vertex -9.1233 8.5449 13
    endloop
  endfacet
  facet normal 0.621664 -0.783284 0
    outer loop
      vertex 7.60952 -9.91692 11.4
      vertex 7.92992 -9.66263 13
      vertex 7.60952 -9.91692 13
    endloop
  endfacet
  facet normal 0.621664 -0.783284 0
    outer loop
      vertex 7.92992 -9.66263 13
      vertex 7.60952 -9.91692 11.4
      vertex 7.92992 -9.66263 11.4
    endloop
  endfacet
  facet normal 0.427579 -0.903978 0
    outer loop
      vertex 5.15884 -11.3858 11.4
      vertex 5.52861 -11.2109 13
      vertex 5.15884 -11.3858 13
    endloop
  endfacet
  facet normal 0.427579 -0.903978 0
    outer loop
      vertex 5.52861 -11.2109 13
      vertex 5.15884 -11.3858 11.4
      vertex 5.52861 -11.2109 11.4
    endloop
  endfacet
  facet normal 0.274547 0.961574 -0
    outer loop
      vertex 3.62856 11.9618 11.4
      vertex 3.23524 12.0741 13
      vertex 3.62856 11.9618 13
    endloop
  endfacet
  facet normal 0.274547 0.961574 0
    outer loop
      vertex 3.23524 12.0741 13
      vertex 3.62856 11.9618 11.4
      vertex 3.23524 12.0741 11.4
    endloop
  endfacet
  facet normal 0.917493 0.397752 0
    outer loop
      vertex 11.5485 4.78354 13
      vertex 11.3858 5.15884 11.4
      vertex 11.3858 5.15884 13
    endloop
  endfacet
  facet normal 0.917493 0.397752 0
    outer loop
      vertex 11.3858 5.15884 11.4
      vertex 11.5485 4.78354 13
      vertex 11.5485 4.78354 11.4
    endloop
  endfacet
  facet normal -0.569126 -0.82225 0
    outer loop
      vertex -7.28097 -10.1606 11.4
      vertex -6.94463 -10.3934 13
      vertex -7.28097 -10.1606 13
    endloop
  endfacet
  facet normal -0.569126 -0.82225 -0
    outer loop
      vertex -6.94463 -10.3934 13
      vertex -7.28097 -10.1606 11.4
      vertex -6.94463 -10.3934 11.4
    endloop
  endfacet
  facet normal 0.146926 0.989147 -0
    outer loop
      vertex 2.03619 12.333 11.4
      vertex 1.63158 12.3931 13
      vertex 2.03619 12.333 13
    endloop
  endfacet
  facet normal 0.146926 0.989147 0
    outer loop
      vertex 1.63158 12.3931 13
      vertex 2.03619 12.333 11.4
      vertex 1.63158 12.3931 11.4
    endloop
  endfacet
  facet normal 0.306067 0.95201 -0
    outer loop
      vertex 4.01799 11.8366 11.4
      vertex 3.62856 11.9618 13
      vertex 4.01799 11.8366 13
    endloop
  endfacet
  facet normal 0.306067 0.95201 0
    outer loop
      vertex 3.62856 11.9618 13
      vertex 4.01799 11.8366 11.4
      vertex 3.62856 11.9618 11.4
    endloop
  endfacet
  facet normal 0.762524 0.64696 0
    outer loop
      vertex 9.66263 7.92992 13
      vertex 9.398 8.24182 11.4
      vertex 9.398 8.24182 13
    endloop
  endfacet
  facet normal 0.762524 0.64696 0
    outer loop
      vertex 9.398 8.24182 11.4
      vertex 9.66263 7.92992 13
      vertex 9.66263 7.92992 11.4
    endloop
  endfacet
  facet normal -0.95201 0.306067 0
    outer loop
      vertex -11.9618 3.62856 11.4
      vertex -11.8366 4.01799 13
      vertex -11.8366 4.01799 11.4
    endloop
  endfacet
  facet normal -0.95201 0.306067 0
    outer loop
      vertex -11.8366 4.01799 13
      vertex -11.9618 3.62856 11.4
      vertex -11.9618 3.62856 13
    endloop
  endfacet
  facet normal 0.840512 -0.541793 0
    outer loop
      vertex 10.3934 -6.94463 13
      vertex 10.615 -6.60085 11.4
      vertex 10.615 -6.60085 13
    endloop
  endfacet
  facet normal 0.840512 -0.541793 0
    outer loop
      vertex 10.615 -6.60085 11.4
      vertex 10.3934 -6.94463 13
      vertex 10.3934 -6.94463 11.4
    endloop
  endfacet
  facet normal -0.427579 -0.903978 0
    outer loop
      vertex -5.52861 -11.2109 11.4
      vertex -5.15884 -11.3858 13
      vertex -5.52861 -11.2109 13
    endloop
  endfacet
  facet normal -0.427579 -0.903978 -0
    outer loop
      vertex -5.15884 -11.3858 13
      vertex -5.52861 -11.2109 11.4
      vertex -5.15884 -11.3858 11.4
    endloop
  endfacet
  facet normal 0.306067 -0.95201 0
    outer loop
      vertex 3.62856 -11.9618 11.4
      vertex 4.01799 -11.8366 13
      vertex 3.62856 -11.9618 13
    endloop
  endfacet
  facet normal 0.306067 -0.95201 0
    outer loop
      vertex 4.01799 -11.8366 13
      vertex 3.62856 -11.9618 11.4
      vertex 4.01799 -11.8366 11.4
    endloop
  endfacet
  facet normal -0.178954 -0.983857 0
    outer loop
      vertex -2.43863 -12.2598 11.4
      vertex -2.03619 -12.333 13
      vertex -2.43863 -12.2598 13
    endloop
  endfacet
  facet normal -0.178954 -0.983857 -0
    outer loop
      vertex -2.03619 -12.333 13
      vertex -2.43863 -12.2598 11.4
      vertex -2.03619 -12.333 11.4
    endloop
  endfacet
  facet normal -0.64696 0.762524 0
    outer loop
      vertex -7.92992 9.66263 11.4
      vertex -8.24182 9.398 13
      vertex -7.92992 9.66263 13
    endloop
  endfacet
  facet normal -0.64696 0.762524 0
    outer loop
      vertex -8.24182 9.398 13
      vertex -7.92992 9.66263 11.4
      vertex -8.24182 9.398 11.4
    endloop
  endfacet
  facet normal -0.989147 0.146926 0
    outer loop
      vertex -12.3931 1.63158 11.4
      vertex -12.333 2.03619 13
      vertex -12.333 2.03619 11.4
    endloop
  endfacet
  facet normal -0.989147 0.146926 0
    outer loop
      vertex -12.333 2.03619 13
      vertex -12.3931 1.63158 11.4
      vertex -12.3931 1.63158 13
    endloop
  endfacet
  facet normal -0.961574 0.274547 0
    outer loop
      vertex -12.0741 3.23524 11.4
      vertex -11.9618 3.62856 13
      vertex -11.9618 3.62856 11.4
    endloop
  endfacet
  facet normal -0.961574 0.274547 0
    outer loop
      vertex -11.9618 3.62856 13
      vertex -12.0741 3.23524 11.4
      vertex -12.0741 3.23524 13
    endloop
  endfacet
  facet normal -0.397752 -0.917493 0
    outer loop
      vertex -5.15884 -11.3858 11.4
      vertex -4.78354 -11.5485 13
      vertex -5.15884 -11.3858 13
    endloop
  endfacet
  facet normal -0.397752 -0.917493 -0
    outer loop
      vertex -4.78354 -11.5485 13
      vertex -5.15884 -11.3858 11.4
      vertex -4.78354 -11.5485 11.4
    endloop
  endfacet
  facet normal -0.397752 0.917493 0
    outer loop
      vertex -4.78354 11.5485 11.4
      vertex -5.15884 11.3858 13
      vertex -4.78354 11.5485 13
    endloop
  endfacet
  facet normal -0.397752 0.917493 0
    outer loop
      vertex -5.15884 11.3858 13
      vertex -4.78354 11.5485 11.4
      vertex -5.15884 11.3858 11.4
    endloop
  endfacet
  facet normal -0.336886 0.941545 0
    outer loop
      vertex -4.01799 11.8366 11.4
      vertex -4.40312 11.6988 13
      vertex -4.01799 11.8366 13
    endloop
  endfacet
  facet normal -0.336886 0.941545 0
    outer loop
      vertex -4.40312 11.6988 13
      vertex -4.01799 11.8366 11.4
      vertex -4.40312 11.6988 11.4
    endloop
  endfacet
  facet normal -0.671565 0.740946 0
    outer loop
      vertex -8.24182 9.398 11.4
      vertex -8.5449 9.1233 13
      vertex -8.24182 9.398 13
    endloop
  endfacet
  facet normal -0.671565 0.740946 0
    outer loop
      vertex -8.5449 9.1233 13
      vertex -8.24182 9.398 11.4
      vertex -8.5449 9.1233 11.4
    endloop
  endfacet
  facet normal 0.146926 -0.989147 0
    outer loop
      vertex 1.63158 -12.3931 11.4
      vertex 2.03619 -12.333 13
      vertex 1.63158 -12.3931 13
    endloop
  endfacet
  facet normal 0.146926 -0.989147 0
    outer loop
      vertex 2.03619 -12.333 13
      vertex 1.63158 -12.3931 11.4
      vertex 2.03619 -12.333 11.4
    endloop
  endfacet
  facet normal 0.178954 -0.983857 0
    outer loop
      vertex 2.03619 -12.333 11.4
      vertex 2.43863 -12.2598 13
      vertex 2.03619 -12.333 13
    endloop
  endfacet
  facet normal 0.178954 -0.983857 0
    outer loop
      vertex 2.43863 -12.2598 13
      vertex 2.03619 -12.333 11.4
      vertex 2.43863 -12.2598 11.4
    endloop
  endfacet
  facet normal 0.514118 0.857719 -0
    outer loop
      vertex 6.60085 10.615 11.4
      vertex 6.25 10.8253 13
      vertex 6.60085 10.615 13
    endloop
  endfacet
  facet normal 0.514118 0.857719 0
    outer loop
      vertex 6.25 10.8253 13
      vertex 6.60085 10.615 11.4
      vertex 6.25 10.8253 11.4
    endloop
  endfacet
  facet normal 0.595716 -0.803195 0
    outer loop
      vertex 7.28097 -10.1606 11.4
      vertex 7.60952 -9.91692 13
      vertex 7.28097 -10.1606 13
    endloop
  endfacet
  facet normal 0.595716 -0.803195 0
    outer loop
      vertex 7.60952 -9.91692 13
      vertex 7.28097 -10.1606 11.4
      vertex 7.60952 -9.91692 11.4
    endloop
  endfacet
  facet normal -0.917493 0.397752 0
    outer loop
      vertex -11.5485 4.78354 11.4
      vertex -11.3858 5.15884 13
      vertex -11.3858 5.15884 11.4
    endloop
  endfacet
  facet normal -0.917493 0.397752 0
    outer loop
      vertex -11.3858 5.15884 13
      vertex -11.5485 4.78354 11.4
      vertex -11.5485 4.78354 13
    endloop
  endfacet
  facet normal -0.903978 0.427579 0
    outer loop
      vertex -11.3858 5.15884 11.4
      vertex -11.2109 5.52861 13
      vertex -11.2109 5.52861 11.4
    endloop
  endfacet
  facet normal -0.903978 0.427579 0
    outer loop
      vertex -11.2109 5.52861 13
      vertex -11.3858 5.15884 11.4
      vertex -11.3858 5.15884 13
    endloop
  endfacet
  facet normal 0.64696 -0.762524 0
    outer loop
      vertex 7.92992 -9.66263 11.4
      vertex 8.24182 -9.398 13
      vertex 7.92992 -9.66263 13
    endloop
  endfacet
  facet normal 0.64696 -0.762524 0
    outer loop
      vertex 8.24182 -9.398 13
      vertex 7.92992 -9.66263 11.4
      vertex 8.24182 -9.398 11.4
    endloop
  endfacet
  facet normal 0.671565 -0.740946 0
    outer loop
      vertex 8.24182 -9.398 11.4
      vertex 8.5449 -9.1233 13
      vertex 8.24182 -9.398 13
    endloop
  endfacet
  facet normal 0.671565 -0.740946 0
    outer loop
      vertex 8.5449 -9.1233 13
      vertex 8.24182 -9.398 11.4
      vertex 8.5449 -9.1233 11.4
    endloop
  endfacet
  facet normal -0.456917 0.889509 0
    outer loop
      vertex -5.52861 11.2109 11.4
      vertex -5.89246 11.024 13
      vertex -5.52861 11.2109 13
    endloop
  endfacet
  facet normal -0.456917 0.889509 0
    outer loop
      vertex -5.89246 11.024 13
      vertex -5.52861 11.2109 11.4
      vertex -5.89246 11.024 11.4
    endloop
  endfacet
  facet normal -0.427579 0.903978 0
    outer loop
      vertex -5.15884 11.3858 11.4
      vertex -5.52861 11.2109 13
      vertex -5.15884 11.3858 13
    endloop
  endfacet
  facet normal -0.427579 0.903978 0
    outer loop
      vertex -5.52861 11.2109 13
      vertex -5.15884 11.3858 11.4
      vertex -5.52861 11.2109 11.4
    endloop
  endfacet
  facet normal -0.541793 -0.840512 0
    outer loop
      vertex -6.94463 -10.3934 11.4
      vertex -6.60085 -10.615 13
      vertex -6.94463 -10.3934 13
    endloop
  endfacet
  facet normal -0.541793 -0.840512 -0
    outer loop
      vertex -6.60085 -10.615 13
      vertex -6.94463 -10.3934 11.4
      vertex -6.60085 -10.615 11.4
    endloop
  endfacet
  facet normal -0.803195 0.595716 0
    outer loop
      vertex -10.1606 7.28097 11.4
      vertex -9.91692 7.60952 13
      vertex -9.91692 7.60952 11.4
    endloop
  endfacet
  facet normal -0.803195 0.595716 0
    outer loop
      vertex -9.91692 7.60952 13
      vertex -10.1606 7.28097 11.4
      vertex -10.1606 7.28097 13
    endloop
  endfacet
  facet normal 0.889509 -0.456917 0
    outer loop
      vertex 11.024 -5.89246 13
      vertex 11.2109 -5.52861 11.4
      vertex 11.2109 -5.52861 13
    endloop
  endfacet
  facet normal 0.889509 -0.456917 0
    outer loop
      vertex 11.2109 -5.52861 11.4
      vertex 11.024 -5.89246 13
      vertex 11.024 -5.89246 11.4
    endloop
  endfacet
  facet normal 0 0 -1
    outer loop
      vertex 10.8 0 11.4
      vertex 12.5 0 11.4
      vertex 12.4933 -0.408988 11.4
    endloop
  endfacet
  facet normal 0 0 -1
    outer loop
      vertex 10.7942 -0.353366 11.4
      vertex 12.4933 -0.408988 11.4
      vertex 12.4732 -0.817538 11.4
    endloop
  endfacet
  facet normal 0 0 -1
    outer loop
      vertex 12.5 0 11.4
      vertex 10.8 0 11.4
      vertex 12.4933 0.408988 11.4
    endloop
  endfacet
  facet normal 0 0 -1
    outer loop
      vertex 10.7769 -0.706353 11.4
      vertex 12.4732 -0.817538 11.4
      vertex 12.4398 -1.22521 11.4
    endloop
  endfacet
  facet normal 0 0 -1
    outer loop
      vertex 10.7942 0.353366 11.4
      vertex 12.4933 0.408988 11.4
      vertex 10.8 0 11.4
    endloop
  endfacet
  facet normal 0 0 -1
    outer loop
      vertex 10.748 -1.05858 11.4
      vertex 12.4398 -1.22521 11.4
      vertex 12.3931 -1.63158 11.4
    endloop
  endfacet
  facet normal -0 0 -1
    outer loop
      vertex 12.4933 0.408988 11.4
      vertex 10.7942 0.353366 11.4
      vertex 12.4732 0.817538 11.4
    endloop
  endfacet
  facet normal 0 0 -1
    outer loop
      vertex 10.7076 -1.40968 11.4
      vertex 12.3931 -1.63158 11.4
      vertex 12.333 -2.03619 11.4
    endloop
  endfacet
  facet normal 0 0 -1
    outer loop
      vertex 10.7769 0.706353 11.4
      vertex 12.4732 0.817538 11.4
      vertex 10.7942 0.353366 11.4
    endloop
  endfacet
  facet normal 0 0 -1
    outer loop
      vertex 10.6557 -1.75927 11.4
      vertex 12.333 -2.03619 11.4
      vertex 12.2598 -2.43863 11.4
    endloop
  endfacet
  facet normal -0 0 -1
    outer loop
      vertex 12.4732 0.817538 11.4
      vertex 10.7769 0.706353 11.4
      vertex 12.4398 1.22521 11.4
    endloop
  endfacet
  facet normal 0 0 -1
    outer loop
      vertex 10.5925 -2.10697 11.4
      vertex 12.2598 -2.43863 11.4
      vertex 12.1735 -2.83845 11.4
    endloop
  endfacet
  facet normal 0 0 -1
    outer loop
      vertex 10.748 1.05858 11.4
      vertex 12.4398 1.22521 11.4
      vertex 10.7769 0.706353 11.4
    endloop
  endfacet
  facet normal 0 0 -1
    outer loop
      vertex 10.5179 -2.45242 11.4
      vertex 12.1735 -2.83845 11.4
      vertex 12.0741 -3.23524 11.4
    endloop
  endfacet
  facet normal -0 0 -1
    outer loop
      vertex 12.4398 1.22521 11.4
      vertex 10.748 1.05858 11.4
      vertex 12.3931 1.63158 11.4
    endloop
  endfacet
  facet normal 0 0 -1
    outer loop
      vertex 10.432 -2.79525 11.4
      vertex 12.0741 -3.23524 11.4
      vertex 11.9618 -3.62856 11.4
    endloop
  endfacet
  facet normal 0 0 -1
    outer loop
      vertex 10.7076 1.40968 11.4
      vertex 12.3931 1.63158 11.4
      vertex 10.748 1.05858 11.4
    endloop
  endfacet
  facet normal 0 0 -1
    outer loop
      vertex 10.335 -3.13507 11.4
      vertex 11.9618 -3.62856 11.4
      vertex 11.8366 -4.01799 11.4
    endloop
  endfacet
  facet normal -0 0 -1
    outer loop
      vertex 12.3931 1.63158 11.4
      vertex 10.7076 1.40968 11.4
      vertex 12.333 2.03619 11.4
    endloop
  endfacet
  facet normal 0 0 -1
    outer loop
      vertex 10.2268 -3.47155 11.4
      vertex 11.8366 -4.01799 11.4
      vertex 11.6988 -4.40312 11.4
    endloop
  endfacet
  facet normal 0 0 -1
    outer loop
      vertex 10.6557 1.75927 11.4
      vertex 12.333 2.03619 11.4
      vertex 10.7076 1.40968 11.4
    endloop
  endfacet
  facet normal 0 0 -1
    outer loop
      vertex 10.1078 -3.8043 11.4
      vertex 11.6988 -4.40312 11.4
      vertex 11.5485 -4.78354 11.4
    endloop
  endfacet
  facet normal -0 0 -1
    outer loop
      vertex 12.333 2.03619 11.4
      vertex 10.6557 1.75927 11.4
      vertex 12.2598 2.43863 11.4
    endloop
  endfacet
  facet normal 0 0 -1
    outer loop
      vertex 9.9779 -4.13298 11.4
      vertex 11.5485 -4.78354 11.4
      vertex 11.3858 -5.15884 11.4
    endloop
  endfacet
  facet normal 0 0 -1
    outer loop
      vertex 10.5925 2.10697 11.4
      vertex 12.2598 2.43863 11.4
      vertex 10.6557 1.75927 11.4
    endloop
  endfacet
  facet normal 0 0 -1
    outer loop
      vertex 9.83733 -4.45724 11.4
      vertex 11.3858 -5.15884 11.4
      vertex 11.2109 -5.52861 11.4
    endloop
  endfacet
  facet normal -0 0 -1
    outer loop
      vertex 12.2598 2.43863 11.4
      vertex 10.5925 2.10697 11.4
      vertex 12.1735 2.83845 11.4
    endloop
  endfacet
  facet normal 0 0 -1
    outer loop
      vertex 9.68622 -4.77672 11.4
      vertex 11.2109 -5.52861 11.4
      vertex 11.024 -5.89246 11.4
    endloop
  endfacet
  facet normal 0 0 -1
    outer loop
      vertex 10.5179 2.45242 11.4
      vertex 12.1735 2.83845 11.4
      vertex 10.5925 2.10697 11.4
    endloop
  endfacet
  facet normal 0 0 -1
    outer loop
      vertex 9.52475 -5.09108 11.4
      vertex 11.024 -5.89246 11.4
      vertex 10.8253 -6.25 11.4
    endloop
  endfacet
  facet normal -0 0 -1
    outer loop
      vertex 12.1735 2.83845 11.4
      vertex 10.5179 2.45242 11.4
      vertex 12.0741 3.23524 11.4
    endloop
  endfacet
  facet normal 0 0 -1
    outer loop
      vertex 10.432 2.79525 11.4
      vertex 12.0741 3.23524 11.4
      vertex 10.5179 2.45242 11.4
    endloop
  endfacet
  facet normal 0 0 -1
    outer loop
      vertex 12.4933 -0.408988 11.4
      vertex 10.7942 -0.353366 11.4
      vertex 10.8 0 11.4
    endloop
  endfacet
  facet normal 0 0 -1
    outer loop
      vertex 12.4732 -0.817538 11.4
      vertex 10.7769 -0.706353 11.4
      vertex 10.7942 -0.353366 11.4
    endloop
  endfacet
  facet normal 0 0 -1
    outer loop
      vertex 12.4398 -1.22521 11.4
      vertex 10.748 -1.05858 11.4
      vertex 10.7769 -0.706353 11.4
    endloop
  endfacet
  facet normal 0 0 -1
    outer loop
      vertex 12.3931 -1.63158 11.4
      vertex 10.7076 -1.40968 11.4
      vertex 10.748 -1.05858 11.4
    endloop
  endfacet
  facet normal 0 0 -1
    outer loop
      vertex 12.333 -2.03619 11.4
      vertex 10.6557 -1.75927 11.4
      vertex 10.7076 -1.40968 11.4
    endloop
  endfacet
  facet normal 0 0 -1
    outer loop
      vertex 9.35307 -5.4 11.4
      vertex 10.8253 -6.25 11.4
      vertex 10.615 -6.60085 11.4
    endloop
  endfacet
  facet normal 0 0 -1
    outer loop
      vertex 12.2598 -2.43863 11.4
      vertex 10.5925 -2.10697 11.4
      vertex 10.6557 -1.75927 11.4
    endloop
  endfacet
  facet normal 0 0 -1
    outer loop
      vertex 12.1735 -2.83845 11.4
      vertex 10.5179 -2.45242 11.4
      vertex 10.5925 -2.10697 11.4
    endloop
  endfacet
  facet normal 0 0 -1
    outer loop
      vertex 12.0741 -3.23524 11.4
      vertex 10.432 -2.79525 11.4
      vertex 10.5179 -2.45242 11.4
    endloop
  endfacet
  facet normal 0 0 -1
    outer loop
      vertex 9.17138 -5.70313 11.4
      vertex 10.615 -6.60085 11.4
      vertex 10.3934 -6.94463 11.4
    endloop
  endfacet
  facet normal 0 0 -1
    outer loop
      vertex 11.9618 -3.62856 11.4
      vertex 10.335 -3.13507 11.4
      vertex 10.432 -2.79525 11.4
    endloop
  endfacet
  facet normal 0 0 -1
    outer loop
      vertex 11.8366 -4.01799 11.4
      vertex 10.2268 -3.47155 11.4
      vertex 10.335 -3.13507 11.4
    endloop
  endfacet
  facet normal 0 0 -1
    outer loop
      vertex 8.97987 -6.00016 11.4
      vertex 10.3934 -6.94463 11.4
      vertex 10.1606 -7.28097 11.4
    endloop
  endfacet
  facet normal 0 0 -1
    outer loop
      vertex 11.6988 -4.40312 11.4
      vertex 10.1078 -3.8043 11.4
      vertex 10.2268 -3.47155 11.4
    endloop
  endfacet
  facet normal 0 0 -1
    outer loop
      vertex 11.5485 -4.78354 11.4
      vertex 9.9779 -4.13298 11.4
      vertex 10.1078 -3.8043 11.4
    endloop
  endfacet
  facet normal 0 0 -1
    outer loop
      vertex 8.77874 -6.29076 11.4
      vertex 10.1606 -7.28097 11.4
      vertex 9.91692 -7.60952 11.4
    endloop
  endfacet
  facet normal 0 0 -1
    outer loop
      vertex 11.3858 -5.15884 11.4
      vertex 9.83733 -4.45724 11.4
      vertex 9.9779 -4.13298 11.4
    endloop
  endfacet
  facet normal 0 0 -1
    outer loop
      vertex 11.2109 -5.52861 11.4
      vertex 9.68622 -4.77672 11.4
      vertex 9.83733 -4.45724 11.4
    endloop
  endfacet
  facet normal 0 0 -1
    outer loop
      vertex 8.56822 -6.57462 11.4
      vertex 9.91692 -7.60952 11.4
      vertex 9.66263 -7.92992 11.4
    endloop
  endfacet
  facet normal 0 0 -1
    outer loop
      vertex 11.024 -5.89246 11.4
      vertex 9.52475 -5.09108 11.4
      vertex 9.68622 -4.77672 11.4
    endloop
  endfacet
  facet normal 0 0 -1
    outer loop
      vertex 8.34851 -6.85145 11.4
      vertex 9.66263 -7.92992 11.4
      vertex 9.398 -8.24182 11.4
    endloop
  endfacet
  facet normal 0 0 -1
    outer loop
      vertex 10.8253 -6.25 11.4
      vertex 9.35307 -5.4 11.4
      vertex 9.52475 -5.09108 11.4
    endloop
  endfacet
  facet normal 0 0 -1
    outer loop
      vertex 10.615 -6.60085 11.4
      vertex 9.17138 -5.70313 11.4
      vertex 9.35307 -5.4 11.4
    endloop
  endfacet
  facet normal 0 0 -1
    outer loop
      vertex 8.11987 -7.12093 11.4
      vertex 9.398 -8.24182 11.4
      vertex 9.1233 -8.5449 11.4
    endloop
  endfacet
  facet normal 0 0 -1
    outer loop
      vertex 10.3934 -6.94463 11.4
      vertex 8.97987 -6.00016 11.4
      vertex 9.17138 -5.70313 11.4
    endloop
  endfacet
  facet normal 0 0 -1
    outer loop
      vertex 7.88253 -7.3828 11.4
      vertex 9.1233 -8.5449 11.4
      vertex 8.83883 -8.83883 11.4
    endloop
  endfacet
  facet normal 0 0 -1
    outer loop
      vertex 10.1606 -7.28097 11.4
      vertex 8.77874 -6.29076 11.4
      vertex 8.97987 -6.00016 11.4
    endloop
  endfacet
  facet normal 0 0 -1
    outer loop
      vertex 9.91692 -7.60952 11.4
      vertex 8.56822 -6.57462 11.4
      vertex 8.77874 -6.29076 11.4
    endloop
  endfacet
  facet normal 0 0 -1
    outer loop
      vertex 7.63675 -7.63675 11.4
      vertex 8.83883 -8.83883 11.4
      vertex 8.5449 -9.1233 11.4
    endloop
  endfacet
  facet normal 0 0 -1
    outer loop
      vertex 9.66263 -7.92992 11.4
      vertex 8.34851 -6.85145 11.4
      vertex 8.56822 -6.57462 11.4
    endloop
  endfacet
  facet normal 0 0 -1
    outer loop
      vertex 7.3828 -7.88253 11.4
      vertex 8.5449 -9.1233 11.4
      vertex 8.24182 -9.398 11.4
    endloop
  endfacet
  facet normal 0 0 -1
    outer loop
      vertex 9.398 -8.24182 11.4
      vertex 8.11987 -7.12093 11.4
      vertex 8.34851 -6.85145 11.4
    endloop
  endfacet
  facet normal 0 0 -1
    outer loop
      vertex 7.12093 -8.11987 11.4
      vertex 8.24182 -9.398 11.4
      vertex 7.92992 -9.66263 11.4
    endloop
  endfacet
  facet normal 0 0 -1
    outer loop
      vertex 9.1233 -8.5449 11.4
      vertex 7.88253 -7.3828 11.4
      vertex 8.11987 -7.12093 11.4
    endloop
  endfacet
  facet normal 0 0 -1
    outer loop
      vertex 8.83883 -8.83883 11.4
      vertex 7.63675 -7.63675 11.4
      vertex 7.88253 -7.3828 11.4
    endloop
  endfacet
  facet normal 0 0 -1
    outer loop
      vertex 6.85145 -8.34851 11.4
      vertex 7.92992 -9.66263 11.4
      vertex 7.60952 -9.91692 11.4
    endloop
  endfacet
  facet normal 0 0 -1
    outer loop
      vertex 8.5449 -9.1233 11.4
      vertex 7.3828 -7.88253 11.4
      vertex 7.63675 -7.63675 11.4
    endloop
  endfacet
  facet normal 0 0 -1
    outer loop
      vertex 6.57462 -8.56822 11.4
      vertex 7.60952 -9.91692 11.4
      vertex 7.28097 -10.1606 11.4
    endloop
  endfacet
  facet normal 0 0 -1
    outer loop
      vertex 8.24182 -9.398 11.4
      vertex 7.12093 -8.11987 11.4
      vertex 7.3828 -7.88253 11.4
    endloop
  endfacet
  facet normal 0 0 -1
    outer loop
      vertex 6.29076 -8.77874 11.4
      vertex 7.28097 -10.1606 11.4
      vertex 6.94463 -10.3934 11.4
    endloop
  endfacet
  facet normal 0 0 -1
    outer loop
      vertex 7.92992 -9.66263 11.4
      vertex 6.85145 -8.34851 11.4
      vertex 7.12093 -8.11987 11.4
    endloop
  endfacet
  facet normal 0 0 -1
    outer loop
      vertex 6.00016 -8.97987 11.4
      vertex 6.94463 -10.3934 11.4
      vertex 6.60085 -10.615 11.4
    endloop
  endfacet
  facet normal 0 0 -1
    outer loop
      vertex 7.60952 -9.91692 11.4
      vertex 6.57462 -8.56822 11.4
      vertex 6.85145 -8.34851 11.4
    endloop
  endfacet
  facet normal 0 0 -1
    outer loop
      vertex 7.28097 -10.1606 11.4
      vertex 6.29076 -8.77874 11.4
      vertex 6.57462 -8.56822 11.4
    endloop
  endfacet
  facet normal 0 0 -1
    outer loop
      vertex 5.70313 -9.17138 11.4
      vertex 6.60085 -10.615 11.4
      vertex 6.25 -10.8253 11.4
    endloop
  endfacet
  facet normal 0 0 -1
    outer loop
      vertex 6.94463 -10.3934 11.4
      vertex 6.00016 -8.97987 11.4
      vertex 6.29076 -8.77874 11.4
    endloop
  endfacet
  facet normal 0 0 -1
    outer loop
      vertex 5.4 -9.35307 11.4
      vertex 6.25 -10.8253 11.4
      vertex 5.89246 -11.024 11.4
    endloop
  endfacet
  facet normal 0 0 -1
    outer loop
      vertex 6.60085 -10.615 11.4
      vertex 5.70313 -9.17138 11.4
      vertex 6.00016 -8.97987 11.4
    endloop
  endfacet
  facet normal 0 0 -1
    outer loop
      vertex 5.09108 -9.52475 11.4
      vertex 5.89246 -11.024 11.4
      vertex 5.52861 -11.2109 11.4
    endloop
  endfacet
  facet normal 0 0 -1
    outer loop
      vertex 6.25 -10.8253 11.4
      vertex 5.4 -9.35307 11.4
      vertex 5.70313 -9.17138 11.4
    endloop
  endfacet
  facet normal 0 0 -1
    outer loop
      vertex 4.77672 -9.68622 11.4
      vertex 5.52861 -11.2109 11.4
      vertex 5.15884 -11.3858 11.4
    endloop
  endfacet
  facet normal 0 0 -1
    outer loop
      vertex 5.89246 -11.024 11.4
      vertex 5.09108 -9.52475 11.4
      vertex 5.4 -9.35307 11.4
    endloop
  endfacet
  facet normal 0 0 -1
    outer loop
      vertex 4.45724 -9.83733 11.4
      vertex 5.15884 -11.3858 11.4
      vertex 4.78354 -11.5485 11.4
    endloop
  endfacet
  facet normal 0 0 -1
    outer loop
      vertex 5.52861 -11.2109 11.4
      vertex 4.77672 -9.68622 11.4
      vertex 5.09108 -9.52475 11.4
    endloop
  endfacet
  facet normal 0 0 -1
    outer loop
      vertex 5.15884 -11.3858 11.4
      vertex 4.45724 -9.83733 11.4
      vertex 4.77672 -9.68622 11.4
    endloop
  endfacet
  facet normal 0 0 -1
    outer loop
      vertex 4.13298 -9.9779 11.4
      vertex 4.78354 -11.5485 11.4
      vertex 4.40312 -11.6988 11.4
    endloop
  endfacet
  facet normal 0 0 -1
    outer loop
      vertex 4.78354 -11.5485 11.4
      vertex 4.13298 -9.9779 11.4
      vertex 4.45724 -9.83733 11.4
    endloop
  endfacet
  facet normal 0 0 -1
    outer loop
      vertex 3.8043 -10.1078 11.4
      vertex 4.40312 -11.6988 11.4
      vertex 4.01799 -11.8366 11.4
    endloop
  endfacet
  facet normal 0 0 -1
    outer loop
      vertex 4.40312 -11.6988 11.4
      vertex 3.8043 -10.1078 11.4
      vertex 4.13298 -9.9779 11.4
    endloop
  endfacet
  facet normal 0 0 -1
    outer loop
      vertex 3.47155 -10.2268 11.4
      vertex 4.01799 -11.8366 11.4
      vertex 3.62856 -11.9618 11.4
    endloop
  endfacet
  facet normal 0 0 -1
    outer loop
      vertex 4.01799 -11.8366 11.4
      vertex 3.47155 -10.2268 11.4
      vertex 3.8043 -10.1078 11.4
    endloop
  endfacet
  facet normal 0 0 -1
    outer loop
      vertex 3.13507 -10.335 11.4
      vertex 3.62856 -11.9618 11.4
      vertex 3.23524 -12.0741 11.4
    endloop
  endfacet
  facet normal 0 0 -1
    outer loop
      vertex 3.62856 -11.9618 11.4
      vertex 3.13507 -10.335 11.4
      vertex 3.47155 -10.2268 11.4
    endloop
  endfacet
  facet normal 0 0 -1
    outer loop
      vertex 2.79525 -10.432 11.4
      vertex 3.23524 -12.0741 11.4
      vertex 2.83845 -12.1735 11.4
    endloop
  endfacet
  facet normal 0 0 -1
    outer loop
      vertex 3.23524 -12.0741 11.4
      vertex 2.79525 -10.432 11.4
      vertex 3.13507 -10.335 11.4
    endloop
  endfacet
  facet normal 0 0 -1
    outer loop
      vertex 2.83845 -12.1735 11.4
      vertex 2.45242 -10.5179 11.4
      vertex 2.79525 -10.432 11.4
    endloop
  endfacet
  facet normal 0 0 -1
    outer loop
      vertex 2.43863 -12.2598 11.4
      vertex 2.45242 -10.5179 11.4
      vertex 2.83845 -12.1735 11.4
    endloop
  endfacet
  facet normal 0 0 -1
    outer loop
      vertex 2.43863 -12.2598 11.4
      vertex 2.10697 -10.5925 11.4
      vertex 2.45242 -10.5179 11.4
    endloop
  endfacet
  facet normal 0 0 -1
    outer loop
      vertex 2.03619 -12.333 11.4
      vertex 2.10697 -10.5925 11.4
      vertex 2.43863 -12.2598 11.4
    endloop
  endfacet
  facet normal 0 0 -1
    outer loop
      vertex 2.03619 -12.333 11.4
      vertex 1.75927 -10.6557 11.4
      vertex 2.10697 -10.5925 11.4
    endloop
  endfacet
  facet normal 0 0 -1
    outer loop
      vertex 1.63158 -12.3931 11.4
      vertex 1.75927 -10.6557 11.4
      vertex 2.03619 -12.333 11.4
    endloop
  endfacet
  facet normal 0 0 -1
    outer loop
      vertex 1.63158 -12.3931 11.4
      vertex 1.40968 -10.7076 11.4
      vertex 1.75927 -10.6557 11.4
    endloop
  endfacet
  facet normal 0 0 -1
    outer loop
      vertex 1.22521 -12.4398 11.4
      vertex 1.40968 -10.7076 11.4
      vertex 1.63158 -12.3931 11.4
    endloop
  endfacet
  facet normal 0 0 -1
    outer loop
      vertex 1.22521 -12.4398 11.4
      vertex 1.05858 -10.748 11.4
      vertex 1.40968 -10.7076 11.4
    endloop
  endfacet
  facet normal 0 0 -1
    outer loop
      vertex 0.817538 -12.4732 11.4
      vertex 1.05858 -10.748 11.4
      vertex 1.22521 -12.4398 11.4
    endloop
  endfacet
  facet normal 0 0 -1
    outer loop
      vertex 0.817538 -12.4732 11.4
      vertex 0.706353 -10.7769 11.4
      vertex 1.05858 -10.748 11.4
    endloop
  endfacet
  facet normal 0 0 -1
    outer loop
      vertex 0.408988 -12.4933 11.4
      vertex 0.706353 -10.7769 11.4
      vertex 0.817538 -12.4732 11.4
    endloop
  endfacet
  facet normal 0 0 -1
    outer loop
      vertex 0.408988 -12.4933 11.4
      vertex 0.353366 -10.7942 11.4
      vertex 0.706353 -10.7769 11.4
    endloop
  endfacet
  facet normal 0 0 -1
    outer loop
      vertex 0 -12.5 11.4
      vertex 0.353366 -10.7942 11.4
      vertex 0.408988 -12.4933 11.4
    endloop
  endfacet
  facet normal 0 0 -1
    outer loop
      vertex 0 -12.5 11.4
      vertex 0 -10.8 11.4
      vertex 0.353366 -10.7942 11.4
    endloop
  endfacet
  facet normal 0 0 -1
    outer loop
      vertex 0 -12.5 11.4
      vertex -0.353366 -10.7942 11.4
      vertex 0 -10.8 11.4
    endloop
  endfacet
  facet normal 0 0 -1
    outer loop
      vertex -0.408988 -12.4933 11.4
      vertex -0.353366 -10.7942 11.4
      vertex 0 -12.5 11.4
    endloop
  endfacet
  facet normal 0 0 -1
    outer loop
      vertex -0.408988 -12.4933 11.4
      vertex -0.706353 -10.7769 11.4
      vertex -0.353366 -10.7942 11.4
    endloop
  endfacet
  facet normal 0 0 -1
    outer loop
      vertex -0.817538 -12.4732 11.4
      vertex -0.706353 -10.7769 11.4
      vertex -0.408988 -12.4933 11.4
    endloop
  endfacet
  facet normal 0 0 -1
    outer loop
      vertex -0.817538 -12.4732 11.4
      vertex -1.05858 -10.748 11.4
      vertex -0.706353 -10.7769 11.4
    endloop
  endfacet
  facet normal 0 0 -1
    outer loop
      vertex -1.22521 -12.4398 11.4
      vertex -1.05858 -10.748 11.4
      vertex -0.817538 -12.4732 11.4
    endloop
  endfacet
  facet normal 0 0 -1
    outer loop
      vertex -1.22521 -12.4398 11.4
      vertex -1.40968 -10.7076 11.4
      vertex -1.05858 -10.748 11.4
    endloop
  endfacet
  facet normal 0 0 -1
    outer loop
      vertex -1.63158 -12.3931 11.4
      vertex -1.40968 -10.7076 11.4
      vertex -1.22521 -12.4398 11.4
    endloop
  endfacet
  facet normal 0 0 -1
    outer loop
      vertex -1.63158 -12.3931 11.4
      vertex -1.75927 -10.6557 11.4
      vertex -1.40968 -10.7076 11.4
    endloop
  endfacet
  facet normal 0 0 -1
    outer loop
      vertex -2.03619 -12.333 11.4
      vertex -1.75927 -10.6557 11.4
      vertex -1.63158 -12.3931 11.4
    endloop
  endfacet
  facet normal 0 0 -1
    outer loop
      vertex -2.03619 -12.333 11.4
      vertex -2.10697 -10.5925 11.4
      vertex -1.75927 -10.6557 11.4
    endloop
  endfacet
  facet normal 0 0 -1
    outer loop
      vertex -2.43863 -12.2598 11.4
      vertex -2.10697 -10.5925 11.4
      vertex -2.03619 -12.333 11.4
    endloop
  endfacet
  facet normal 0 0 -1
    outer loop
      vertex -2.43863 -12.2598 11.4
      vertex -2.45242 -10.5179 11.4
      vertex -2.10697 -10.5925 11.4
    endloop
  endfacet
  facet normal 0 0 -1
    outer loop
      vertex -2.83845 -12.1735 11.4
      vertex -2.45242 -10.5179 11.4
      vertex -2.43863 -12.2598 11.4
    endloop
  endfacet
  facet normal -0 0 -1
    outer loop
      vertex -2.45242 -10.5179 11.4
      vertex -2.83845 -12.1735 11.4
      vertex -2.79525 -10.432 11.4
    endloop
  endfacet
  facet normal 0 0 -1
    outer loop
      vertex -3.23524 -12.0741 11.4
      vertex -2.79525 -10.432 11.4
      vertex -2.83845 -12.1735 11.4
    endloop
  endfacet
  facet normal -0 0 -1
    outer loop
      vertex -2.79525 -10.432 11.4
      vertex -3.23524 -12.0741 11.4
      vertex -3.13507 -10.335 11.4
    endloop
  endfacet
  facet normal 0 0 -1
    outer loop
      vertex -3.62856 -11.9618 11.4
      vertex -3.13507 -10.335 11.4
      vertex -3.23524 -12.0741 11.4
    endloop
  endfacet
  facet normal -0 0 -1
    outer loop
      vertex -3.13507 -10.335 11.4
      vertex -3.62856 -11.9618 11.4
      vertex -3.47155 -10.2268 11.4
    endloop
  endfacet
  facet normal 0 0 -1
    outer loop
      vertex -4.01799 -11.8366 11.4
      vertex -3.47155 -10.2268 11.4
      vertex -3.62856 -11.9618 11.4
    endloop
  endfacet
  facet normal -0 0 -1
    outer loop
      vertex -3.47155 -10.2268 11.4
      vertex -4.01799 -11.8366 11.4
      vertex -3.8043 -10.1078 11.4
    endloop
  endfacet
  facet normal 0 0 -1
    outer loop
      vertex -4.40312 -11.6988 11.4
      vertex -3.8043 -10.1078 11.4
      vertex -4.01799 -11.8366 11.4
    endloop
  endfacet
  facet normal -0 0 -1
    outer loop
      vertex -3.8043 -10.1078 11.4
      vertex -4.40312 -11.6988 11.4
      vertex -4.13298 -9.9779 11.4
    endloop
  endfacet
  facet normal 0 0 -1
    outer loop
      vertex -4.78354 -11.5485 11.4
      vertex -4.13298 -9.9779 11.4
      vertex -4.40312 -11.6988 11.4
    endloop
  endfacet
  facet normal -0 0 -1
    outer loop
      vertex -4.13298 -9.9779 11.4
      vertex -4.78354 -11.5485 11.4
      vertex -4.45724 -9.83733 11.4
    endloop
  endfacet
  facet normal 0 0 -1
    outer loop
      vertex -5.15884 -11.3858 11.4
      vertex -4.45724 -9.83733 11.4
      vertex -4.78354 -11.5485 11.4
    endloop
  endfacet
  facet normal -0 0 -1
    outer loop
      vertex -4.45724 -9.83733 11.4
      vertex -5.15884 -11.3858 11.4
      vertex -4.77672 -9.68622 11.4
    endloop
  endfacet
  facet normal 0 0 -1
    outer loop
      vertex -5.52861 -11.2109 11.4
      vertex -4.77672 -9.68622 11.4
      vertex -5.15884 -11.3858 11.4
    endloop
  endfacet
  facet normal -0 0 -1
    outer loop
      vertex -4.77672 -9.68622 11.4
      vertex -5.52861 -11.2109 11.4
      vertex -5.09108 -9.52475 11.4
    endloop
  endfacet
  facet normal 0 0 -1
    outer loop
      vertex -5.89246 -11.024 11.4
      vertex -5.09108 -9.52475 11.4
      vertex -5.52861 -11.2109 11.4
    endloop
  endfacet
  facet normal -0 0 -1
    outer loop
      vertex -5.09108 -9.52475 11.4
      vertex -5.89246 -11.024 11.4
      vertex -5.4 -9.35307 11.4
    endloop
  endfacet
  facet normal 0 0 -1
    outer loop
      vertex -6.25 -10.8253 11.4
      vertex -5.4 -9.35307 11.4
      vertex -5.89246 -11.024 11.4
    endloop
  endfacet
  facet normal -0 0 -1
    outer loop
      vertex -5.4 -9.35307 11.4
      vertex -6.25 -10.8253 11.4
      vertex -5.70313 -9.17138 11.4
    endloop
  endfacet
  facet normal 0 0 -1
    outer loop
      vertex -6.60085 -10.615 11.4
      vertex -5.70313 -9.17138 11.4
      vertex -6.25 -10.8253 11.4
    endloop
  endfacet
  facet normal -0 0 -1
    outer loop
      vertex -5.70313 -9.17138 11.4
      vertex -6.60085 -10.615 11.4
      vertex -6.00016 -8.97987 11.4
    endloop
  endfacet
  facet normal 0 0 -1
    outer loop
      vertex -6.94463 -10.3934 11.4
      vertex -6.00016 -8.97987 11.4
      vertex -6.60085 -10.615 11.4
    endloop
  endfacet
  facet normal -0 0 -1
    outer loop
      vertex -6.00016 -8.97987 11.4
      vertex -6.94463 -10.3934 11.4
      vertex -6.29076 -8.77874 11.4
    endloop
  endfacet
  facet normal 0 0 -1
    outer loop
      vertex -7.28097 -10.1606 11.4
      vertex -6.29076 -8.77874 11.4
      vertex -6.94463 -10.3934 11.4
    endloop
  endfacet
  facet normal -0 0 -1
    outer loop
      vertex -6.29076 -8.77874 11.4
      vertex -7.28097 -10.1606 11.4
      vertex -6.57462 -8.56822 11.4
    endloop
  endfacet
  facet normal 0 0 -1
    outer loop
      vertex -7.60952 -9.91692 11.4
      vertex -6.57462 -8.56822 11.4
      vertex -7.28097 -10.1606 11.4
    endloop
  endfacet
  facet normal -0 0 -1
    outer loop
      vertex -6.57462 -8.56822 11.4
      vertex -7.60952 -9.91692 11.4
      vertex -6.85145 -8.34851 11.4
    endloop
  endfacet
  facet normal 0 0 -1
    outer loop
      vertex -7.92992 -9.66263 11.4
      vertex -6.85145 -8.34851 11.4
      vertex -7.60952 -9.91692 11.4
    endloop
  endfacet
  facet normal -0 0 -1
    outer loop
      vertex -6.85145 -8.34851 11.4
      vertex -7.92992 -9.66263 11.4
      vertex -7.12093 -8.11987 11.4
    endloop
  endfacet
  facet normal 0 0 -1
    outer loop
      vertex -8.24182 -9.398 11.4
      vertex -7.12093 -8.11987 11.4
      vertex -7.92992 -9.66263 11.4
    endloop
  endfacet
  facet normal -0 0 -1
    outer loop
      vertex -7.12093 -8.11987 11.4
      vertex -8.24182 -9.398 11.4
      vertex -7.3828 -7.88253 11.4
    endloop
  endfacet
  facet normal 0 0 -1
    outer loop
      vertex -8.5449 -9.1233 11.4
      vertex -7.3828 -7.88253 11.4
      vertex -8.24182 -9.398 11.4
    endloop
  endfacet
  facet normal -0 0 -1
    outer loop
      vertex -7.3828 -7.88253 11.4
      vertex -8.5449 -9.1233 11.4
      vertex -7.63675 -7.63675 11.4
    endloop
  endfacet
  facet normal 0 0 -1
    outer loop
      vertex -8.83883 -8.83883 11.4
      vertex -7.63675 -7.63675 11.4
      vertex -8.5449 -9.1233 11.4
    endloop
  endfacet
  facet normal -0 0 -1
    outer loop
      vertex -7.63675 -7.63675 11.4
      vertex -8.83883 -8.83883 11.4
      vertex -7.88253 -7.3828 11.4
    endloop
  endfacet
  facet normal 0 0 -1
    outer loop
      vertex -9.1233 -8.5449 11.4
      vertex -7.88253 -7.3828 11.4
      vertex -8.83883 -8.83883 11.4
    endloop
  endfacet
  facet normal -0 0 -1
    outer loop
      vertex -7.88253 -7.3828 11.4
      vertex -9.1233 -8.5449 11.4
      vertex -8.11987 -7.12093 11.4
    endloop
  endfacet
  facet normal 0 0 -1
    outer loop
      vertex -9.398 -8.24182 11.4
      vertex -8.11987 -7.12093 11.4
      vertex -9.1233 -8.5449 11.4
    endloop
  endfacet
  facet normal -0 0 -1
    outer loop
      vertex -8.11987 -7.12093 11.4
      vertex -9.398 -8.24182 11.4
      vertex -8.34851 -6.85145 11.4
    endloop
  endfacet
  facet normal 0 0 -1
    outer loop
      vertex -9.66263 -7.92992 11.4
      vertex -8.34851 -6.85145 11.4
      vertex -9.398 -8.24182 11.4
    endloop
  endfacet
  facet normal -0 0 -1
    outer loop
      vertex -8.34851 -6.85145 11.4
      vertex -9.66263 -7.92992 11.4
      vertex -8.56822 -6.57462 11.4
    endloop
  endfacet
  facet normal 0 0 -1
    outer loop
      vertex -9.91692 -7.60952 11.4
      vertex -8.56822 -6.57462 11.4
      vertex -9.66263 -7.92992 11.4
    endloop
  endfacet
  facet normal -0 0 -1
    outer loop
      vertex -8.56822 -6.57462 11.4
      vertex -9.91692 -7.60952 11.4
      vertex -8.77874 -6.29076 11.4
    endloop
  endfacet
  facet normal 0 0 -1
    outer loop
      vertex -10.1606 -7.28097 11.4
      vertex -8.77874 -6.29076 11.4
      vertex -9.91692 -7.60952 11.4
    endloop
  endfacet
  facet normal -0 0 -1
    outer loop
      vertex -8.77874 -6.29076 11.4
      vertex -10.1606 -7.28097 11.4
      vertex -8.97987 -6.00016 11.4
    endloop
  endfacet
  facet normal 0 0 -1
    outer loop
      vertex -10.3934 -6.94463 11.4
      vertex -8.97987 -6.00016 11.4
      vertex -10.1606 -7.28097 11.4
    endloop
  endfacet
  facet normal -0 0 -1
    outer loop
      vertex -8.97987 -6.00016 11.4
      vertex -10.3934 -6.94463 11.4
      vertex -9.17138 -5.70313 11.4
    endloop
  endfacet
  facet normal 0 0 -1
    outer loop
      vertex -10.615 -6.60085 11.4
      vertex -9.17138 -5.70313 11.4
      vertex -10.3934 -6.94463 11.4
    endloop
  endfacet
  facet normal -0 0 -1
    outer loop
      vertex -9.17138 -5.70313 11.4
      vertex -10.615 -6.60085 11.4
      vertex -9.35307 -5.4 11.4
    endloop
  endfacet
  facet normal 0 0 -1
    outer loop
      vertex -10.8253 -6.25 11.4
      vertex -9.35307 -5.4 11.4
      vertex -10.615 -6.60085 11.4
    endloop
  endfacet
  facet normal -0 0 -1
    outer loop
      vertex -9.35307 -5.4 11.4
      vertex -10.8253 -6.25 11.4
      vertex -9.52475 -5.09108 11.4
    endloop
  endfacet
  facet normal 0 0 -1
    outer loop
      vertex -11.024 -5.89246 11.4
      vertex -9.52475 -5.09108 11.4
      vertex -10.8253 -6.25 11.4
    endloop
  endfacet
  facet normal -0 0 -1
    outer loop
      vertex -9.52475 -5.09108 11.4
      vertex -11.024 -5.89246 11.4
      vertex -9.68622 -4.77672 11.4
    endloop
  endfacet
  facet normal 0 0 -1
    outer loop
      vertex -11.2109 -5.52861 11.4
      vertex -9.68622 -4.77672 11.4
      vertex -11.024 -5.89246 11.4
    endloop
  endfacet
  facet normal -0 0 -1
    outer loop
      vertex -9.68622 -4.77672 11.4
      vertex -11.2109 -5.52861 11.4
      vertex -9.83733 -4.45724 11.4
    endloop
  endfacet
  facet normal 0 0 -1
    outer loop
      vertex -11.3858 -5.15884 11.4
      vertex -9.83733 -4.45724 11.4
      vertex -11.2109 -5.52861 11.4
    endloop
  endfacet
  facet normal -0 0 -1
    outer loop
      vertex -9.83733 -4.45724 11.4
      vertex -11.3858 -5.15884 11.4
      vertex -9.9779 -4.13298 11.4
    endloop
  endfacet
  facet normal 0 0 -1
    outer loop
      vertex -11.5485 -4.78354 11.4
      vertex -9.9779 -4.13298 11.4
      vertex -11.3858 -5.15884 11.4
    endloop
  endfacet
  facet normal -0 0 -1
    outer loop
      vertex -9.9779 -4.13298 11.4
      vertex -11.5485 -4.78354 11.4
      vertex -10.1078 -3.8043 11.4
    endloop
  endfacet
  facet normal 0 0 -1
    outer loop
      vertex -11.6988 -4.40312 11.4
      vertex -10.1078 -3.8043 11.4
      vertex -11.5485 -4.78354 11.4
    endloop
  endfacet
  facet normal -0 0 -1
    outer loop
      vertex -10.1078 -3.8043 11.4
      vertex -11.6988 -4.40312 11.4
      vertex -10.2268 -3.47155 11.4
    endloop
  endfacet
  facet normal 0 0 -1
    outer loop
      vertex -11.8366 -4.01799 11.4
      vertex -10.2268 -3.47155 11.4
      vertex -11.6988 -4.40312 11.4
    endloop
  endfacet
  facet normal -0 0 -1
    outer loop
      vertex -10.2268 -3.47155 11.4
      vertex -11.8366 -4.01799 11.4
      vertex -10.335 -3.13507 11.4
    endloop
  endfacet
  facet normal 0 0 -1
    outer loop
      vertex -11.9618 -3.62856 11.4
      vertex -10.335 -3.13507 11.4
      vertex -11.8366 -4.01799 11.4
    endloop
  endfacet
  facet normal 0 0 -1
    outer loop
      vertex -12.0741 -3.23524 11.4
      vertex -10.432 -2.79525 11.4
      vertex -11.9618 -3.62856 11.4
    endloop
  endfacet
  facet normal -0 0 -1
    outer loop
      vertex -10.335 -3.13507 11.4
      vertex -11.9618 -3.62856 11.4
      vertex -10.432 -2.79525 11.4
    endloop
  endfacet
  facet normal -0 0 -1
    outer loop
      vertex 12.0741 3.23524 11.4
      vertex 10.432 2.79525 11.4
      vertex 11.9618 3.62856 11.4
    endloop
  endfacet
  facet normal 0 0 -1
    outer loop
      vertex 10.335 3.13507 11.4
      vertex 11.9618 3.62856 11.4
      vertex 10.432 2.79525 11.4
    endloop
  endfacet
  facet normal -0 0 -1
    outer loop
      vertex 11.9618 3.62856 11.4
      vertex 10.335 3.13507 11.4
      vertex 11.8366 4.01799 11.4
    endloop
  endfacet
  facet normal 0 0 -1
    outer loop
      vertex 10.2268 3.47155 11.4
      vertex 11.8366 4.01799 11.4
      vertex 10.335 3.13507 11.4
    endloop
  endfacet
  facet normal -0 0 -1
    outer loop
      vertex 11.8366 4.01799 11.4
      vertex 10.2268 3.47155 11.4
      vertex 11.6988 4.40312 11.4
    endloop
  endfacet
  facet normal 0 0 -1
    outer loop
      vertex 10.1078 3.8043 11.4
      vertex 11.6988 4.40312 11.4
      vertex 10.2268 3.47155 11.4
    endloop
  endfacet
  facet normal -0 0 -1
    outer loop
      vertex 11.6988 4.40312 11.4
      vertex 10.1078 3.8043 11.4
      vertex 11.5485 4.78354 11.4
    endloop
  endfacet
  facet normal 0 0 -1
    outer loop
      vertex 9.9779 4.13298 11.4
      vertex 11.5485 4.78354 11.4
      vertex 10.1078 3.8043 11.4
    endloop
  endfacet
  facet normal -0 0 -1
    outer loop
      vertex 11.5485 4.78354 11.4
      vertex 9.9779 4.13298 11.4
      vertex 11.3858 5.15884 11.4
    endloop
  endfacet
  facet normal 0 0 -1
    outer loop
      vertex 9.83733 4.45724 11.4
      vertex 11.3858 5.15884 11.4
      vertex 9.9779 4.13298 11.4
    endloop
  endfacet
  facet normal -0 0 -1
    outer loop
      vertex 11.3858 5.15884 11.4
      vertex 9.83733 4.45724 11.4
      vertex 11.2109 5.52861 11.4
    endloop
  endfacet
  facet normal 0 0 -1
    outer loop
      vertex 9.68622 4.77672 11.4
      vertex 11.2109 5.52861 11.4
      vertex 9.83733 4.45724 11.4
    endloop
  endfacet
  facet normal -0 0 -1
    outer loop
      vertex 11.2109 5.52861 11.4
      vertex 9.68622 4.77672 11.4
      vertex 11.024 5.89246 11.4
    endloop
  endfacet
  facet normal 0 0 -1
    outer loop
      vertex 9.52475 5.09108 11.4
      vertex 11.024 5.89246 11.4
      vertex 9.68622 4.77672 11.4
    endloop
  endfacet
  facet normal -0 0 -1
    outer loop
      vertex 11.024 5.89246 11.4
      vertex 9.52475 5.09108 11.4
      vertex 10.8253 6.25 11.4
    endloop
  endfacet
  facet normal 0 0 -1
    outer loop
      vertex 9.35307 5.4 11.4
      vertex 10.8253 6.25 11.4
      vertex 9.52475 5.09108 11.4
    endloop
  endfacet
  facet normal -0 0 -1
    outer loop
      vertex 10.8253 6.25 11.4
      vertex 9.35307 5.4 11.4
      vertex 10.615 6.60085 11.4
    endloop
  endfacet
  facet normal 0 0 -1
    outer loop
      vertex 9.17138 5.70313 11.4
      vertex 10.615 6.60085 11.4
      vertex 9.35307 5.4 11.4
    endloop
  endfacet
  facet normal -0 0 -1
    outer loop
      vertex 10.615 6.60085 11.4
      vertex 9.17138 5.70313 11.4
      vertex 10.3934 6.94463 11.4
    endloop
  endfacet
  facet normal 0 0 -1
    outer loop
      vertex 8.97987 6.00016 11.4
      vertex 10.3934 6.94463 11.4
      vertex 9.17138 5.70313 11.4
    endloop
  endfacet
  facet normal -0 0 -1
    outer loop
      vertex 10.3934 6.94463 11.4
      vertex 8.97987 6.00016 11.4
      vertex 10.1606 7.28097 11.4
    endloop
  endfacet
  facet normal 0 0 -1
    outer loop
      vertex 8.77874 6.29076 11.4
      vertex 10.1606 7.28097 11.4
      vertex 8.97987 6.00016 11.4
    endloop
  endfacet
  facet normal -0 0 -1
    outer loop
      vertex 10.1606 7.28097 11.4
      vertex 8.77874 6.29076 11.4
      vertex 9.91692 7.60952 11.4
    endloop
  endfacet
  facet normal 0 0 -1
    outer loop
      vertex 8.56822 6.57462 11.4
      vertex 9.91692 7.60952 11.4
      vertex 8.77874 6.29076 11.4
    endloop
  endfacet
  facet normal -0 0 -1
    outer loop
      vertex 9.91692 7.60952 11.4
      vertex 8.56822 6.57462 11.4
      vertex 9.66263 7.92992 11.4
    endloop
  endfacet
  facet normal 0 0 -1
    outer loop
      vertex 8.34851 6.85145 11.4
      vertex 9.66263 7.92992 11.4
      vertex 8.56822 6.57462 11.4
    endloop
  endfacet
  facet normal -0 0 -1
    outer loop
      vertex 9.66263 7.92992 11.4
      vertex 8.34851 6.85145 11.4
      vertex 9.398 8.24182 11.4
    endloop
  endfacet
  facet normal 0 0 -1
    outer loop
      vertex 8.11987 7.12093 11.4
      vertex 9.398 8.24182 11.4
      vertex 8.34851 6.85145 11.4
    endloop
  endfacet
  facet normal -0 0 -1
    outer loop
      vertex 9.398 8.24182 11.4
      vertex 8.11987 7.12093 11.4
      vertex 9.1233 8.5449 11.4
    endloop
  endfacet
  facet normal 0 0 -1
    outer loop
      vertex 7.88253 7.3828 11.4
      vertex 9.1233 8.5449 11.4
      vertex 8.11987 7.12093 11.4
    endloop
  endfacet
  facet normal -0 0 -1
    outer loop
      vertex 9.1233 8.5449 11.4
      vertex 7.88253 7.3828 11.4
      vertex 8.83883 8.83883 11.4
    endloop
  endfacet
  facet normal 0 0 -1
    outer loop
      vertex 7.63675 7.63675 11.4
      vertex 8.83883 8.83883 11.4
      vertex 7.88253 7.3828 11.4
    endloop
  endfacet
  facet normal -0 0 -1
    outer loop
      vertex 8.83883 8.83883 11.4
      vertex 7.63675 7.63675 11.4
      vertex 8.5449 9.1233 11.4
    endloop
  endfacet
  facet normal 0 0 -1
    outer loop
      vertex 7.3828 7.88253 11.4
      vertex 8.5449 9.1233 11.4
      vertex 7.63675 7.63675 11.4
    endloop
  endfacet
  facet normal -0 0 -1
    outer loop
      vertex 8.5449 9.1233 11.4
      vertex 7.3828 7.88253 11.4
      vertex 8.24182 9.398 11.4
    endloop
  endfacet
  facet normal 0 0 -1
    outer loop
      vertex 7.12093 8.11987 11.4
      vertex 8.24182 9.398 11.4
      vertex 7.3828 7.88253 11.4
    endloop
  endfacet
  facet normal -0 0 -1
    outer loop
      vertex 8.24182 9.398 11.4
      vertex 7.12093 8.11987 11.4
      vertex 7.92992 9.66263 11.4
    endloop
  endfacet
  facet normal 0 0 -1
    outer loop
      vertex 6.85145 8.34851 11.4
      vertex 7.92992 9.66263 11.4
      vertex 7.12093 8.11987 11.4
    endloop
  endfacet
  facet normal -0 0 -1
    outer loop
      vertex 7.92992 9.66263 11.4
      vertex 6.85145 8.34851 11.4
      vertex 7.60952 9.91692 11.4
    endloop
  endfacet
  facet normal 0 0 -1
    outer loop
      vertex 6.57462 8.56822 11.4
      vertex 7.60952 9.91692 11.4
      vertex 6.85145 8.34851 11.4
    endloop
  endfacet
  facet normal -0 0 -1
    outer loop
      vertex 7.60952 9.91692 11.4
      vertex 6.57462 8.56822 11.4
      vertex 7.28097 10.1606 11.4
    endloop
  endfacet
  facet normal 0 0 -1
    outer loop
      vertex 6.29076 8.77874 11.4
      vertex 7.28097 10.1606 11.4
      vertex 6.57462 8.56822 11.4
    endloop
  endfacet
  facet normal -0 0 -1
    outer loop
      vertex 7.28097 10.1606 11.4
      vertex 6.29076 8.77874 11.4
      vertex 6.94463 10.3934 11.4
    endloop
  endfacet
  facet normal 0 0 -1
    outer loop
      vertex 6.00016 8.97987 11.4
      vertex 6.94463 10.3934 11.4
      vertex 6.29076 8.77874 11.4
    endloop
  endfacet
  facet normal -0 0 -1
    outer loop
      vertex 6.94463 10.3934 11.4
      vertex 6.00016 8.97987 11.4
      vertex 6.60085 10.615 11.4
    endloop
  endfacet
  facet normal 0 0 -1
    outer loop
      vertex 5.70313 9.17138 11.4
      vertex 6.60085 10.615 11.4
      vertex 6.00016 8.97987 11.4
    endloop
  endfacet
  facet normal -0 0 -1
    outer loop
      vertex 6.60085 10.615 11.4
      vertex 5.70313 9.17138 11.4
      vertex 6.25 10.8253 11.4
    endloop
  endfacet
  facet normal 0 0 -1
    outer loop
      vertex 5.4 9.35307 11.4
      vertex 6.25 10.8253 11.4
      vertex 5.70313 9.17138 11.4
    endloop
  endfacet
  facet normal -0 0 -1
    outer loop
      vertex 6.25 10.8253 11.4
      vertex 5.4 9.35307 11.4
      vertex 5.89246 11.024 11.4
    endloop
  endfacet
  facet normal 0 0 -1
    outer loop
      vertex 5.09108 9.52475 11.4
      vertex 5.89246 11.024 11.4
      vertex 5.4 9.35307 11.4
    endloop
  endfacet
  facet normal -0 0 -1
    outer loop
      vertex 5.89246 11.024 11.4
      vertex 5.09108 9.52475 11.4
      vertex 5.52861 11.2109 11.4
    endloop
  endfacet
  facet normal 0 0 -1
    outer loop
      vertex 4.77672 9.68622 11.4
      vertex 5.52861 11.2109 11.4
      vertex 5.09108 9.52475 11.4
    endloop
  endfacet
  facet normal -0 0 -1
    outer loop
      vertex 5.52861 11.2109 11.4
      vertex 4.77672 9.68622 11.4
      vertex 5.15884 11.3858 11.4
    endloop
  endfacet
  facet normal 0 0 -1
    outer loop
      vertex 4.45724 9.83733 11.4
      vertex 5.15884 11.3858 11.4
      vertex 4.77672 9.68622 11.4
    endloop
  endfacet
  facet normal -0 0 -1
    outer loop
      vertex 5.15884 11.3858 11.4
      vertex 4.45724 9.83733 11.4
      vertex 4.78354 11.5485 11.4
    endloop
  endfacet
  facet normal 0 0 -1
    outer loop
      vertex 4.13298 9.9779 11.4
      vertex 4.78354 11.5485 11.4
      vertex 4.45724 9.83733 11.4
    endloop
  endfacet
  facet normal -0 0 -1
    outer loop
      vertex 4.78354 11.5485 11.4
      vertex 4.13298 9.9779 11.4
      vertex 4.40312 11.6988 11.4
    endloop
  endfacet
  facet normal 0 0 -1
    outer loop
      vertex 3.8043 10.1078 11.4
      vertex 4.40312 11.6988 11.4
      vertex 4.13298 9.9779 11.4
    endloop
  endfacet
  facet normal -0 0 -1
    outer loop
      vertex 4.40312 11.6988 11.4
      vertex 3.8043 10.1078 11.4
      vertex 4.01799 11.8366 11.4
    endloop
  endfacet
  facet normal 0 0 -1
    outer loop
      vertex 3.47155 10.2268 11.4
      vertex 4.01799 11.8366 11.4
      vertex 3.8043 10.1078 11.4
    endloop
  endfacet
  facet normal -0 0 -1
    outer loop
      vertex 4.01799 11.8366 11.4
      vertex 3.47155 10.2268 11.4
      vertex 3.62856 11.9618 11.4
    endloop
  endfacet
  facet normal 0 0 -1
    outer loop
      vertex 3.13507 10.335 11.4
      vertex 3.62856 11.9618 11.4
      vertex 3.47155 10.2268 11.4
    endloop
  endfacet
  facet normal -0 0 -1
    outer loop
      vertex 3.62856 11.9618 11.4
      vertex 3.13507 10.335 11.4
      vertex 3.23524 12.0741 11.4
    endloop
  endfacet
  facet normal 0 0 -1
    outer loop
      vertex 2.79525 10.432 11.4
      vertex 3.23524 12.0741 11.4
      vertex 3.13507 10.335 11.4
    endloop
  endfacet
  facet normal -0 0 -1
    outer loop
      vertex 3.23524 12.0741 11.4
      vertex 2.79525 10.432 11.4
      vertex 2.83845 12.1735 11.4
    endloop
  endfacet
  facet normal 0 0 -1
    outer loop
      vertex 2.45242 10.5179 11.4
      vertex 2.83845 12.1735 11.4
      vertex 2.79525 10.432 11.4
    endloop
  endfacet
  facet normal 0 0 -1
    outer loop
      vertex 2.45242 10.5179 11.4
      vertex 2.43863 12.2598 11.4
      vertex 2.83845 12.1735 11.4
    endloop
  endfacet
  facet normal 0 0 -1
    outer loop
      vertex 2.10697 10.5925 11.4
      vertex 2.43863 12.2598 11.4
      vertex 2.45242 10.5179 11.4
    endloop
  endfacet
  facet normal 0 0 -1
    outer loop
      vertex 2.10697 10.5925 11.4
      vertex 2.03619 12.333 11.4
      vertex 2.43863 12.2598 11.4
    endloop
  endfacet
  facet normal 0 0 -1
    outer loop
      vertex 1.75927 10.6557 11.4
      vertex 2.03619 12.333 11.4
      vertex 2.10697 10.5925 11.4
    endloop
  endfacet
  facet normal 0 0 -1
    outer loop
      vertex 1.75927 10.6557 11.4
      vertex 1.63158 12.3931 11.4
      vertex 2.03619 12.333 11.4
    endloop
  endfacet
  facet normal 0 0 -1
    outer loop
      vertex 1.40968 10.7076 11.4
      vertex 1.63158 12.3931 11.4
      vertex 1.75927 10.6557 11.4
    endloop
  endfacet
  facet normal 0 0 -1
    outer loop
      vertex 1.40968 10.7076 11.4
      vertex 1.22521 12.4398 11.4
      vertex 1.63158 12.3931 11.4
    endloop
  endfacet
  facet normal 0 0 -1
    outer loop
      vertex 1.05858 10.748 11.4
      vertex 1.22521 12.4398 11.4
      vertex 1.40968 10.7076 11.4
    endloop
  endfacet
  facet normal 0 0 -1
    outer loop
      vertex 1.05858 10.748 11.4
      vertex 0.817538 12.4732 11.4
      vertex 1.22521 12.4398 11.4
    endloop
  endfacet
  facet normal 0 0 -1
    outer loop
      vertex 0.706353 10.7769 11.4
      vertex 0.817538 12.4732 11.4
      vertex 1.05858 10.748 11.4
    endloop
  endfacet
  facet normal 0 0 -1
    outer loop
      vertex 0.706353 10.7769 11.4
      vertex 0.408988 12.4933 11.4
      vertex 0.817538 12.4732 11.4
    endloop
  endfacet
  facet normal 0 0 -1
    outer loop
      vertex 0.353366 10.7942 11.4
      vertex 0.408988 12.4933 11.4
      vertex 0.706353 10.7769 11.4
    endloop
  endfacet
  facet normal 0 0 -1
    outer loop
      vertex 0 10.8 11.4
      vertex 0.408988 12.4933 11.4
      vertex 0.353366 10.7942 11.4
    endloop
  endfacet
  facet normal 0 0 -1
    outer loop
      vertex 0 10.8 11.4
      vertex 0 12.5 11.4
      vertex 0.408988 12.4933 11.4
    endloop
  endfacet
  facet normal 0 0 -1
    outer loop
      vertex -0.353366 10.7942 11.4
      vertex 0 12.5 11.4
      vertex 0 10.8 11.4
    endloop
  endfacet
  facet normal 0 0 -1
    outer loop
      vertex -0.353366 10.7942 11.4
      vertex -0.408988 12.4933 11.4
      vertex 0 12.5 11.4
    endloop
  endfacet
  facet normal 0 0 -1
    outer loop
      vertex -0.706353 10.7769 11.4
      vertex -0.408988 12.4933 11.4
      vertex -0.353366 10.7942 11.4
    endloop
  endfacet
  facet normal 0 0 -1
    outer loop
      vertex -0.706353 10.7769 11.4
      vertex -0.817538 12.4732 11.4
      vertex -0.408988 12.4933 11.4
    endloop
  endfacet
  facet normal 0 0 -1
    outer loop
      vertex -1.05858 10.748 11.4
      vertex -0.817538 12.4732 11.4
      vertex -0.706353 10.7769 11.4
    endloop
  endfacet
  facet normal 0 0 -1
    outer loop
      vertex -1.05858 10.748 11.4
      vertex -1.22521 12.4398 11.4
      vertex -0.817538 12.4732 11.4
    endloop
  endfacet
  facet normal 0 0 -1
    outer loop
      vertex -1.40968 10.7076 11.4
      vertex -1.22521 12.4398 11.4
      vertex -1.05858 10.748 11.4
    endloop
  endfacet
  facet normal 0 0 -1
    outer loop
      vertex -1.40968 10.7076 11.4
      vertex -1.63158 12.3931 11.4
      vertex -1.22521 12.4398 11.4
    endloop
  endfacet
  facet normal 0 0 -1
    outer loop
      vertex -1.75927 10.6557 11.4
      vertex -1.63158 12.3931 11.4
      vertex -1.40968 10.7076 11.4
    endloop
  endfacet
  facet normal 0 0 -1
    outer loop
      vertex -1.75927 10.6557 11.4
      vertex -2.03619 12.333 11.4
      vertex -1.63158 12.3931 11.4
    endloop
  endfacet
  facet normal 0 0 -1
    outer loop
      vertex -2.10697 10.5925 11.4
      vertex -2.03619 12.333 11.4
      vertex -1.75927 10.6557 11.4
    endloop
  endfacet
  facet normal 0 0 -1
    outer loop
      vertex -2.10697 10.5925 11.4
      vertex -2.43863 12.2598 11.4
      vertex -2.03619 12.333 11.4
    endloop
  endfacet
  facet normal 0 0 -1
    outer loop
      vertex -2.45242 10.5179 11.4
      vertex -2.43863 12.2598 11.4
      vertex -2.10697 10.5925 11.4
    endloop
  endfacet
  facet normal 0 0 -1
    outer loop
      vertex -2.83845 12.1735 11.4
      vertex -2.45242 10.5179 11.4
      vertex -2.79525 10.432 11.4
    endloop
  endfacet
  facet normal 0 0 -1
    outer loop
      vertex -2.45242 10.5179 11.4
      vertex -2.83845 12.1735 11.4
      vertex -2.43863 12.2598 11.4
    endloop
  endfacet
  facet normal 0 0 -1
    outer loop
      vertex -3.23524 12.0741 11.4
      vertex -2.79525 10.432 11.4
      vertex -3.13507 10.335 11.4
    endloop
  endfacet
  facet normal 0 0 -1
    outer loop
      vertex -2.79525 10.432 11.4
      vertex -3.23524 12.0741 11.4
      vertex -2.83845 12.1735 11.4
    endloop
  endfacet
  facet normal 0 0 -1
    outer loop
      vertex -3.62856 11.9618 11.4
      vertex -3.13507 10.335 11.4
      vertex -3.47155 10.2268 11.4
    endloop
  endfacet
  facet normal 0 0 -1
    outer loop
      vertex -3.13507 10.335 11.4
      vertex -3.62856 11.9618 11.4
      vertex -3.23524 12.0741 11.4
    endloop
  endfacet
  facet normal 0 0 -1
    outer loop
      vertex -4.01799 11.8366 11.4
      vertex -3.47155 10.2268 11.4
      vertex -3.8043 10.1078 11.4
    endloop
  endfacet
  facet normal 0 0 -1
    outer loop
      vertex -3.47155 10.2268 11.4
      vertex -4.01799 11.8366 11.4
      vertex -3.62856 11.9618 11.4
    endloop
  endfacet
  facet normal 0 0 -1
    outer loop
      vertex -4.40312 11.6988 11.4
      vertex -3.8043 10.1078 11.4
      vertex -4.13298 9.9779 11.4
    endloop
  endfacet
  facet normal 0 0 -1
    outer loop
      vertex -3.8043 10.1078 11.4
      vertex -4.40312 11.6988 11.4
      vertex -4.01799 11.8366 11.4
    endloop
  endfacet
  facet normal 0 0 -1
    outer loop
      vertex -4.78354 11.5485 11.4
      vertex -4.13298 9.9779 11.4
      vertex -4.45724 9.83733 11.4
    endloop
  endfacet
  facet normal 0 0 -1
    outer loop
      vertex -5.15884 11.3858 11.4
      vertex -4.45724 9.83733 11.4
      vertex -4.77672 9.68622 11.4
    endloop
  endfacet
  facet normal 0 0 -1
    outer loop
      vertex -4.13298 9.9779 11.4
      vertex -4.78354 11.5485 11.4
      vertex -4.40312 11.6988 11.4
    endloop
  endfacet
  facet normal 0 0 -1
    outer loop
      vertex -5.52861 11.2109 11.4
      vertex -4.77672 9.68622 11.4
      vertex -5.09108 9.52475 11.4
    endloop
  endfacet
  facet normal 0 0 -1
    outer loop
      vertex -4.45724 9.83733 11.4
      vertex -5.15884 11.3858 11.4
      vertex -4.78354 11.5485 11.4
    endloop
  endfacet
  facet normal 0 0 -1
    outer loop
      vertex -5.89246 11.024 11.4
      vertex -5.09108 9.52475 11.4
      vertex -5.4 9.35307 11.4
    endloop
  endfacet
  facet normal 0 0 -1
    outer loop
      vertex -4.77672 9.68622 11.4
      vertex -5.52861 11.2109 11.4
      vertex -5.15884 11.3858 11.4
    endloop
  endfacet
  facet normal 0 0 -1
    outer loop
      vertex -6.25 10.8253 11.4
      vertex -5.4 9.35307 11.4
      vertex -5.70313 9.17138 11.4
    endloop
  endfacet
  facet normal 0 0 -1
    outer loop
      vertex -5.09108 9.52475 11.4
      vertex -5.89246 11.024 11.4
      vertex -5.52861 11.2109 11.4
    endloop
  endfacet
  facet normal 0 0 -1
    outer loop
      vertex -6.60085 10.615 11.4
      vertex -5.70313 9.17138 11.4
      vertex -6.00016 8.97987 11.4
    endloop
  endfacet
  facet normal 0 0 -1
    outer loop
      vertex -5.4 9.35307 11.4
      vertex -6.25 10.8253 11.4
      vertex -5.89246 11.024 11.4
    endloop
  endfacet
  facet normal 0 0 -1
    outer loop
      vertex -6.94463 10.3934 11.4
      vertex -6.00016 8.97987 11.4
      vertex -6.29076 8.77874 11.4
    endloop
  endfacet
  facet normal 0 0 -1
    outer loop
      vertex -7.28097 10.1606 11.4
      vertex -6.29076 8.77874 11.4
      vertex -6.57462 8.56822 11.4
    endloop
  endfacet
  facet normal 0 0 -1
    outer loop
      vertex -5.70313 9.17138 11.4
      vertex -6.60085 10.615 11.4
      vertex -6.25 10.8253 11.4
    endloop
  endfacet
  facet normal 0 0 -1
    outer loop
      vertex -7.60952 9.91692 11.4
      vertex -6.57462 8.56822 11.4
      vertex -6.85145 8.34851 11.4
    endloop
  endfacet
  facet normal 0 0 -1
    outer loop
      vertex -6.00016 8.97987 11.4
      vertex -6.94463 10.3934 11.4
      vertex -6.60085 10.615 11.4
    endloop
  endfacet
  facet normal 0 0 -1
    outer loop
      vertex -7.92992 9.66263 11.4
      vertex -6.85145 8.34851 11.4
      vertex -7.12093 8.11987 11.4
    endloop
  endfacet
  facet normal 0 0 -1
    outer loop
      vertex -6.29076 8.77874 11.4
      vertex -7.28097 10.1606 11.4
      vertex -6.94463 10.3934 11.4
    endloop
  endfacet
  facet normal 0 0 -1
    outer loop
      vertex -8.24182 9.398 11.4
      vertex -7.12093 8.11987 11.4
      vertex -7.3828 7.88253 11.4
    endloop
  endfacet
  facet normal 0 0 -1
    outer loop
      vertex -6.57462 8.56822 11.4
      vertex -7.60952 9.91692 11.4
      vertex -7.28097 10.1606 11.4
    endloop
  endfacet
  facet normal 0 0 -1
    outer loop
      vertex -8.5449 9.1233 11.4
      vertex -7.3828 7.88253 11.4
      vertex -7.63675 7.63675 11.4
    endloop
  endfacet
  facet normal 0 0 -1
    outer loop
      vertex -8.83883 8.83883 11.4
      vertex -7.63675 7.63675 11.4
      vertex -7.88253 7.3828 11.4
    endloop
  endfacet
  facet normal 0 0 -1
    outer loop
      vertex -6.85145 8.34851 11.4
      vertex -7.92992 9.66263 11.4
      vertex -7.60952 9.91692 11.4
    endloop
  endfacet
  facet normal 0 0 -1
    outer loop
      vertex -9.1233 8.5449 11.4
      vertex -7.88253 7.3828 11.4
      vertex -8.11987 7.12093 11.4
    endloop
  endfacet
  facet normal 0 0 -1
    outer loop
      vertex -7.12093 8.11987 11.4
      vertex -8.24182 9.398 11.4
      vertex -7.92992 9.66263 11.4
    endloop
  endfacet
  facet normal 0 0 -1
    outer loop
      vertex -9.398 8.24182 11.4
      vertex -8.11987 7.12093 11.4
      vertex -8.34851 6.85145 11.4
    endloop
  endfacet
  facet normal 0 0 -1
    outer loop
      vertex -7.3828 7.88253 11.4
      vertex -8.5449 9.1233 11.4
      vertex -8.24182 9.398 11.4
    endloop
  endfacet
  facet normal 0 0 -1
    outer loop
      vertex -9.66263 7.92992 11.4
      vertex -8.34851 6.85145 11.4
      vertex -8.56822 6.57462 11.4
    endloop
  endfacet
  facet normal 0 0 -1
    outer loop
      vertex -9.91692 7.60952 11.4
      vertex -8.56822 6.57462 11.4
      vertex -8.77874 6.29076 11.4
    endloop
  endfacet
  facet normal 0 0 -1
    outer loop
      vertex -7.63675 7.63675 11.4
      vertex -8.83883 8.83883 11.4
      vertex -8.5449 9.1233 11.4
    endloop
  endfacet
  facet normal 0 0 -1
    outer loop
      vertex -10.1606 7.28097 11.4
      vertex -8.77874 6.29076 11.4
      vertex -8.97987 6.00016 11.4
    endloop
  endfacet
  facet normal 0 0 -1
    outer loop
      vertex -7.88253 7.3828 11.4
      vertex -9.1233 8.5449 11.4
      vertex -8.83883 8.83883 11.4
    endloop
  endfacet
  facet normal 0 0 -1
    outer loop
      vertex -10.3934 6.94463 11.4
      vertex -8.97987 6.00016 11.4
      vertex -9.17138 5.70313 11.4
    endloop
  endfacet
  facet normal 0 0 -1
    outer loop
      vertex -10.615 6.60085 11.4
      vertex -9.17138 5.70313 11.4
      vertex -9.35307 5.4 11.4
    endloop
  endfacet
  facet normal 0 0 -1
    outer loop
      vertex -8.11987 7.12093 11.4
      vertex -9.398 8.24182 11.4
      vertex -9.1233 8.5449 11.4
    endloop
  endfacet
  facet normal 0 0 -1
    outer loop
      vertex -10.8253 6.25 11.4
      vertex -9.35307 5.4 11.4
      vertex -9.52475 5.09108 11.4
    endloop
  endfacet
  facet normal 0 0 -1
    outer loop
      vertex -8.34851 6.85145 11.4
      vertex -9.66263 7.92992 11.4
      vertex -9.398 8.24182 11.4
    endloop
  endfacet
  facet normal 0 0 -1
    outer loop
      vertex -11.024 5.89246 11.4
      vertex -9.52475 5.09108 11.4
      vertex -9.68622 4.77672 11.4
    endloop
  endfacet
  facet normal 0 0 -1
    outer loop
      vertex -11.2109 5.52861 11.4
      vertex -9.68622 4.77672 11.4
      vertex -9.83733 4.45724 11.4
    endloop
  endfacet
  facet normal 0 0 -1
    outer loop
      vertex -8.56822 6.57462 11.4
      vertex -9.91692 7.60952 11.4
      vertex -9.66263 7.92992 11.4
    endloop
  endfacet
  facet normal 0 0 -1
    outer loop
      vertex -11.3858 5.15884 11.4
      vertex -9.83733 4.45724 11.4
      vertex -9.9779 4.13298 11.4
    endloop
  endfacet
  facet normal 0 0 -1
    outer loop
      vertex -11.5485 4.78354 11.4
      vertex -9.9779 4.13298 11.4
      vertex -10.1078 3.8043 11.4
    endloop
  endfacet
  facet normal 0 0 -1
    outer loop
      vertex -8.77874 6.29076 11.4
      vertex -10.1606 7.28097 11.4
      vertex -9.91692 7.60952 11.4
    endloop
  endfacet
  facet normal 0 0 -1
    outer loop
      vertex -11.6988 4.40312 11.4
      vertex -10.1078 3.8043 11.4
      vertex -10.2268 3.47155 11.4
    endloop
  endfacet
  facet normal 0 0 -1
    outer loop
      vertex -11.8366 4.01799 11.4
      vertex -10.2268 3.47155 11.4
      vertex -10.335 3.13507 11.4
    endloop
  endfacet
  facet normal 0 0 -1
    outer loop
      vertex -8.97987 6.00016 11.4
      vertex -10.3934 6.94463 11.4
      vertex -10.1606 7.28097 11.4
    endloop
  endfacet
  facet normal 0 0 -1
    outer loop
      vertex -11.9618 3.62856 11.4
      vertex -10.335 3.13507 11.4
      vertex -10.432 2.79525 11.4
    endloop
  endfacet
  facet normal 0 0 -1
    outer loop
      vertex -12.0741 3.23524 11.4
      vertex -10.432 2.79525 11.4
      vertex -10.5179 2.45242 11.4
    endloop
  endfacet
  facet normal 0 0 -1
    outer loop
      vertex -12.1735 2.83845 11.4
      vertex -10.5179 2.45242 11.4
      vertex -10.5925 2.10697 11.4
    endloop
  endfacet
  facet normal 0 0 -1
    outer loop
      vertex -9.17138 5.70313 11.4
      vertex -10.615 6.60085 11.4
      vertex -10.3934 6.94463 11.4
    endloop
  endfacet
  facet normal 0 0 -1
    outer loop
      vertex -12.2598 2.43863 11.4
      vertex -10.5925 2.10697 11.4
      vertex -10.6557 1.75927 11.4
    endloop
  endfacet
  facet normal 0 0 -1
    outer loop
      vertex -12.333 2.03619 11.4
      vertex -10.6557 1.75927 11.4
      vertex -10.7076 1.40968 11.4
    endloop
  endfacet
  facet normal 0 0 -1
    outer loop
      vertex -12.3931 1.63158 11.4
      vertex -10.7076 1.40968 11.4
      vertex -10.748 1.05858 11.4
    endloop
  endfacet
  facet normal 0 0 -1
    outer loop
      vertex -12.4398 1.22521 11.4
      vertex -10.748 1.05858 11.4
      vertex -10.7769 0.706353 11.4
    endloop
  endfacet
  facet normal 0 0 -1
    outer loop
      vertex -12.4732 0.817538 11.4
      vertex -10.7769 0.706353 11.4
      vertex -10.7942 0.353366 11.4
    endloop
  endfacet
  facet normal 0 0 -1
    outer loop
      vertex -9.35307 5.4 11.4
      vertex -10.8253 6.25 11.4
      vertex -10.615 6.60085 11.4
    endloop
  endfacet
  facet normal 0 0 -1
    outer loop
      vertex -12.4933 0.408988 11.4
      vertex -10.7942 0.353366 11.4
      vertex -10.8 0 11.4
    endloop
  endfacet
  facet normal -0 0 -1
    outer loop
      vertex -10.432 -2.79525 11.4
      vertex -12.0741 -3.23524 11.4
      vertex -10.5179 -2.45242 11.4
    endloop
  endfacet
  facet normal 0 0 -1
    outer loop
      vertex -12.1735 -2.83845 11.4
      vertex -10.5179 -2.45242 11.4
      vertex -12.0741 -3.23524 11.4
    endloop
  endfacet
  facet normal 0 0 -1
    outer loop
      vertex -9.52475 5.09108 11.4
      vertex -11.024 5.89246 11.4
      vertex -10.8253 6.25 11.4
    endloop
  endfacet
  facet normal -0 0 -1
    outer loop
      vertex -10.5179 -2.45242 11.4
      vertex -12.1735 -2.83845 11.4
      vertex -10.5925 -2.10697 11.4
    endloop
  endfacet
  facet normal 0 0 -1
    outer loop
      vertex -9.68622 4.77672 11.4
      vertex -11.2109 5.52861 11.4
      vertex -11.024 5.89246 11.4
    endloop
  endfacet
  facet normal 0 0 -1
    outer loop
      vertex -12.2598 -2.43863 11.4
      vertex -10.5925 -2.10697 11.4
      vertex -12.1735 -2.83845 11.4
    endloop
  endfacet
  facet normal 0 0 -1
    outer loop
      vertex -9.83733 4.45724 11.4
      vertex -11.3858 5.15884 11.4
      vertex -11.2109 5.52861 11.4
    endloop
  endfacet
  facet normal -0 0 -1
    outer loop
      vertex -10.5925 -2.10697 11.4
      vertex -12.2598 -2.43863 11.4
      vertex -10.6557 -1.75927 11.4
    endloop
  endfacet
  facet normal 0 0 -1
    outer loop
      vertex -9.9779 4.13298 11.4
      vertex -11.5485 4.78354 11.4
      vertex -11.3858 5.15884 11.4
    endloop
  endfacet
  facet normal 0 0 -1
    outer loop
      vertex -12.333 -2.03619 11.4
      vertex -10.6557 -1.75927 11.4
      vertex -12.2598 -2.43863 11.4
    endloop
  endfacet
  facet normal 0 0 -1
    outer loop
      vertex -10.1078 3.8043 11.4
      vertex -11.6988 4.40312 11.4
      vertex -11.5485 4.78354 11.4
    endloop
  endfacet
  facet normal -0 0 -1
    outer loop
      vertex -10.6557 -1.75927 11.4
      vertex -12.333 -2.03619 11.4
      vertex -10.7076 -1.40968 11.4
    endloop
  endfacet
  facet normal 0 0 -1
    outer loop
      vertex -10.2268 3.47155 11.4
      vertex -11.8366 4.01799 11.4
      vertex -11.6988 4.40312 11.4
    endloop
  endfacet
  facet normal 0 0 -1
    outer loop
      vertex -12.3931 -1.63158 11.4
      vertex -10.7076 -1.40968 11.4
      vertex -12.333 -2.03619 11.4
    endloop
  endfacet
  facet normal 0 0 -1
    outer loop
      vertex -10.335 3.13507 11.4
      vertex -11.9618 3.62856 11.4
      vertex -11.8366 4.01799 11.4
    endloop
  endfacet
  facet normal -0 0 -1
    outer loop
      vertex -10.7076 -1.40968 11.4
      vertex -12.3931 -1.63158 11.4
      vertex -10.748 -1.05858 11.4
    endloop
  endfacet
  facet normal 0 0 -1
    outer loop
      vertex -10.432 2.79525 11.4
      vertex -12.0741 3.23524 11.4
      vertex -11.9618 3.62856 11.4
    endloop
  endfacet
  facet normal 0 0 -1
    outer loop
      vertex -12.4398 -1.22521 11.4
      vertex -10.748 -1.05858 11.4
      vertex -12.3931 -1.63158 11.4
    endloop
  endfacet
  facet normal 0 0 -1
    outer loop
      vertex -10.5179 2.45242 11.4
      vertex -12.1735 2.83845 11.4
      vertex -12.0741 3.23524 11.4
    endloop
  endfacet
  facet normal -0 0 -1
    outer loop
      vertex -10.748 -1.05858 11.4
      vertex -12.4398 -1.22521 11.4
      vertex -10.7769 -0.706353 11.4
    endloop
  endfacet
  facet normal 0 0 -1
    outer loop
      vertex -10.5925 2.10697 11.4
      vertex -12.2598 2.43863 11.4
      vertex -12.1735 2.83845 11.4
    endloop
  endfacet
  facet normal 0 0 -1
    outer loop
      vertex -12.4732 -0.817538 11.4
      vertex -10.7769 -0.706353 11.4
      vertex -12.4398 -1.22521 11.4
    endloop
  endfacet
  facet normal 0 0 -1
    outer loop
      vertex -10.6557 1.75927 11.4
      vertex -12.333 2.03619 11.4
      vertex -12.2598 2.43863 11.4
    endloop
  endfacet
  facet normal -0 0 -1
    outer loop
      vertex -10.7769 -0.706353 11.4
      vertex -12.4732 -0.817538 11.4
      vertex -10.7942 -0.353366 11.4
    endloop
  endfacet
  facet normal 0 0 -1
    outer loop
      vertex -10.7076 1.40968 11.4
      vertex -12.3931 1.63158 11.4
      vertex -12.333 2.03619 11.4
    endloop
  endfacet
  facet normal 0 0 -1
    outer loop
      vertex -12.4933 -0.408988 11.4
      vertex -10.7942 -0.353366 11.4
      vertex -12.4732 -0.817538 11.4
    endloop
  endfacet
  facet normal 0 0 -1
    outer loop
      vertex -10.748 1.05858 11.4
      vertex -12.4398 1.22521 11.4
      vertex -12.3931 1.63158 11.4
    endloop
  endfacet
  facet normal -0 0 -1
    outer loop
      vertex -10.7942 -0.353366 11.4
      vertex -12.4933 -0.408988 11.4
      vertex -10.8 0 11.4
    endloop
  endfacet
  facet normal 0 0 -1
    outer loop
      vertex -10.7769 0.706353 11.4
      vertex -12.4732 0.817538 11.4
      vertex -12.4398 1.22521 11.4
    endloop
  endfacet
  facet normal 0 0 -1
    outer loop
      vertex -12.5 0 11.4
      vertex -10.8 0 11.4
      vertex -12.4933 -0.408988 11.4
    endloop
  endfacet
  facet normal 0 0 -1
    outer loop
      vertex -10.7942 0.353366 11.4
      vertex -12.4933 0.408988 11.4
      vertex -12.4732 0.817538 11.4
    endloop
  endfacet
  facet normal 0 0 -1
    outer loop
      vertex -10.8 0 11.4
      vertex -12.5 0 11.4
      vertex -12.4933 0.408988 11.4
    endloop
  endfacet
  facet normal -0.840512 0.541793 0
    outer loop
      vertex -10.615 6.60085 11.4
      vertex -10.3934 6.94463 13
      vertex -10.3934 6.94463 11.4
    endloop
  endfacet
  facet normal -0.840512 0.541793 0
    outer loop
      vertex -10.3934 6.94463 13
      vertex -10.615 6.60085 11.4
      vertex -10.615 6.60085 13
    endloop
  endfacet
  facet normal -0.595716 -0.803195 0
    outer loop
      vertex -7.60952 -9.91692 11.4
      vertex -7.28097 -10.1606 13
      vertex -7.60952 -9.91692 13
    endloop
  endfacet
  facet normal -0.595716 -0.803195 -0
    outer loop
      vertex -7.28097 -10.1606 13
      vertex -7.60952 -9.91692 11.4
      vertex -7.28097 -10.1606 11.4
    endloop
  endfacet
  facet normal 0.640149 0.0105071 0.768179
    outer loop
      vertex 10.7942 0.353366 1.6
      vertex 9.6 0 2.6
      vertex 10.8 0 1.6
    endloop
  endfacet
  facet normal 0.346933 0.538089 0.768178
    outer loop
      vertex 5.70313 9.17138 1.6
      vertex 5.06945 8.15234 2.6
      vertex 6.00016 8.97987 1.6
    endloop
  endfacet
  facet normal -0.559623 0.311004 0.768179
    outer loop
      vertex -8.31384 4.8 2.6
      vertex -9.35307 5.4 1.6
      vertex -8.46644 4.52541 2.6
    endloop
  endfacet
  facet normal -0.364361 0.526442 0.768179
    outer loop
      vertex -6.00016 8.97987 1.6
      vertex -6.29076 8.77874 1.6
      vertex -5.33347 7.98211 2.6
    endloop
  endfacet
  facet normal -0.414208 -0.488194 0.768179
    outer loop
      vertex -6.32972 -7.21766 2.6
      vertex -7.12093 -8.11987 1.6
      vertex -6.85145 -8.34851 1.6
    endloop
  endfacet
  facet normal -0.474384 -0.429955 0.768179
    outer loop
      vertex -7.21766 -6.32972 2.6
      vertex -8.11987 -7.12093 1.6
      vertex -7.00669 -6.56249 2.6
    endloop
  endfacet
  facet normal -0.4142 0.488199 0.76818
    outer loop
      vertex -6.09017 7.4209 2.6
      vertex -6.85145 8.34851 1.6
      vertex -6.32972 7.21766 2.6
    endloop
  endfacet
  facet normal 0.514237 0.381398 0.768177
    outer loop
      vertex 8.77874 6.29076 1.6
      vertex 7.61619 5.84411 2.6
      vertex 7.80333 5.59179 2.6
    endloop
  endfacet
  facet normal -0.526442 0.364361 0.768179
    outer loop
      vertex -8.77874 6.29076 1.6
      vertex -8.97987 6.00016 1.6
      vertex -7.98211 5.33347 2.6
    endloop
  endfacet
  facet normal -0.235319 0.595417 0.768182
    outer loop
      vertex -3.8043 10.1078 1.6
      vertex -4.13298 9.9779 1.6
      vertex -3.3816 8.9847 2.6
    endloop
  endfacet
  facet normal 0.135142 0.625801 0.768186
    outer loop
      vertex 2.45242 10.5179 1.6
      vertex 2.10697 10.5925 1.6
      vertex 2.17993 9.34922 2.6
    endloop
  endfacet
  facet normal 0.638088 -0.0523547 0.768181
    outer loop
      vertex 10.7769 -0.706353 1.6
      vertex 9.55377 -0.940964 2.6
      vertex 10.748 -1.05858 1.6
    endloop
  endfacet
  facet normal -0.235308 -0.595423 0.76818
    outer loop
      vertex -3.67376 -8.86924 2.6
      vertex -4.13298 -9.9779 1.6
      vertex -3.3816 -8.9847 2.6
    endloop
  endfacet
  facet normal 0.235308 0.595423 0.76818
    outer loop
      vertex 4.13298 9.9779 1.6
      vertex 3.3816 8.9847 2.6
      vertex 3.67376 8.86924 2.6
    endloop
  endfacet
  facet normal 0.474387 0.42995 0.76818
    outer loop
      vertex 7.88253 7.3828 1.6
      vertex 7.00669 6.56249 2.6
      vertex 8.11987 7.12093 1.6
    endloop
  endfacet
  facet normal 0.0940209 0.63331 0.768166
    outer loop
      vertex 1.75927 10.6557 1.6
      vertex 1.40968 10.7076 1.6
      vertex 1.5638 9.47178 2.6
    endloop
  endfacet
  facet normal 0.42995 0.474387 0.76818
    outer loop
      vertex 7.12093 8.11987 1.6
      vertex 6.56249 7.00669 2.6
      vertex 7.3828 7.88253 1.6
    endloop
  endfacet
  facet normal 0.398011 0.501485 0.76818
    outer loop
      vertex 6.57462 8.56822 1.6
      vertex 5.84411 7.61619 2.6
      vertex 6.85145 8.34851 1.6
    endloop
  endfacet
  facet normal 0.42995 -0.474387 0.76818
    outer loop
      vertex 7.3828 -7.88253 1.6
      vertex 6.56249 -7.00669 2.6
      vertex 7.12093 -8.11987 1.6
    endloop
  endfacet
  facet normal -0.346937 0.538085 0.768179
    outer loop
      vertex -5.06945 8.15234 2.6
      vertex -6.00016 8.97987 1.6
      vertex -5.33347 7.98211 2.6
    endloop
  endfacet
  facet normal -0.559621 -0.311005 0.768179
    outer loop
      vertex -8.46644 -4.52541 2.6
      vertex -9.52475 -5.09108 1.6
      vertex -9.35307 -5.4 1.6
    endloop
  endfacet
  facet normal 0.273731 0.578766 0.76818
    outer loop
      vertex 4.45724 9.83733 1.6
      vertex 3.96199 8.74429 2.6
      vertex 4.24597 8.60998 2.6
    endloop
  endfacet
  facet normal 0.633308 0.0939314 0.768178
    outer loop
      vertex 10.7076 1.40968 1.6
      vertex 9.47178 1.5638 2.6
      vertex 9.51787 1.25305 2.6
    endloop
  endfacet
  facet normal -0.414208 0.488194 0.768179
    outer loop
      vertex -6.85145 8.34851 1.6
      vertex -7.12093 8.11987 1.6
      vertex -6.32972 7.21766 2.6
    endloop
  endfacet
  facet normal 0.538089 0.346933 0.768178
    outer loop
      vertex 8.97987 6.00016 1.6
      vertex 8.15234 5.06945 2.6
      vertex 9.17138 5.70313 1.6
    endloop
  endfacet
  facet normal -0.329143 -0.54915 0.768179
    outer loop
      vertex -5.06945 -8.15234 2.6
      vertex -5.4 -9.35307 1.6
      vertex -4.8 -8.31384 2.6
    endloop
  endfacet
  facet normal -0.155608 -0.621036 0.76818
    outer loop
      vertex -2.48466 -9.27289 2.6
      vertex -2.79525 -10.432 1.6
      vertex -2.45242 -10.5179 1.6
    endloop
  endfacet
  facet normal 0.311005 -0.559621 0.768179
    outer loop
      vertex 5.4 -9.35307 1.6
      vertex 4.52541 -8.46644 2.6
      vertex 5.09108 -9.52475 1.6
    endloop
  endfacet
  facet normal -0.135142 0.625801 0.768186
    outer loop
      vertex -2.10697 10.5925 1.6
      vertex -2.45242 10.5179 1.6
      vertex -2.17993 9.34922 2.6
    endloop
  endfacet
  facet normal 0.595417 -0.235319 0.768182
    outer loop
      vertex 10.1078 -3.8043 1.6
      vertex 8.9847 -3.3816 2.6
      vertex 9.9779 -4.13298 1.6
    endloop
  endfacet
  facet normal 0.595423 -0.235308 0.76818
    outer loop
      vertex 8.9847 -3.3816 2.6
      vertex 8.86924 -3.67376 2.6
      vertex 9.9779 -4.13298 1.6
    endloop
  endfacet
  facet normal -0.609488 0.19599 0.768188
    outer loop
      vertex -10.2268 3.47155 1.6
      vertex -10.335 3.13507 1.6
      vertex -9.18663 2.78673 2.6
    endloop
  endfacet
  facet normal 0.609488 -0.19599 0.768188
    outer loop
      vertex 10.335 -3.13507 1.6
      vertex 9.18663 -2.78673 2.6
      vertex 10.2268 -3.47155 1.6
    endloop
  endfacet
  facet normal -0.595417 0.235319 0.768182
    outer loop
      vertex -9.9779 4.13298 1.6
      vertex -10.1078 3.8043 1.6
      vertex -8.9847 3.3816 2.6
    endloop
  endfacet
  facet normal 0.215592 0.602841 0.768181
    outer loop
      vertex 3.47155 10.2268 1.6
      vertex 3.3816 8.9847 2.6
      vertex 3.8043 10.1078 1.6
    endloop
  endfacet
  facet normal 0.135142 -0.625801 0.768186
    outer loop
      vertex 2.17993 -9.34922 2.6
      vertex 2.10697 -10.5925 1.6
      vertex 2.45242 -10.5179 1.6
    endloop
  endfacet
  facet normal 0.0314265 0.639469 0.768174
    outer loop
      vertex 0.353366 10.7942 1.6
      vertex 0.314103 9.59486 2.6
      vertex 0.62787 9.57944 2.6
    endloop
  endfacet
  facet normal -0.175797 0.615614 0.768189
    outer loop
      vertex -2.48466 9.27289 2.6
      vertex -3.13507 10.335 1.6
      vertex -2.78673 9.18663 2.6
    endloop
  endfacet
  facet normal 0.526452 0.364351 0.768177
    outer loop
      vertex 8.77874 6.29076 1.6
      vertex 7.80333 5.59179 2.6
      vertex 7.98211 5.33347 2.6
    endloop
  endfacet
  facet normal 0.273747 0.578762 0.768178
    outer loop
      vertex 4.45724 9.83733 1.6
      vertex 4.24597 8.60998 2.6
      vertex 4.77672 9.68622 1.6
    endloop
  endfacet
  facet normal -0.538085 0.346937 0.768179
    outer loop
      vertex -7.98211 5.33347 2.6
      vertex -8.97987 6.00016 1.6
      vertex -8.15234 5.06945 2.6
    endloop
  endfacet
  facet normal 0.0523154 0.638085 0.768187
    outer loop
      vertex 0.706353 10.7769 1.6
      vertex 0.62787 9.57944 2.6
      vertex 0.940964 9.55377 2.6
    endloop
  endfacet
  facet normal -0.621036 0.155608 0.76818
    outer loop
      vertex -10.432 2.79525 1.6
      vertex -10.5179 2.45242 1.6
      vertex -9.27289 2.48466 2.6
    endloop
  endfacet
  facet normal 0.364361 -0.526442 0.768179
    outer loop
      vertex 6.29076 -8.77874 1.6
      vertex 5.33347 -7.98211 2.6
      vertex 6.00016 -8.97987 1.6
    endloop
  endfacet
  facet normal 0.474384 0.429955 0.768179
    outer loop
      vertex 8.11987 7.12093 1.6
      vertex 7.00669 6.56249 2.6
      vertex 7.21766 6.32972 2.6
    endloop
  endfacet
  facet normal 0.21569 -0.602823 0.768168
    outer loop
      vertex 3.3816 -8.9847 2.6
      vertex 3.08582 -9.09053 2.6
      vertex 3.47155 -10.2268 1.6
    endloop
  endfacet
  facet normal 0.381398 -0.514237 0.768177
    outer loop
      vertex 5.84411 -7.61619 2.6
      vertex 5.59179 -7.80333 2.6
      vertex 6.29076 -8.77874 1.6
    endloop
  endfacet
  facet normal -0.273731 -0.578766 0.76818
    outer loop
      vertex -4.24597 -8.60998 2.6
      vertex -4.45724 -9.83733 1.6
      vertex -3.96199 -8.74429 2.6
    endloop
  endfacet
  facet normal -0.501484 -0.398012 0.76818
    outer loop
      vertex -7.61619 -5.84411 2.6
      vertex -8.34851 -6.85145 1.6
      vertex -7.4209 -6.09017 2.6
    endloop
  endfacet
  facet normal 0.364361 0.526442 0.768179
    outer loop
      vertex 6.00016 8.97987 1.6
      vertex 5.33347 7.98211 2.6
      vertex 6.29076 8.77874 1.6
    endloop
  endfacet
  facet normal -0.329148 -0.549148 0.768178
    outer loop
      vertex -5.06945 -8.15234 2.6
      vertex -5.70313 -9.17138 1.6
      vertex -5.4 -9.35307 1.6
    endloop
  endfacet
  facet normal -0.639459 0.0313401 0.768186
    outer loop
      vertex -10.7769 0.706353 1.6
      vertex -10.7942 0.353366 1.6
      vertex -9.57944 0.62787 2.6
    endloop
  endfacet
  facet normal -0.474384 0.429955 0.768179
    outer loop
      vertex -7.00669 6.56249 2.6
      vertex -8.11987 7.12093 1.6
      vertex -7.21766 6.32972 2.6
    endloop
  endfacet
  facet normal -0.578766 -0.273731 0.76818
    outer loop
      vertex -8.74429 -3.96199 2.6
      vertex -9.83733 -4.45724 1.6
      vertex -8.60998 -4.24597 2.6
    endloop
  endfacet
  facet normal 0.488199 -0.4142 0.76818
    outer loop
      vertex 7.4209 -6.09017 2.6
      vertex 7.21766 -6.32972 2.6
      vertex 8.34851 -6.85145 1.6
    endloop
  endfacet
  facet normal 0.625801 0.135142 0.768186
    outer loop
      vertex 10.5179 2.45242 1.6
      vertex 9.34922 2.17993 2.6
      vertex 10.5925 2.10697 1.6
    endloop
  endfacet
  facet normal 0.62104 0.155561 0.768186
    outer loop
      vertex 10.5179 2.45242 1.6
      vertex 9.27289 2.48466 2.6
      vertex 9.34922 2.17993 2.6
    endloop
  endfacet
  facet normal -0.292522 0.569501 0.768179
    outer loop
      vertex -4.77672 9.68622 1.6
      vertex -5.09108 9.52475 1.6
      vertex -4.52541 8.46644 2.6
    endloop
  endfacet
  facet normal -0.526452 0.364351 0.768177
    outer loop
      vertex -7.80333 5.59179 2.6
      vertex -8.77874 6.29076 1.6
      vertex -7.98211 5.33347 2.6
    endloop
  endfacet
  facet normal -0.640149 0.0105071 0.768179
    outer loop
      vertex -10.7942 0.353366 1.6
      vertex -10.8 0 1.6
      vertex -9.6 0 2.6
    endloop
  endfacet
  facet normal -0.329143 0.54915 0.768179
    outer loop
      vertex -4.8 8.31384 2.6
      vertex -5.4 9.35307 1.6
      vertex -5.06945 8.15234 2.6
    endloop
  endfacet
  facet normal -0.292534 -0.569497 0.768178
    outer loop
      vertex -4.52541 -8.46644 2.6
      vertex -4.77672 -9.68622 1.6
      vertex -4.24597 -8.60998 2.6
    endloop
  endfacet
  facet normal 0.4142 -0.488199 0.76818
    outer loop
      vertex 6.32972 -7.21766 2.6
      vertex 6.09017 -7.4209 2.6
      vertex 6.85145 -8.34851 1.6
    endloop
  endfacet
  facet normal 0.488194 0.414208 0.768179
    outer loop
      vertex 8.11987 7.12093 1.6
      vertex 7.21766 6.32972 2.6
      vertex 8.34851 6.85145 1.6
    endloop
  endfacet
  facet normal 0.514245 0.381381 0.76818
    outer loop
      vertex 8.56822 6.57462 1.6
      vertex 7.61619 5.84411 2.6
      vertex 8.77874 6.29076 1.6
    endloop
  endfacet
  facet normal -0.273747 -0.578762 0.768178
    outer loop
      vertex -4.24597 -8.60998 2.6
      vertex -4.77672 -9.68622 1.6
      vertex -4.45724 -9.83733 1.6
    endloop
  endfacet
  facet normal 0.629929 0.1145 0.768166
    outer loop
      vertex 10.5925 2.10697 1.6
      vertex 9.47178 1.5638 2.6
      vertex 10.6557 1.75927 1.6
    endloop
  endfacet
  facet normal -0.474387 0.42995 0.76818
    outer loop
      vertex -7.88253 7.3828 1.6
      vertex -8.11987 7.12093 1.6
      vertex -7.00669 6.56249 2.6
    endloop
  endfacet
  facet normal 0.6258 0.135163 0.768183
    outer loop
      vertex 10.5925 2.10697 1.6
      vertex 9.34922 2.17993 2.6
      vertex 9.41554 1.87287 2.6
    endloop
  endfacet
  facet normal -0.587412 -0.254649 0.76818
    outer loop
      vertex -8.74429 -3.96199 2.6
      vertex -9.9779 -4.13298 1.6
      vertex -9.83733 -4.45724 1.6
    endloop
  endfacet
  facet normal 0.235319 0.595417 0.768182
    outer loop
      vertex 3.8043 10.1078 1.6
      vertex 3.3816 8.9847 2.6
      vertex 4.13298 9.9779 1.6
    endloop
  endfacet
  facet normal -0.538089 0.346933 0.768178
    outer loop
      vertex -8.97987 6.00016 1.6
      vertex -9.17138 5.70313 1.6
      vertex -8.15234 5.06945 2.6
    endloop
  endfacet
  facet normal 0.640149 -0.0105071 0.768179
    outer loop
      vertex 10.8 0 1.6
      vertex 9.6 0 2.6
      vertex 10.7942 -0.353366 1.6
    endloop
  endfacet
  facet normal 0.0939314 0.633308 0.768178
    outer loop
      vertex 1.40968 10.7076 1.6
      vertex 1.25305 9.51787 2.6
      vertex 1.5638 9.47178 2.6
    endloop
  endfacet
  facet normal 0.636036 0.0731867 0.768181
    outer loop
      vertex 10.7076 1.40968 1.6
      vertex 9.55377 0.940964 2.6
      vertex 10.748 1.05858 1.6
    endloop
  endfacet
  facet normal 0.311004 0.559623 0.768179
    outer loop
      vertex 5.4 9.35307 1.6
      vertex 4.52541 8.46644 2.6
      vertex 4.8 8.31384 2.6
    endloop
  endfacet
  facet normal 0.0313401 0.639459 0.768186
    outer loop
      vertex 0.706353 10.7769 1.6
      vertex 0.353366 10.7942 1.6
      vertex 0.62787 9.57944 2.6
    endloop
  endfacet
  facet normal 0.526442 0.364361 0.768179
    outer loop
      vertex 8.77874 6.29076 1.6
      vertex 7.98211 5.33347 2.6
      vertex 8.97987 6.00016 1.6
    endloop
  endfacet
  facet normal 0.254648 -0.587413 0.76818
    outer loop
      vertex 3.96199 -8.74429 2.6
      vertex 3.67376 -8.86924 2.6
      vertex 4.13298 -9.9779 1.6
    endloop
  endfacet
  facet normal -0.445255 0.460052 0.76818
    outer loop
      vertex -6.56249 7.00669 2.6
      vertex -7.63675 7.63675 1.6
      vertex -6.78822 6.78822 2.6
    endloop
  endfacet
  facet normal -0.135142 -0.625801 0.768186
    outer loop
      vertex -2.17993 -9.34922 2.6
      vertex -2.45242 -10.5179 1.6
      vertex -2.10697 -10.5925 1.6
    endloop
  endfacet
  facet normal 0.595417 0.235319 0.768182
    outer loop
      vertex 9.9779 4.13298 1.6
      vertex 8.9847 3.3816 2.6
      vertex 10.1078 3.8043 1.6
    endloop
  endfacet
  facet normal 0.602841 -0.215592 0.768181
    outer loop
      vertex 10.2268 -3.47155 1.6
      vertex 8.9847 -3.3816 2.6
      vertex 10.1078 -3.8043 1.6
    endloop
  endfacet
  facet normal -0.0731654 -0.636042 0.768178
    outer loop
      vertex -1.25305 -9.51787 2.6
      vertex -1.40968 -10.7076 1.6
      vertex -0.940964 -9.55377 2.6
    endloop
  endfacet
  facet normal 0.638085 -0.0523154 0.768187
    outer loop
      vertex 9.57944 -0.62787 2.6
      vertex 9.55377 -0.940964 2.6
      vertex 10.7769 -0.706353 1.6
    endloop
  endfacet
  facet normal -0.514237 -0.381398 0.768177
    outer loop
      vertex -7.80333 -5.59179 2.6
      vertex -8.77874 -6.29076 1.6
      vertex -7.61619 -5.84411 2.6
    endloop
  endfacet
  facet normal -0.398011 -0.501485 0.76818
    outer loop
      vertex -5.84411 -7.61619 2.6
      vertex -6.85145 -8.34851 1.6
      vertex -6.57462 -8.56822 1.6
    endloop
  endfacet
  facet normal 0.329143 -0.54915 0.768179
    outer loop
      vertex 5.06945 -8.15234 2.6
      vertex 4.8 -8.31384 2.6
      vertex 5.4 -9.35307 1.6
    endloop
  endfacet
  facet normal -0.625801 0.135142 0.768186
    outer loop
      vertex -10.5179 2.45242 1.6
      vertex -10.5925 2.10697 1.6
      vertex -9.34922 2.17993 2.6
    endloop
  endfacet
  facet normal -0.381398 0.514237 0.768177
    outer loop
      vertex -5.59179 7.80333 2.6
      vertex -6.29076 8.77874 1.6
      vertex -5.84411 7.61619 2.6
    endloop
  endfacet
  facet normal -0.488194 -0.414208 0.768179
    outer loop
      vertex -7.21766 -6.32972 2.6
      vertex -8.34851 -6.85145 1.6
      vertex -8.11987 -7.12093 1.6
    endloop
  endfacet
  facet normal 0.609556 -0.195855 0.768168
    outer loop
      vertex 9.18663 -2.78673 2.6
      vertex 9.09053 -3.08582 2.6
      vertex 10.2268 -3.47155 1.6
    endloop
  endfacet
  facet normal -0.42995 -0.474387 0.76818
    outer loop
      vertex -6.56249 -7.00669 2.6
      vertex -7.3828 -7.88253 1.6
      vertex -7.12093 -8.11987 1.6
    endloop
  endfacet
  facet normal 0.569501 0.292522 0.768179
    outer loop
      vertex 9.52475 5.09108 1.6
      vertex 8.46644 4.52541 2.6
      vertex 9.68622 4.77672 1.6
    endloop
  endfacet
  facet normal -0.639469 0.0314265 0.768174
    outer loop
      vertex -9.57944 0.62787 2.6
      vertex -10.7942 0.353366 1.6
      vertex -9.59486 0.314103 2.6
    endloop
  endfacet
  facet normal -0.42995 0.474387 0.76818
    outer loop
      vertex -7.12093 8.11987 1.6
      vertex -7.3828 7.88253 1.6
      vertex -6.56249 7.00669 2.6
    endloop
  endfacet
  facet normal -0.0523547 0.638088 0.768181
    outer loop
      vertex -0.706353 10.7769 1.6
      vertex -1.05858 10.748 1.6
      vertex -0.940964 9.55377 2.6
    endloop
  endfacet
  facet normal 0.549148 -0.329148 0.768178
    outer loop
      vertex 9.35307 -5.4 1.6
      vertex 8.15234 -5.06945 2.6
      vertex 9.17138 -5.70313 1.6
    endloop
  endfacet
  facet normal -0.273747 0.578762 0.768178
    outer loop
      vertex -4.45724 9.83733 1.6
      vertex -4.77672 9.68622 1.6
      vertex -4.24597 8.60998 2.6
    endloop
  endfacet
  facet normal 0.636036 -0.0731867 0.768181
    outer loop
      vertex 10.748 -1.05858 1.6
      vertex 9.55377 -0.940964 2.6
      vertex 10.7076 -1.40968 1.6
    endloop
  endfacet
  facet normal 0.398012 0.501484 0.76818
    outer loop
      vertex 6.85145 8.34851 1.6
      vertex 5.84411 7.61619 2.6
      vertex 6.09017 7.4209 2.6
    endloop
  endfacet
  facet normal -0.329148 0.549148 0.768178
    outer loop
      vertex -5.4 9.35307 1.6
      vertex -5.70313 9.17138 1.6
      vertex -5.06945 8.15234 2.6
    endloop
  endfacet
  facet normal -0.6258 0.135163 0.768183
    outer loop
      vertex -9.34922 2.17993 2.6
      vertex -10.5925 2.10697 1.6
      vertex -9.41554 1.87287 2.6
    endloop
  endfacet
  facet normal 0.54915 0.329143 0.768179
    outer loop
      vertex 9.35307 5.4 1.6
      vertex 8.15234 5.06945 2.6
      vertex 8.31384 4.8 2.6
    endloop
  endfacet
  facet normal 0.636042 0.0731654 0.768178
    outer loop
      vertex 10.7076 1.40968 1.6
      vertex 9.51787 1.25305 2.6
      vertex 9.55377 0.940964 2.6
    endloop
  endfacet
  facet normal 0.587413 -0.254648 0.76818
    outer loop
      vertex 8.86924 -3.67376 2.6
      vertex 8.74429 -3.96199 2.6
      vertex 9.9779 -4.13298 1.6
    endloop
  endfacet
  facet normal 0.114617 0.629887 0.768183
    outer loop
      vertex 2.10697 10.5925 1.6
      vertex 1.5638 9.47178 2.6
      vertex 1.87287 9.41554 2.6
    endloop
  endfacet
  facet normal -0.0314265 -0.639469 0.768174
    outer loop
      vertex -0.314103 -9.59486 2.6
      vertex -0.62787 -9.57944 2.6
      vertex -0.353366 -10.7942 1.6
    endloop
  endfacet
  facet normal -0.6258 -0.135163 0.768183
    outer loop
      vertex -9.41554 -1.87287 2.6
      vertex -10.5925 -2.10697 1.6
      vertex -9.34922 -2.17993 2.6
    endloop
  endfacet
  facet normal 0.0105071 0.640149 0.768179
    outer loop
      vertex 0 10.8 1.6
      vertex 0 9.6 2.6
      vertex 0.353366 10.7942 1.6
    endloop
  endfacet
  facet normal 0.19599 -0.609488 0.768188
    outer loop
      vertex 3.47155 -10.2268 1.6
      vertex 2.78673 -9.18663 2.6
      vertex 3.13507 -10.335 1.6
    endloop
  endfacet
  facet normal 0.602823 -0.21569 0.768168
    outer loop
      vertex 9.09053 -3.08582 2.6
      vertex 8.9847 -3.3816 2.6
      vertex 10.2268 -3.47155 1.6
    endloop
  endfacet
  facet normal 0.538085 0.346937 0.768179
    outer loop
      vertex 8.97987 6.00016 1.6
      vertex 7.98211 5.33347 2.6
      vertex 8.15234 5.06945 2.6
    endloop
  endfacet
  facet normal 0.488194 -0.414208 0.768179
    outer loop
      vertex 8.34851 -6.85145 1.6
      vertex 7.21766 -6.32972 2.6
      vertex 8.11987 -7.12093 1.6
    endloop
  endfacet
  facet normal -0.63331 0.0940209 0.768166
    outer loop
      vertex -10.6557 1.75927 1.6
      vertex -10.7076 1.40968 1.6
      vertex -9.47178 1.5638 2.6
    endloop
  endfacet
  facet normal 0.602841 0.215592 0.768181
    outer loop
      vertex 10.1078 3.8043 1.6
      vertex 8.9847 3.3816 2.6
      vertex 10.2268 3.47155 1.6
    endloop
  endfacet
  facet normal 0.578766 0.273731 0.76818
    outer loop
      vertex 9.83733 4.45724 1.6
      vertex 8.60998 4.24597 2.6
      vertex 8.74429 3.96199 2.6
    endloop
  endfacet
  facet normal -0.514245 -0.381381 0.76818
    outer loop
      vertex -7.61619 -5.84411 2.6
      vertex -8.77874 -6.29076 1.6
      vertex -8.56822 -6.57462 1.6
    endloop
  endfacet
  facet normal -0.0731867 0.636036 0.768181
    outer loop
      vertex -1.05858 10.748 1.6
      vertex -1.40968 10.7076 1.6
      vertex -0.940964 9.55377 2.6
    endloop
  endfacet
  facet normal 0.501485 0.398011 0.76818
    outer loop
      vertex 8.34851 6.85145 1.6
      vertex 7.61619 5.84411 2.6
      vertex 8.56822 6.57462 1.6
    endloop
  endfacet
  facet normal 0.429955 -0.474384 0.768179
    outer loop
      vertex 6.56249 -7.00669 2.6
      vertex 6.32972 -7.21766 2.6
      vertex 7.12093 -8.11987 1.6
    endloop
  endfacet
  facet normal 0.578762 0.273747 0.768178
    outer loop
      vertex 9.68622 4.77672 1.6
      vertex 8.60998 4.24597 2.6
      vertex 9.83733 4.45724 1.6
    endloop
  endfacet
  facet normal -0.0523154 -0.638085 0.768187
    outer loop
      vertex -0.62787 -9.57944 2.6
      vertex -0.940964 -9.55377 2.6
      vertex -0.706353 -10.7769 1.6
    endloop
  endfacet
  facet normal 0.587412 -0.254649 0.76818
    outer loop
      vertex 9.9779 -4.13298 1.6
      vertex 8.74429 -3.96199 2.6
      vertex 9.83733 -4.45724 1.6
    endloop
  endfacet
  facet normal -0.460052 0.445255 0.76818
    outer loop
      vertex -6.78822 6.78822 2.6
      vertex -7.63675 7.63675 1.6
      vertex -7.00669 6.56249 2.6
    endloop
  endfacet
  facet normal -0.460054 0.445253 0.768179
    outer loop
      vertex -7.63675 7.63675 1.6
      vertex -7.88253 7.3828 1.6
      vertex -7.00669 6.56249 2.6
    endloop
  endfacet
  facet normal 0.595423 0.235308 0.76818
    outer loop
      vertex 9.9779 4.13298 1.6
      vertex 8.86924 3.67376 2.6
      vertex 8.9847 3.3816 2.6
    endloop
  endfacet
  facet normal -0.602823 0.21569 0.768168
    outer loop
      vertex -8.9847 3.3816 2.6
      vertex -10.2268 3.47155 1.6
      vertex -9.09053 3.08582 2.6
    endloop
  endfacet
  facet normal -0.640149 -0.0105071 0.768179
    outer loop
      vertex -9.6 0 2.6
      vertex -10.8 0 1.6
      vertex -10.7942 -0.353366 1.6
    endloop
  endfacet
  facet normal -0.549148 -0.329148 0.768178
    outer loop
      vertex -8.15234 -5.06945 2.6
      vertex -9.35307 -5.4 1.6
      vertex -9.17138 -5.70313 1.6
    endloop
  endfacet
  facet normal 0.639459 0.0313401 0.768186
    outer loop
      vertex 10.7769 0.706353 1.6
      vertex 9.57944 0.62787 2.6
      vertex 10.7942 0.353366 1.6
    endloop
  endfacet
  facet normal -0.559621 0.311005 0.768179
    outer loop
      vertex -9.35307 5.4 1.6
      vertex -9.52475 5.09108 1.6
      vertex -8.46644 4.52541 2.6
    endloop
  endfacet
  facet normal -0.21569 -0.602823 0.768168
    outer loop
      vertex -3.3816 -8.9847 2.6
      vertex -3.47155 -10.2268 1.6
      vertex -3.08582 -9.09053 2.6
    endloop
  endfacet
  facet normal 0.621036 0.155608 0.76818
    outer loop
      vertex 10.432 2.79525 1.6
      vertex 9.27289 2.48466 2.6
      vertex 10.5179 2.45242 1.6
    endloop
  endfacet
  facet normal 0.549148 0.329148 0.768178
    outer loop
      vertex 9.17138 5.70313 1.6
      vertex 8.15234 5.06945 2.6
      vertex 9.35307 5.4 1.6
    endloop
  endfacet
  facet normal 0.329148 0.549148 0.768178
    outer loop
      vertex 5.4 9.35307 1.6
      vertex 5.06945 8.15234 2.6
      vertex 5.70313 9.17138 1.6
    endloop
  endfacet
  facet normal 0.559621 0.311005 0.768179
    outer loop
      vertex 9.35307 5.4 1.6
      vertex 8.46644 4.52541 2.6
      vertex 9.52475 5.09108 1.6
    endloop
  endfacet
  facet normal -0.640155 -0.0104755 0.768175
    outer loop
      vertex -9.6 0 2.6
      vertex -10.7942 -0.353366 1.6
      vertex -9.59486 -0.314103 2.6
    endloop
  endfacet
  facet normal -0.21569 0.602823 0.768168
    outer loop
      vertex -3.08582 9.09053 2.6
      vertex -3.47155 10.2268 1.6
      vertex -3.3816 8.9847 2.6
    endloop
  endfacet
  facet normal 0.311004 -0.559623 0.768179
    outer loop
      vertex 4.8 -8.31384 2.6
      vertex 4.52541 -8.46644 2.6
      vertex 5.4 -9.35307 1.6
    endloop
  endfacet
  facet normal -0.587413 -0.254648 0.76818
    outer loop
      vertex -8.86924 -3.67376 2.6
      vertex -9.9779 -4.13298 1.6
      vertex -8.74429 -3.96199 2.6
    endloop
  endfacet
  facet normal -0.292522 -0.569501 0.768179
    outer loop
      vertex -4.52541 -8.46644 2.6
      vertex -5.09108 -9.52475 1.6
      vertex -4.77672 -9.68622 1.6
    endloop
  endfacet
  facet normal 0.460054 0.445253 0.768179
    outer loop
      vertex 7.63675 7.63675 1.6
      vertex 7.00669 6.56249 2.6
      vertex 7.88253 7.3828 1.6
    endloop
  endfacet
  facet normal 0.175733 0.615644 0.76818
    outer loop
      vertex 2.79525 10.432 1.6
      vertex 2.48466 9.27289 2.6
      vertex 3.13507 10.335 1.6
    endloop
  endfacet
  facet normal 0.135163 -0.6258 0.768183
    outer loop
      vertex 2.17993 -9.34922 2.6
      vertex 1.87287 -9.41554 2.6
      vertex 2.10697 -10.5925 1.6
    endloop
  endfacet
  facet normal 0.311005 0.559621 0.768179
    outer loop
      vertex 5.09108 9.52475 1.6
      vertex 4.52541 8.46644 2.6
      vertex 5.4 9.35307 1.6
    endloop
  endfacet
  facet normal -0.311004 0.559623 0.768179
    outer loop
      vertex -4.52541 8.46644 2.6
      vertex -5.4 9.35307 1.6
      vertex -4.8 8.31384 2.6
    endloop
  endfacet
  facet normal -0.569497 0.292534 0.768178
    outer loop
      vertex -8.46644 4.52541 2.6
      vertex -9.68622 4.77672 1.6
      vertex -8.60998 4.24597 2.6
    endloop
  endfacet
  facet normal 0.292534 0.569497 0.768178
    outer loop
      vertex 4.77672 9.68622 1.6
      vertex 4.24597 8.60998 2.6
      vertex 4.52541 8.46644 2.6
    endloop
  endfacet
  facet normal -0.514245 0.381381 0.76818
    outer loop
      vertex -8.56822 6.57462 1.6
      vertex -8.77874 6.29076 1.6
      vertex -7.61619 5.84411 2.6
    endloop
  endfacet
  facet normal -0.488194 0.414208 0.768179
    outer loop
      vertex -8.11987 7.12093 1.6
      vertex -8.34851 6.85145 1.6
      vertex -7.21766 6.32972 2.6
    endloop
  endfacet
  facet normal -0.364361 -0.526442 0.768179
    outer loop
      vertex -5.33347 -7.98211 2.6
      vertex -6.29076 -8.77874 1.6
      vertex -6.00016 -8.97987 1.6
    endloop
  endfacet
  facet normal -0.0939314 0.633308 0.768178
    outer loop
      vertex -1.40968 10.7076 1.6
      vertex -1.5638 9.47178 2.6
      vertex -1.25305 9.51787 2.6
    endloop
  endfacet
  facet normal 0.587412 0.254649 0.76818
    outer loop
      vertex 9.83733 4.45724 1.6
      vertex 8.74429 3.96199 2.6
      vertex 9.9779 4.13298 1.6
    endloop
  endfacet
  facet normal -0.638085 -0.0523154 0.768187
    outer loop
      vertex -9.57944 -0.62787 2.6
      vertex -10.7769 -0.706353 1.6
      vertex -9.55377 -0.940964 2.6
    endloop
  endfacet
  facet normal -0.0313401 0.639459 0.768186
    outer loop
      vertex -0.353366 10.7942 1.6
      vertex -0.706353 10.7769 1.6
      vertex -0.62787 9.57944 2.6
    endloop
  endfacet
  facet normal -0.501485 -0.398011 0.76818
    outer loop
      vertex -7.61619 -5.84411 2.6
      vertex -8.56822 -6.57462 1.6
      vertex -8.34851 -6.85145 1.6
    endloop
  endfacet
  facet normal -0.346937 -0.538085 0.768179
    outer loop
      vertex -5.33347 -7.98211 2.6
      vertex -6.00016 -8.97987 1.6
      vertex -5.06945 -8.15234 2.6
    endloop
  endfacet
  facet normal 0.429955 0.474384 0.768179
    outer loop
      vertex 7.12093 8.11987 1.6
      vertex 6.32972 7.21766 2.6
      vertex 6.56249 7.00669 2.6
    endloop
  endfacet
  facet normal 0.175797 0.615614 0.768189
    outer loop
      vertex 3.13507 10.335 1.6
      vertex 2.48466 9.27289 2.6
      vertex 2.78673 9.18663 2.6
    endloop
  endfacet
  facet normal -0.0940209 -0.63331 0.768166
    outer loop
      vertex -1.5638 -9.47178 2.6
      vertex -1.75927 -10.6557 1.6
      vertex -1.40968 -10.7076 1.6
    endloop
  endfacet
  facet normal 0.445253 -0.460054 0.768179
    outer loop
      vertex 7.63675 -7.63675 1.6
      vertex 6.56249 -7.00669 2.6
      vertex 7.3828 -7.88253 1.6
    endloop
  endfacet
  facet normal 0.414208 -0.488194 0.768179
    outer loop
      vertex 7.12093 -8.11987 1.6
      vertex 6.32972 -7.21766 2.6
      vertex 6.85145 -8.34851 1.6
    endloop
  endfacet
  facet normal -0.381381 -0.514245 0.76818
    outer loop
      vertex -5.84411 -7.61619 2.6
      vertex -6.57462 -8.56822 1.6
      vertex -6.29076 -8.77874 1.6
    endloop
  endfacet
  facet normal -0.0731654 0.636042 0.768178
    outer loop
      vertex -0.940964 9.55377 2.6
      vertex -1.40968 10.7076 1.6
      vertex -1.25305 9.51787 2.6
    endloop
  endfacet
  facet normal -0.1145 0.629929 0.768166
    outer loop
      vertex -1.75927 10.6557 1.6
      vertex -2.10697 10.5925 1.6
      vertex -1.5638 9.47178 2.6
    endloop
  endfacet
  facet normal 0.235308 -0.595423 0.76818
    outer loop
      vertex 3.67376 -8.86924 2.6
      vertex 3.3816 -8.9847 2.6
      vertex 4.13298 -9.9779 1.6
    endloop
  endfacet
  facet normal 0.175733 -0.615644 0.76818
    outer loop
      vertex 3.13507 -10.335 1.6
      vertex 2.48466 -9.27289 2.6
      vertex 2.79525 -10.432 1.6
    endloop
  endfacet
  facet normal -0.346933 -0.538089 0.768178
    outer loop
      vertex -5.06945 -8.15234 2.6
      vertex -6.00016 -8.97987 1.6
      vertex -5.70313 -9.17138 1.6
    endloop
  endfacet
  facet normal -0.0523154 0.638085 0.768187
    outer loop
      vertex -0.706353 10.7769 1.6
      vertex -0.940964 9.55377 2.6
      vertex -0.62787 9.57944 2.6
    endloop
  endfacet
  facet normal 0.0104755 0.640155 0.768175
    outer loop
      vertex 0.353366 10.7942 1.6
      vertex 0 9.6 2.6
      vertex 0.314103 9.59486 2.6
    endloop
  endfacet
  facet normal -0.254648 -0.587413 0.76818
    outer loop
      vertex -3.96199 -8.74429 2.6
      vertex -4.13298 -9.9779 1.6
      vertex -3.67376 -8.86924 2.6
    endloop
  endfacet
  facet normal 0.381381 0.514245 0.76818
    outer loop
      vertex 6.29076 8.77874 1.6
      vertex 5.84411 7.61619 2.6
      vertex 6.57462 8.56822 1.6
    endloop
  endfacet
  facet normal -0.0105071 0.640149 0.768179
    outer loop
      vertex 0 10.8 1.6
      vertex -0.353366 10.7942 1.6
      vertex 0 9.6 2.6
    endloop
  endfacet
  facet normal -0.640155 0.0104755 0.768175
    outer loop
      vertex -9.59486 0.314103 2.6
      vertex -10.7942 0.353366 1.6
      vertex -9.6 0 2.6
    endloop
  endfacet
  facet normal -0.602841 0.215592 0.768181
    outer loop
      vertex -10.1078 3.8043 1.6
      vertex -10.2268 3.47155 1.6
      vertex -8.9847 3.3816 2.6
    endloop
  endfacet
  facet normal -0.638085 0.0523154 0.768187
    outer loop
      vertex -9.55377 0.940964 2.6
      vertex -10.7769 0.706353 1.6
      vertex -9.57944 0.62787 2.6
    endloop
  endfacet
  facet normal 0.559621 -0.311005 0.768179
    outer loop
      vertex 9.52475 -5.09108 1.6
      vertex 8.46644 -4.52541 2.6
      vertex 9.35307 -5.4 1.6
    endloop
  endfacet
  facet normal -0.398011 0.501485 0.76818
    outer loop
      vertex -6.57462 8.56822 1.6
      vertex -6.85145 8.34851 1.6
      vertex -5.84411 7.61619 2.6
    endloop
  endfacet
  facet normal -0.429955 0.474384 0.768179
    outer loop
      vertex -6.32972 7.21766 2.6
      vertex -7.12093 8.11987 1.6
      vertex -6.56249 7.00669 2.6
    endloop
  endfacet
  facet normal -0.273731 0.578766 0.76818
    outer loop
      vertex -3.96199 8.74429 2.6
      vertex -4.45724 9.83733 1.6
      vertex -4.24597 8.60998 2.6
    endloop
  endfacet
  facet normal -0.364351 0.526452 0.768177
    outer loop
      vertex -5.33347 7.98211 2.6
      vertex -6.29076 8.77874 1.6
      vertex -5.59179 7.80333 2.6
    endloop
  endfacet
  facet normal -0.114617 -0.629887 0.768183
    outer loop
      vertex -1.87287 -9.41554 2.6
      vertex -2.10697 -10.5925 1.6
      vertex -1.5638 -9.47178 2.6
    endloop
  endfacet
  facet normal 0.0731867 -0.636036 0.768181
    outer loop
      vertex 1.40968 -10.7076 1.6
      vertex 0.940964 -9.55377 2.6
      vertex 1.05858 -10.748 1.6
    endloop
  endfacet
  facet normal 0.488199 0.4142 0.76818
    outer loop
      vertex 8.34851 6.85145 1.6
      vertex 7.21766 6.32972 2.6
      vertex 7.4209 6.09017 2.6
    endloop
  endfacet
  facet normal -0.175733 0.615644 0.76818
    outer loop
      vertex -2.79525 10.432 1.6
      vertex -3.13507 10.335 1.6
      vertex -2.48466 9.27289 2.6
    endloop
  endfacet
  facet normal 0.636042 -0.0731654 0.768178
    outer loop
      vertex 9.55377 -0.940964 2.6
      vertex 9.51787 -1.25305 2.6
      vertex 10.7076 -1.40968 1.6
    endloop
  endfacet
  facet normal 0.474384 -0.429955 0.768179
    outer loop
      vertex 7.21766 -6.32972 2.6
      vertex 7.00669 -6.56249 2.6
      vertex 8.11987 -7.12093 1.6
    endloop
  endfacet
  facet normal 0.195855 0.609556 0.768168
    outer loop
      vertex 3.47155 10.2268 1.6
      vertex 2.78673 9.18663 2.6
      vertex 3.08582 9.09053 2.6
    endloop
  endfacet
  facet normal 0.526442 -0.364361 0.768179
    outer loop
      vertex 8.97987 -6.00016 1.6
      vertex 7.98211 -5.33347 2.6
      vertex 8.77874 -6.29076 1.6
    endloop
  endfacet
  facet normal -0.445253 0.460054 0.768179
    outer loop
      vertex -7.3828 7.88253 1.6
      vertex -7.63675 7.63675 1.6
      vertex -6.56249 7.00669 2.6
    endloop
  endfacet
  facet normal -0.381398 -0.514237 0.768177
    outer loop
      vertex -5.84411 -7.61619 2.6
      vertex -6.29076 -8.77874 1.6
      vertex -5.59179 -7.80333 2.6
    endloop
  endfacet
  facet normal -0.4142 -0.488199 0.76818
    outer loop
      vertex -6.32972 -7.21766 2.6
      vertex -6.85145 -8.34851 1.6
      vertex -6.09017 -7.4209 2.6
    endloop
  endfacet
  facet normal -0.346933 0.538089 0.768178
    outer loop
      vertex -5.70313 9.17138 1.6
      vertex -6.00016 8.97987 1.6
      vertex -5.06945 8.15234 2.6
    endloop
  endfacet
  facet normal 0.569497 0.292534 0.768178
    outer loop
      vertex 9.68622 4.77672 1.6
      vertex 8.46644 4.52541 2.6
      vertex 8.60998 4.24597 2.6
    endloop
  endfacet
  facet normal 0.329148 -0.549148 0.768178
    outer loop
      vertex 5.70313 -9.17138 1.6
      vertex 5.06945 -8.15234 2.6
      vertex 5.4 -9.35307 1.6
    endloop
  endfacet
  facet normal -0.595417 -0.235319 0.768182
    outer loop
      vertex -8.9847 -3.3816 2.6
      vertex -10.1078 -3.8043 1.6
      vertex -9.9779 -4.13298 1.6
    endloop
  endfacet
  facet normal -0.474387 -0.42995 0.76818
    outer loop
      vertex -7.00669 -6.56249 2.6
      vertex -8.11987 -7.12093 1.6
      vertex -7.88253 -7.3828 1.6
    endloop
  endfacet
  facet normal -0.501485 0.398011 0.76818
    outer loop
      vertex -8.34851 6.85145 1.6
      vertex -8.56822 6.57462 1.6
      vertex -7.61619 5.84411 2.6
    endloop
  endfacet
  facet normal -0.615644 -0.175733 0.76818
    outer loop
      vertex -9.27289 -2.48466 2.6
      vertex -10.432 -2.79525 1.6
      vertex -10.335 -3.13507 1.6
    endloop
  endfacet
  facet normal 0.155608 -0.621036 0.76818
    outer loop
      vertex 2.48466 -9.27289 2.6
      vertex 2.45242 -10.5179 1.6
      vertex 2.79525 -10.432 1.6
    endloop
  endfacet
  facet normal -0.364351 -0.526452 0.768177
    outer loop
      vertex -5.59179 -7.80333 2.6
      vertex -6.29076 -8.77874 1.6
      vertex -5.33347 -7.98211 2.6
    endloop
  endfacet
  facet normal 0.235319 -0.595417 0.768182
    outer loop
      vertex 4.13298 -9.9779 1.6
      vertex 3.3816 -8.9847 2.6
      vertex 3.8043 -10.1078 1.6
    endloop
  endfacet
  facet normal 0.609556 0.195855 0.768168
    outer loop
      vertex 10.2268 3.47155 1.6
      vertex 9.09053 3.08582 2.6
      vertex 9.18663 2.78673 2.6
    endloop
  endfacet
  facet normal 0.609488 0.19599 0.768188
    outer loop
      vertex 10.2268 3.47155 1.6
      vertex 9.18663 2.78673 2.6
      vertex 10.335 3.13507 1.6
    endloop
  endfacet
  facet normal 0.273731 -0.578766 0.76818
    outer loop
      vertex 4.24597 -8.60998 2.6
      vertex 3.96199 -8.74429 2.6
      vertex 4.45724 -9.83733 1.6
    endloop
  endfacet
  facet normal 0.254649 0.587412 0.76818
    outer loop
      vertex 4.13298 9.9779 1.6
      vertex 3.96199 8.74429 2.6
      vertex 4.45724 9.83733 1.6
    endloop
  endfacet
  facet normal 0.0105071 -0.640149 0.768179
    outer loop
      vertex 0 -9.6 2.6
      vertex 0 -10.8 1.6
      vertex 0.353366 -10.7942 1.6
    endloop
  endfacet
  facet normal 0.587413 0.254648 0.76818
    outer loop
      vertex 9.9779 4.13298 1.6
      vertex 8.74429 3.96199 2.6
      vertex 8.86924 3.67376 2.6
    endloop
  endfacet
  facet normal 0.615614 0.175797 0.768189
    outer loop
      vertex 10.335 3.13507 1.6
      vertex 9.18663 2.78673 2.6
      vertex 9.27289 2.48466 2.6
    endloop
  endfacet
  facet normal 0.54915 -0.329143 0.768179
    outer loop
      vertex 8.31384 -4.8 2.6
      vertex 8.15234 -5.06945 2.6
      vertex 9.35307 -5.4 1.6
    endloop
  endfacet
  facet normal 0.615644 0.175733 0.76818
    outer loop
      vertex 10.335 3.13507 1.6
      vertex 9.27289 2.48466 2.6
      vertex 10.432 2.79525 1.6
    endloop
  endfacet
  facet normal -0.538089 -0.346933 0.768178
    outer loop
      vertex -8.15234 -5.06945 2.6
      vertex -9.17138 -5.70313 1.6
      vertex -8.97987 -6.00016 1.6
    endloop
  endfacet
  facet normal 0.639459 -0.0313401 0.768186
    outer loop
      vertex 10.7942 -0.353366 1.6
      vertex 9.57944 -0.62787 2.6
      vertex 10.7769 -0.706353 1.6
    endloop
  endfacet
  facet normal -0.559623 -0.311004 0.768179
    outer loop
      vertex -8.46644 -4.52541 2.6
      vertex -9.35307 -5.4 1.6
      vertex -8.31384 -4.8 2.6
    endloop
  endfacet
  facet normal -0.0314265 0.639469 0.768174
    outer loop
      vertex -0.353366 10.7942 1.6
      vertex -0.62787 9.57944 2.6
      vertex -0.314103 9.59486 2.6
    endloop
  endfacet
  facet normal -0.0731867 -0.636036 0.768181
    outer loop
      vertex -0.940964 -9.55377 2.6
      vertex -1.40968 -10.7076 1.6
      vertex -1.05858 -10.748 1.6
    endloop
  endfacet
  facet normal -0.215592 0.602841 0.768181
    outer loop
      vertex -3.47155 10.2268 1.6
      vertex -3.8043 10.1078 1.6
      vertex -3.3816 8.9847 2.6
    endloop
  endfacet
  facet normal 0.292534 -0.569497 0.768178
    outer loop
      vertex 4.52541 -8.46644 2.6
      vertex 4.24597 -8.60998 2.6
      vertex 4.77672 -9.68622 1.6
    endloop
  endfacet
  facet normal 0.638088 0.0523547 0.768181
    outer loop
      vertex 10.748 1.05858 1.6
      vertex 9.55377 0.940964 2.6
      vertex 10.7769 0.706353 1.6
    endloop
  endfacet
  facet normal 0.638085 0.0523154 0.768187
    outer loop
      vertex 10.7769 0.706353 1.6
      vertex 9.55377 0.940964 2.6
      vertex 9.57944 0.62787 2.6
    endloop
  endfacet
  facet normal 0.6258 -0.135163 0.768183
    outer loop
      vertex 9.41554 -1.87287 2.6
      vertex 9.34922 -2.17993 2.6
      vertex 10.5925 -2.10697 1.6
    endloop
  endfacet
  facet normal 0.273747 -0.578762 0.768178
    outer loop
      vertex 4.77672 -9.68622 1.6
      vertex 4.24597 -8.60998 2.6
      vertex 4.45724 -9.83733 1.6
    endloop
  endfacet
  facet normal 0.640155 0.0104755 0.768175
    outer loop
      vertex 10.7942 0.353366 1.6
      vertex 9.59486 0.314103 2.6
      vertex 9.6 0 2.6
    endloop
  endfacet
  facet normal -0.19599 0.609488 0.768188
    outer loop
      vertex -3.13507 10.335 1.6
      vertex -3.47155 10.2268 1.6
      vertex -2.78673 9.18663 2.6
    endloop
  endfacet
  facet normal -0.633308 0.0939314 0.768178
    outer loop
      vertex -9.47178 1.5638 2.6
      vertex -10.7076 1.40968 1.6
      vertex -9.51787 1.25305 2.6
    endloop
  endfacet
  facet normal -0.460054 -0.445253 0.768179
    outer loop
      vertex -7.00669 -6.56249 2.6
      vertex -7.88253 -7.3828 1.6
      vertex -7.63675 -7.63675 1.6
    endloop
  endfacet
  facet normal 0.639469 -0.0314265 0.768174
    outer loop
      vertex 9.59486 -0.314103 2.6
      vertex 9.57944 -0.62787 2.6
      vertex 10.7942 -0.353366 1.6
    endloop
  endfacet
  facet normal 0.640155 -0.0104755 0.768175
    outer loop
      vertex 9.6 0 2.6
      vertex 9.59486 -0.314103 2.6
      vertex 10.7942 -0.353366 1.6
    endloop
  endfacet
  facet normal -0.19599 -0.609488 0.768188
    outer loop
      vertex -2.78673 -9.18663 2.6
      vertex -3.47155 -10.2268 1.6
      vertex -3.13507 -10.335 1.6
    endloop
  endfacet
  facet normal -0.629929 -0.1145 0.768166
    outer loop
      vertex -9.47178 -1.5638 2.6
      vertex -10.6557 -1.75927 1.6
      vertex -10.5925 -2.10697 1.6
    endloop
  endfacet
  facet normal 0.346933 -0.538089 0.768178
    outer loop
      vertex 6.00016 -8.97987 1.6
      vertex 5.06945 -8.15234 2.6
      vertex 5.70313 -9.17138 1.6
    endloop
  endfacet
  facet normal -0.135163 -0.6258 0.768183
    outer loop
      vertex -1.87287 -9.41554 2.6
      vertex -2.17993 -9.34922 2.6
      vertex -2.10697 -10.5925 1.6
    endloop
  endfacet
  facet normal 0.460052 -0.445255 0.76818
    outer loop
      vertex 7.00669 -6.56249 2.6
      vertex 6.78822 -6.78822 2.6
      vertex 7.63675 -7.63675 1.6
    endloop
  endfacet
  facet normal 0.615614 -0.175797 0.768189
    outer loop
      vertex 9.27289 -2.48466 2.6
      vertex 9.18663 -2.78673 2.6
      vertex 10.335 -3.13507 1.6
    endloop
  endfacet
  facet normal 0.629887 0.114617 0.768183
    outer loop
      vertex 10.5925 2.10697 1.6
      vertex 9.41554 1.87287 2.6
      vertex 9.47178 1.5638 2.6
    endloop
  endfacet
  facet normal -0.609488 -0.19599 0.768188
    outer loop
      vertex -9.18663 -2.78673 2.6
      vertex -10.335 -3.13507 1.6
      vertex -10.2268 -3.47155 1.6
    endloop
  endfacet
  facet normal -0.254649 0.587412 0.76818
    outer loop
      vertex -4.13298 9.9779 1.6
      vertex -4.45724 9.83733 1.6
      vertex -3.96199 8.74429 2.6
    endloop
  endfacet
  facet normal -0.615614 -0.175797 0.768189
    outer loop
      vertex -9.27289 -2.48466 2.6
      vertex -10.335 -3.13507 1.6
      vertex -9.18663 -2.78673 2.6
    endloop
  endfacet
  facet normal 0.19599 0.609488 0.768188
    outer loop
      vertex 3.13507 10.335 1.6
      vertex 2.78673 9.18663 2.6
      vertex 3.47155 10.2268 1.6
    endloop
  endfacet
  facet normal -0.526442 -0.364361 0.768179
    outer loop
      vertex -7.98211 -5.33347 2.6
      vertex -8.97987 -6.00016 1.6
      vertex -8.77874 -6.29076 1.6
    endloop
  endfacet
  facet normal -0.629929 0.1145 0.768166
    outer loop
      vertex -10.5925 2.10697 1.6
      vertex -10.6557 1.75927 1.6
      vertex -9.47178 1.5638 2.6
    endloop
  endfacet
  facet normal -0.595423 -0.235308 0.76818
    outer loop
      vertex -8.9847 -3.3816 2.6
      vertex -9.9779 -4.13298 1.6
      vertex -8.86924 -3.67376 2.6
    endloop
  endfacet
  facet normal -0.602841 -0.215592 0.768181
    outer loop
      vertex -8.9847 -3.3816 2.6
      vertex -10.2268 -3.47155 1.6
      vertex -10.1078 -3.8043 1.6
    endloop
  endfacet
  facet normal -0.514237 0.381398 0.768177
    outer loop
      vertex -7.61619 5.84411 2.6
      vertex -8.77874 6.29076 1.6
      vertex -7.80333 5.59179 2.6
    endloop
  endfacet
  facet normal 0.1145 0.629929 0.768166
    outer loop
      vertex 1.75927 10.6557 1.6
      vertex 1.5638 9.47178 2.6
      vertex 2.10697 10.5925 1.6
    endloop
  endfacet
  facet normal -0.175733 -0.615644 0.76818
    outer loop
      vertex -2.48466 -9.27289 2.6
      vertex -3.13507 -10.335 1.6
      vertex -2.79525 -10.432 1.6
    endloop
  endfacet
  facet normal -0.54915 -0.329143 0.768179
    outer loop
      vertex -8.31384 -4.8 2.6
      vertex -9.35307 -5.4 1.6
      vertex -8.15234 -5.06945 2.6
    endloop
  endfacet
  facet normal -0.549148 0.329148 0.768178
    outer loop
      vertex -9.17138 5.70313 1.6
      vertex -9.35307 5.4 1.6
      vertex -8.15234 5.06945 2.6
    endloop
  endfacet
  facet normal -0.488199 0.4142 0.76818
    outer loop
      vertex -7.21766 6.32972 2.6
      vertex -8.34851 6.85145 1.6
      vertex -7.4209 6.09017 2.6
    endloop
  endfacet
  facet normal -0.501484 0.398012 0.76818
    outer loop
      vertex -7.4209 6.09017 2.6
      vertex -8.34851 6.85145 1.6
      vertex -7.61619 5.84411 2.6
    endloop
  endfacet
  facet normal 0.615644 -0.175733 0.76818
    outer loop
      vertex 10.432 -2.79525 1.6
      vertex 9.27289 -2.48466 2.6
      vertex 10.335 -3.13507 1.6
    endloop
  endfacet
  facet normal 0.559623 0.311004 0.768179
    outer loop
      vertex 9.35307 5.4 1.6
      vertex 8.31384 4.8 2.6
      vertex 8.46644 4.52541 2.6
    endloop
  endfacet
  facet normal 0.621036 -0.155608 0.76818
    outer loop
      vertex 10.5179 -2.45242 1.6
      vertex 9.27289 -2.48466 2.6
      vertex 10.432 -2.79525 1.6
    endloop
  endfacet
  facet normal 0.629929 -0.1145 0.768166
    outer loop
      vertex 10.6557 -1.75927 1.6
      vertex 9.47178 -1.5638 2.6
      vertex 10.5925 -2.10697 1.6
    endloop
  endfacet
  facet normal -0.595423 0.235308 0.76818
    outer loop
      vertex -8.86924 3.67376 2.6
      vertex -9.9779 4.13298 1.6
      vertex -8.9847 3.3816 2.6
    endloop
  endfacet
  facet normal -0.578762 -0.273747 0.768178
    outer loop
      vertex -8.60998 -4.24597 2.6
      vertex -9.83733 -4.45724 1.6
      vertex -9.68622 -4.77672 1.6
    endloop
  endfacet
  facet normal 0.538089 -0.346933 0.768178
    outer loop
      vertex 9.17138 -5.70313 1.6
      vertex 8.15234 -5.06945 2.6
      vertex 8.97987 -6.00016 1.6
    endloop
  endfacet
  facet normal 0.329143 0.54915 0.768179
    outer loop
      vertex 5.4 9.35307 1.6
      vertex 4.8 8.31384 2.6
      vertex 5.06945 8.15234 2.6
    endloop
  endfacet
  facet normal 0.21569 0.602823 0.768168
    outer loop
      vertex 3.47155 10.2268 1.6
      vertex 3.08582 9.09053 2.6
      vertex 3.3816 8.9847 2.6
    endloop
  endfacet
  facet normal -0.155608 0.621036 0.76818
    outer loop
      vertex -2.45242 10.5179 1.6
      vertex -2.79525 10.432 1.6
      vertex -2.48466 9.27289 2.6
    endloop
  endfacet
  facet normal -0.569501 -0.292522 0.768179
    outer loop
      vertex -8.46644 -4.52541 2.6
      vertex -9.68622 -4.77672 1.6
      vertex -9.52475 -5.09108 1.6
    endloop
  endfacet
  facet normal -0.636036 -0.0731867 0.768181
    outer loop
      vertex -9.55377 -0.940964 2.6
      vertex -10.748 -1.05858 1.6
      vertex -10.7076 -1.40968 1.6
    endloop
  endfacet
  facet normal -0.629887 -0.114617 0.768183
    outer loop
      vertex -9.47178 -1.5638 2.6
      vertex -10.5925 -2.10697 1.6
      vertex -9.41554 -1.87287 2.6
    endloop
  endfacet
  facet normal -0.0523547 -0.638088 0.768181
    outer loop
      vertex -0.940964 -9.55377 2.6
      vertex -1.05858 -10.748 1.6
      vertex -0.706353 -10.7769 1.6
    endloop
  endfacet
  facet normal 0.445255 -0.460052 0.76818
    outer loop
      vertex 6.78822 -6.78822 2.6
      vertex 6.56249 -7.00669 2.6
      vertex 7.63675 -7.63675 1.6
    endloop
  endfacet
  facet normal -0.235308 0.595423 0.76818
    outer loop
      vertex -3.3816 8.9847 2.6
      vertex -4.13298 9.9779 1.6
      vertex -3.67376 8.86924 2.6
    endloop
  endfacet
  facet normal -0.638088 -0.0523547 0.768181
    outer loop
      vertex -9.55377 -0.940964 2.6
      vertex -10.7769 -0.706353 1.6
      vertex -10.748 -1.05858 1.6
    endloop
  endfacet
  facet normal -0.602823 -0.21569 0.768168
    outer loop
      vertex -9.09053 -3.08582 2.6
      vertex -10.2268 -3.47155 1.6
      vertex -8.9847 -3.3816 2.6
    endloop
  endfacet
  facet normal 0.602823 0.21569 0.768168
    outer loop
      vertex 10.2268 3.47155 1.6
      vertex 8.9847 3.3816 2.6
      vertex 9.09053 3.08582 2.6
    endloop
  endfacet
  facet normal 0.292522 0.569501 0.768179
    outer loop
      vertex 4.77672 9.68622 1.6
      vertex 4.52541 8.46644 2.6
      vertex 5.09108 9.52475 1.6
    endloop
  endfacet
  facet normal -0.445253 -0.460054 0.768179
    outer loop
      vertex -6.56249 -7.00669 2.6
      vertex -7.63675 -7.63675 1.6
      vertex -7.3828 -7.88253 1.6
    endloop
  endfacet
  facet normal -0.0104755 0.640155 0.768175
    outer loop
      vertex 0 9.6 2.6
      vertex -0.353366 10.7942 1.6
      vertex -0.314103 9.59486 2.6
    endloop
  endfacet
  facet normal 0.346937 0.538085 0.768179
    outer loop
      vertex 6.00016 8.97987 1.6
      vertex 5.06945 8.15234 2.6
      vertex 5.33347 7.98211 2.6
    endloop
  endfacet
  facet normal 0.445253 0.460054 0.768179
    outer loop
      vertex 7.3828 7.88253 1.6
      vertex 6.56249 7.00669 2.6
      vertex 7.63675 7.63675 1.6
    endloop
  endfacet
  facet normal -0.292534 0.569497 0.768178
    outer loop
      vertex -4.24597 8.60998 2.6
      vertex -4.77672 9.68622 1.6
      vertex -4.52541 8.46644 2.6
    endloop
  endfacet
  facet normal 0.292522 -0.569501 0.768179
    outer loop
      vertex 5.09108 -9.52475 1.6
      vertex 4.52541 -8.46644 2.6
      vertex 4.77672 -9.68622 1.6
    endloop
  endfacet
  facet normal 0.460054 -0.445253 0.768179
    outer loop
      vertex 7.88253 -7.3828 1.6
      vertex 7.00669 -6.56249 2.6
      vertex 7.63675 -7.63675 1.6
    endloop
  endfacet
  facet normal 0.538085 -0.346937 0.768179
    outer loop
      vertex 8.15234 -5.06945 2.6
      vertex 7.98211 -5.33347 2.6
      vertex 8.97987 -6.00016 1.6
    endloop
  endfacet
  facet normal 0.155561 0.62104 0.768186
    outer loop
      vertex 2.45242 10.5179 1.6
      vertex 2.17993 9.34922 2.6
      vertex 2.48466 9.27289 2.6
    endloop
  endfacet
  facet normal 0.625801 -0.135142 0.768186
    outer loop
      vertex 10.5925 -2.10697 1.6
      vertex 9.34922 -2.17993 2.6
      vertex 10.5179 -2.45242 1.6
    endloop
  endfacet
  facet normal -0.587413 0.254648 0.76818
    outer loop
      vertex -8.74429 3.96199 2.6
      vertex -9.9779 4.13298 1.6
      vertex -8.86924 3.67376 2.6
    endloop
  endfacet
  facet normal -0.615644 0.175733 0.76818
    outer loop
      vertex -10.335 3.13507 1.6
      vertex -10.432 2.79525 1.6
      vertex -9.27289 2.48466 2.6
    endloop
  endfacet
  facet normal 0.474387 -0.42995 0.76818
    outer loop
      vertex 8.11987 -7.12093 1.6
      vertex 7.00669 -6.56249 2.6
      vertex 7.88253 -7.3828 1.6
    endloop
  endfacet
  facet normal 0.414208 0.488194 0.768179
    outer loop
      vertex 6.85145 8.34851 1.6
      vertex 6.32972 7.21766 2.6
      vertex 7.12093 8.11987 1.6
    endloop
  endfacet
  facet normal -0.639469 -0.0314265 0.768174
    outer loop
      vertex -9.59486 -0.314103 2.6
      vertex -10.7942 -0.353366 1.6
      vertex -9.57944 -0.62787 2.6
    endloop
  endfacet
  facet normal 0.155608 0.621036 0.76818
    outer loop
      vertex 2.79525 10.432 1.6
      vertex 2.45242 10.5179 1.6
      vertex 2.48466 9.27289 2.6
    endloop
  endfacet
  facet normal 0.501485 -0.398011 0.76818
    outer loop
      vertex 8.56822 -6.57462 1.6
      vertex 7.61619 -5.84411 2.6
      vertex 8.34851 -6.85145 1.6
    endloop
  endfacet
  facet normal -0.155561 0.62104 0.768186
    outer loop
      vertex -2.45242 10.5179 1.6
      vertex -2.48466 9.27289 2.6
      vertex -2.17993 9.34922 2.6
    endloop
  endfacet
  facet normal -0.578762 0.273747 0.768178
    outer loop
      vertex -9.68622 4.77672 1.6
      vertex -9.83733 4.45724 1.6
      vertex -8.60998 4.24597 2.6
    endloop
  endfacet
  facet normal -0.311005 -0.559621 0.768179
    outer loop
      vertex -4.52541 -8.46644 2.6
      vertex -5.4 -9.35307 1.6
      vertex -5.09108 -9.52475 1.6
    endloop
  endfacet
  facet normal -0.114617 0.629887 0.768183
    outer loop
      vertex -1.5638 9.47178 2.6
      vertex -2.10697 10.5925 1.6
      vertex -1.87287 9.41554 2.6
    endloop
  endfacet
  facet normal -0.311004 -0.559623 0.768179
    outer loop
      vertex -4.8 -8.31384 2.6
      vertex -5.4 -9.35307 1.6
      vertex -4.52541 -8.46644 2.6
    endloop
  endfacet
  facet normal 0.578762 -0.273747 0.768178
    outer loop
      vertex 9.83733 -4.45724 1.6
      vertex 8.60998 -4.24597 2.6
      vertex 9.68622 -4.77672 1.6
    endloop
  endfacet
  facet normal -0.629887 0.114617 0.768183
    outer loop
      vertex -9.41554 1.87287 2.6
      vertex -10.5925 2.10697 1.6
      vertex -9.47178 1.5638 2.6
    endloop
  endfacet
  facet normal 0.569501 -0.292522 0.768179
    outer loop
      vertex 9.68622 -4.77672 1.6
      vertex 8.46644 -4.52541 2.6
      vertex 9.52475 -5.09108 1.6
    endloop
  endfacet
  facet normal 0.526452 -0.364351 0.768177
    outer loop
      vertex 7.98211 -5.33347 2.6
      vertex 7.80333 -5.59179 2.6
      vertex 8.77874 -6.29076 1.6
    endloop
  endfacet
  facet normal -0.1145 -0.629929 0.768166
    outer loop
      vertex -1.5638 -9.47178 2.6
      vertex -2.10697 -10.5925 1.6
      vertex -1.75927 -10.6557 1.6
    endloop
  endfacet
  facet normal -0.0105071 -0.640149 0.768179
    outer loop
      vertex 0 -9.6 2.6
      vertex -0.353366 -10.7942 1.6
      vertex 0 -10.8 1.6
    endloop
  endfacet
  facet normal -0.460052 -0.445255 0.76818
    outer loop
      vertex -7.00669 -6.56249 2.6
      vertex -7.63675 -7.63675 1.6
      vertex -6.78822 -6.78822 2.6
    endloop
  endfacet
  facet normal 0.0104755 -0.640155 0.768175
    outer loop
      vertex 0.314103 -9.59486 2.6
      vertex 0 -9.6 2.6
      vertex 0.353366 -10.7942 1.6
    endloop
  endfacet
  facet normal 0.4142 0.488199 0.76818
    outer loop
      vertex 6.85145 8.34851 1.6
      vertex 6.09017 7.4209 2.6
      vertex 6.32972 7.21766 2.6
    endloop
  endfacet
  facet normal -0.155561 -0.62104 0.768186
    outer loop
      vertex -2.17993 -9.34922 2.6
      vertex -2.48466 -9.27289 2.6
      vertex -2.45242 -10.5179 1.6
    endloop
  endfacet
  facet normal -0.429955 -0.474384 0.768179
    outer loop
      vertex -6.56249 -7.00669 2.6
      vertex -7.12093 -8.11987 1.6
      vertex -6.32972 -7.21766 2.6
    endloop
  endfacet
  facet normal -0.569501 0.292522 0.768179
    outer loop
      vertex -9.52475 5.09108 1.6
      vertex -9.68622 4.77672 1.6
      vertex -8.46644 4.52541 2.6
    endloop
  endfacet
  facet normal 0.0731654 0.636042 0.768178
    outer loop
      vertex 1.40968 10.7076 1.6
      vertex 0.940964 9.55377 2.6
      vertex 1.25305 9.51787 2.6
    endloop
  endfacet
  facet normal -0.569497 -0.292534 0.768178
    outer loop
      vertex -8.60998 -4.24597 2.6
      vertex -9.68622 -4.77672 1.6
      vertex -8.46644 -4.52541 2.6
    endloop
  endfacet
  facet normal 0.63331 0.0940209 0.768166
    outer loop
      vertex 10.6557 1.75927 1.6
      vertex 9.47178 1.5638 2.6
      vertex 10.7076 1.40968 1.6
    endloop
  endfacet
  facet normal 0.398012 -0.501484 0.76818
    outer loop
      vertex 6.09017 -7.4209 2.6
      vertex 5.84411 -7.61619 2.6
      vertex 6.85145 -8.34851 1.6
    endloop
  endfacet
  facet normal 0.578766 -0.273731 0.76818
    outer loop
      vertex 8.74429 -3.96199 2.6
      vertex 8.60998 -4.24597 2.6
      vertex 9.83733 -4.45724 1.6
    endloop
  endfacet
  facet normal 0.62104 -0.155561 0.768186
    outer loop
      vertex 9.34922 -2.17993 2.6
      vertex 9.27289 -2.48466 2.6
      vertex 10.5179 -2.45242 1.6
    endloop
  endfacet
  facet normal -0.54915 0.329143 0.768179
    outer loop
      vertex -8.15234 5.06945 2.6
      vertex -9.35307 5.4 1.6
      vertex -8.31384 4.8 2.6
    endloop
  endfacet
  facet normal -0.578766 0.273731 0.76818
    outer loop
      vertex -8.60998 4.24597 2.6
      vertex -9.83733 4.45724 1.6
      vertex -8.74429 3.96199 2.6
    endloop
  endfacet
  facet normal 0.639469 0.0314265 0.768174
    outer loop
      vertex 10.7942 0.353366 1.6
      vertex 9.57944 0.62787 2.6
      vertex 9.59486 0.314103 2.6
    endloop
  endfacet
  facet normal 0.501484 0.398012 0.76818
    outer loop
      vertex 8.34851 6.85145 1.6
      vertex 7.4209 6.09017 2.6
      vertex 7.61619 5.84411 2.6
    endloop
  endfacet
  facet normal -0.254648 0.587413 0.76818
    outer loop
      vertex -3.67376 8.86924 2.6
      vertex -4.13298 9.9779 1.6
      vertex -3.96199 8.74429 2.6
    endloop
  endfacet
  facet normal 0.364351 -0.526452 0.768177
    outer loop
      vertex 5.59179 -7.80333 2.6
      vertex 5.33347 -7.98211 2.6
      vertex 6.29076 -8.77874 1.6
    endloop
  endfacet
  facet normal -0.538085 -0.346937 0.768179
    outer loop
      vertex -8.15234 -5.06945 2.6
      vertex -8.97987 -6.00016 1.6
      vertex -7.98211 -5.33347 2.6
    endloop
  endfacet
  facet normal 0.460052 0.445255 0.76818
    outer loop
      vertex 7.63675 7.63675 1.6
      vertex 6.78822 6.78822 2.6
      vertex 7.00669 6.56249 2.6
    endloop
  endfacet
  facet normal 0.514245 -0.381381 0.76818
    outer loop
      vertex 8.77874 -6.29076 1.6
      vertex 7.61619 -5.84411 2.6
      vertex 8.56822 -6.57462 1.6
    endloop
  endfacet
  facet normal -0.609556 0.195855 0.768168
    outer loop
      vertex -9.09053 3.08582 2.6
      vertex -10.2268 3.47155 1.6
      vertex -9.18663 2.78673 2.6
    endloop
  endfacet
  facet normal 0.0940209 -0.63331 0.768166
    outer loop
      vertex 1.5638 -9.47178 2.6
      vertex 1.40968 -10.7076 1.6
      vertex 1.75927 -10.6557 1.6
    endloop
  endfacet
  facet normal -0.615614 0.175797 0.768189
    outer loop
      vertex -9.18663 2.78673 2.6
      vertex -10.335 3.13507 1.6
      vertex -9.27289 2.48466 2.6
    endloop
  endfacet
  facet normal -0.195855 -0.609556 0.768168
    outer loop
      vertex -3.08582 -9.09053 2.6
      vertex -3.47155 -10.2268 1.6
      vertex -2.78673 -9.18663 2.6
    endloop
  endfacet
  facet normal -0.62104 0.155561 0.768186
    outer loop
      vertex -9.27289 2.48466 2.6
      vertex -10.5179 2.45242 1.6
      vertex -9.34922 2.17993 2.6
    endloop
  endfacet
  facet normal 0.0523547 0.638088 0.768181
    outer loop
      vertex 1.05858 10.748 1.6
      vertex 0.706353 10.7769 1.6
      vertex 0.940964 9.55377 2.6
    endloop
  endfacet
  facet normal -0.62104 -0.155561 0.768186
    outer loop
      vertex -9.34922 -2.17993 2.6
      vertex -10.5179 -2.45242 1.6
      vertex -9.27289 -2.48466 2.6
    endloop
  endfacet
  facet normal -0.195855 0.609556 0.768168
    outer loop
      vertex -2.78673 9.18663 2.6
      vertex -3.47155 10.2268 1.6
      vertex -3.08582 9.09053 2.6
    endloop
  endfacet
  facet normal -0.235319 -0.595417 0.768182
    outer loop
      vertex -3.3816 -8.9847 2.6
      vertex -4.13298 -9.9779 1.6
      vertex -3.8043 -10.1078 1.6
    endloop
  endfacet
  facet normal 0.0939314 -0.633308 0.768178
    outer loop
      vertex 1.5638 -9.47178 2.6
      vertex 1.25305 -9.51787 2.6
      vertex 1.40968 -10.7076 1.6
    endloop
  endfacet
  facet normal 0.364351 0.526452 0.768177
    outer loop
      vertex 6.29076 8.77874 1.6
      vertex 5.33347 7.98211 2.6
      vertex 5.59179 7.80333 2.6
    endloop
  endfacet
  facet normal -0.526452 -0.364351 0.768177
    outer loop
      vertex -7.98211 -5.33347 2.6
      vertex -8.77874 -6.29076 1.6
      vertex -7.80333 -5.59179 2.6
    endloop
  endfacet
  facet normal -0.621036 -0.155608 0.76818
    outer loop
      vertex -9.27289 -2.48466 2.6
      vertex -10.5179 -2.45242 1.6
      vertex -10.432 -2.79525 1.6
    endloop
  endfacet
  facet normal -0.0313401 -0.639459 0.768186
    outer loop
      vertex -0.62787 -9.57944 2.6
      vertex -0.706353 -10.7769 1.6
      vertex -0.353366 -10.7942 1.6
    endloop
  endfacet
  facet normal 0.0523547 -0.638088 0.768181
    outer loop
      vertex 0.940964 -9.55377 2.6
      vertex 0.706353 -10.7769 1.6
      vertex 1.05858 -10.748 1.6
    endloop
  endfacet
  facet normal -0.587412 0.254649 0.76818
    outer loop
      vertex -9.83733 4.45724 1.6
      vertex -9.9779 4.13298 1.6
      vertex -8.74429 3.96199 2.6
    endloop
  endfacet
  facet normal 0.569497 -0.292534 0.768178
    outer loop
      vertex 8.60998 -4.24597 2.6
      vertex 8.46644 -4.52541 2.6
      vertex 9.68622 -4.77672 1.6
    endloop
  endfacet
  facet normal -0.609556 -0.195855 0.768168
    outer loop
      vertex -9.18663 -2.78673 2.6
      vertex -10.2268 -3.47155 1.6
      vertex -9.09053 -3.08582 2.6
    endloop
  endfacet
  facet normal -0.311005 0.559621 0.768179
    outer loop
      vertex -5.09108 9.52475 1.6
      vertex -5.4 9.35307 1.6
      vertex -4.52541 8.46644 2.6
    endloop
  endfacet
  facet normal 0.135163 0.6258 0.768183
    outer loop
      vertex 2.10697 10.5925 1.6
      vertex 1.87287 9.41554 2.6
      vertex 2.17993 9.34922 2.6
    endloop
  endfacet
  facet normal -0.254649 -0.587412 0.76818
    outer loop
      vertex -3.96199 -8.74429 2.6
      vertex -4.45724 -9.83733 1.6
      vertex -4.13298 -9.9779 1.6
    endloop
  endfacet
  facet normal -0.639459 -0.0313401 0.768186
    outer loop
      vertex -9.57944 -0.62787 2.6
      vertex -10.7942 -0.353366 1.6
      vertex -10.7769 -0.706353 1.6
    endloop
  endfacet
  facet normal -0.0940209 0.63331 0.768166
    outer loop
      vertex -1.40968 10.7076 1.6
      vertex -1.75927 10.6557 1.6
      vertex -1.5638 9.47178 2.6
    endloop
  endfacet
  facet normal -0.398012 -0.501484 0.76818
    outer loop
      vertex -6.09017 -7.4209 2.6
      vertex -6.85145 -8.34851 1.6
      vertex -5.84411 -7.61619 2.6
    endloop
  endfacet
  facet normal 0.254648 0.587413 0.76818
    outer loop
      vertex 4.13298 9.9779 1.6
      vertex 3.67376 8.86924 2.6
      vertex 3.96199 8.74429 2.6
    endloop
  endfacet
  facet normal -0.398012 0.501484 0.76818
    outer loop
      vertex -5.84411 7.61619 2.6
      vertex -6.85145 8.34851 1.6
      vertex -6.09017 7.4209 2.6
    endloop
  endfacet
  facet normal 0.254649 -0.587412 0.76818
    outer loop
      vertex 4.45724 -9.83733 1.6
      vertex 3.96199 -8.74429 2.6
      vertex 4.13298 -9.9779 1.6
    endloop
  endfacet
  facet normal 0.559623 -0.311004 0.768179
    outer loop
      vertex 8.46644 -4.52541 2.6
      vertex 8.31384 -4.8 2.6
      vertex 9.35307 -5.4 1.6
    endloop
  endfacet
  facet normal -0.0104755 -0.640155 0.768175
    outer loop
      vertex -0.314103 -9.59486 2.6
      vertex -0.353366 -10.7942 1.6
      vertex 0 -9.6 2.6
    endloop
  endfacet
  facet normal 0.346937 -0.538085 0.768179
    outer loop
      vertex 5.33347 -7.98211 2.6
      vertex 5.06945 -8.15234 2.6
      vertex 6.00016 -8.97987 1.6
    endloop
  endfacet
  facet normal 0.0731867 0.636036 0.768181
    outer loop
      vertex 1.05858 10.748 1.6
      vertex 0.940964 9.55377 2.6
      vertex 1.40968 10.7076 1.6
    endloop
  endfacet
  facet normal 0.0523154 -0.638085 0.768187
    outer loop
      vertex 0.940964 -9.55377 2.6
      vertex 0.62787 -9.57944 2.6
      vertex 0.706353 -10.7769 1.6
    endloop
  endfacet
  facet normal 0.215592 -0.602841 0.768181
    outer loop
      vertex 3.8043 -10.1078 1.6
      vertex 3.3816 -8.9847 2.6
      vertex 3.47155 -10.2268 1.6
    endloop
  endfacet
  facet normal 0.445255 0.460052 0.76818
    outer loop
      vertex 7.63675 7.63675 1.6
      vertex 6.56249 7.00669 2.6
      vertex 6.78822 6.78822 2.6
    endloop
  endfacet
  facet normal 0.381381 -0.514245 0.76818
    outer loop
      vertex 6.57462 -8.56822 1.6
      vertex 5.84411 -7.61619 2.6
      vertex 6.29076 -8.77874 1.6
    endloop
  endfacet
  facet normal -0.215592 -0.602841 0.768181
    outer loop
      vertex -3.3816 -8.9847 2.6
      vertex -3.8043 -10.1078 1.6
      vertex -3.47155 -10.2268 1.6
    endloop
  endfacet
  facet normal 0.155561 -0.62104 0.768186
    outer loop
      vertex 2.48466 -9.27289 2.6
      vertex 2.17993 -9.34922 2.6
      vertex 2.45242 -10.5179 1.6
    endloop
  endfacet
  facet normal -0.63331 -0.0940209 0.768166
    outer loop
      vertex -9.47178 -1.5638 2.6
      vertex -10.7076 -1.40968 1.6
      vertex -10.6557 -1.75927 1.6
    endloop
  endfacet
  facet normal -0.445255 -0.460052 0.76818
    outer loop
      vertex -6.78822 -6.78822 2.6
      vertex -7.63675 -7.63675 1.6
      vertex -6.56249 -7.00669 2.6
    endloop
  endfacet
  facet normal 0.398011 -0.501485 0.76818
    outer loop
      vertex 6.85145 -8.34851 1.6
      vertex 5.84411 -7.61619 2.6
      vertex 6.57462 -8.56822 1.6
    endloop
  endfacet
  facet normal 0.629887 -0.114617 0.768183
    outer loop
      vertex 9.47178 -1.5638 2.6
      vertex 9.41554 -1.87287 2.6
      vertex 10.5925 -2.10697 1.6
    endloop
  endfacet
  facet normal 0.63331 -0.0940209 0.768166
    outer loop
      vertex 10.7076 -1.40968 1.6
      vertex 9.47178 -1.5638 2.6
      vertex 10.6557 -1.75927 1.6
    endloop
  endfacet
  facet normal 0.633308 -0.0939314 0.768178
    outer loop
      vertex 9.51787 -1.25305 2.6
      vertex 9.47178 -1.5638 2.6
      vertex 10.7076 -1.40968 1.6
    endloop
  endfacet
  facet normal -0.488199 -0.4142 0.76818
    outer loop
      vertex -7.4209 -6.09017 2.6
      vertex -8.34851 -6.85145 1.6
      vertex -7.21766 -6.32972 2.6
    endloop
  endfacet
  facet normal 0.514237 -0.381398 0.768177
    outer loop
      vertex 7.80333 -5.59179 2.6
      vertex 7.61619 -5.84411 2.6
      vertex 8.77874 -6.29076 1.6
    endloop
  endfacet
  facet normal 0.0731654 -0.636042 0.768178
    outer loop
      vertex 1.25305 -9.51787 2.6
      vertex 0.940964 -9.55377 2.6
      vertex 1.40968 -10.7076 1.6
    endloop
  endfacet
  facet normal 0.501484 -0.398012 0.76818
    outer loop
      vertex 7.61619 -5.84411 2.6
      vertex 7.4209 -6.09017 2.6
      vertex 8.34851 -6.85145 1.6
    endloop
  endfacet
  facet normal -0.625801 -0.135142 0.768186
    outer loop
      vertex -9.34922 -2.17993 2.6
      vertex -10.5925 -2.10697 1.6
      vertex -10.5179 -2.45242 1.6
    endloop
  endfacet
  facet normal -0.175797 -0.615614 0.768189
    outer loop
      vertex -2.78673 -9.18663 2.6
      vertex -3.13507 -10.335 1.6
      vertex -2.48466 -9.27289 2.6
    endloop
  endfacet
  facet normal 0.0314265 -0.639469 0.768174
    outer loop
      vertex 0.62787 -9.57944 2.6
      vertex 0.314103 -9.59486 2.6
      vertex 0.353366 -10.7942 1.6
    endloop
  endfacet
  facet normal -0.636042 0.0731654 0.768178
    outer loop
      vertex -9.51787 1.25305 2.6
      vertex -10.7076 1.40968 1.6
      vertex -9.55377 0.940964 2.6
    endloop
  endfacet
  facet normal 0.175797 -0.615614 0.768189
    outer loop
      vertex 2.78673 -9.18663 2.6
      vertex 2.48466 -9.27289 2.6
      vertex 3.13507 -10.335 1.6
    endloop
  endfacet
  facet normal -0.135163 0.6258 0.768183
    outer loop
      vertex -2.10697 10.5925 1.6
      vertex -2.17993 9.34922 2.6
      vertex -1.87287 9.41554 2.6
    endloop
  endfacet
  facet normal -0.381381 0.514245 0.76818
    outer loop
      vertex -6.29076 8.77874 1.6
      vertex -6.57462 8.56822 1.6
      vertex -5.84411 7.61619 2.6
    endloop
  endfacet
  facet normal 0.381398 0.514237 0.768177
    outer loop
      vertex 6.29076 8.77874 1.6
      vertex 5.59179 7.80333 2.6
      vertex 5.84411 7.61619 2.6
    endloop
  endfacet
  facet normal -0.636036 0.0731867 0.768181
    outer loop
      vertex -10.7076 1.40968 1.6
      vertex -10.748 1.05858 1.6
      vertex -9.55377 0.940964 2.6
    endloop
  endfacet
  facet normal -0.638088 0.0523547 0.768181
    outer loop
      vertex -10.748 1.05858 1.6
      vertex -10.7769 0.706353 1.6
      vertex -9.55377 0.940964 2.6
    endloop
  endfacet
  facet normal 0.195855 -0.609556 0.768168
    outer loop
      vertex 3.08582 -9.09053 2.6
      vertex 2.78673 -9.18663 2.6
      vertex 3.47155 -10.2268 1.6
    endloop
  endfacet
  facet normal 0.114617 -0.629887 0.768183
    outer loop
      vertex 1.87287 -9.41554 2.6
      vertex 1.5638 -9.47178 2.6
      vertex 2.10697 -10.5925 1.6
    endloop
  endfacet
  facet normal 0.1145 -0.629929 0.768166
    outer loop
      vertex 2.10697 -10.5925 1.6
      vertex 1.5638 -9.47178 2.6
      vertex 1.75927 -10.6557 1.6
    endloop
  endfacet
  facet normal -0.636042 -0.0731654 0.768178
    outer loop
      vertex -9.55377 -0.940964 2.6
      vertex -10.7076 -1.40968 1.6
      vertex -9.51787 -1.25305 2.6
    endloop
  endfacet
  facet normal 0.0313401 -0.639459 0.768186
    outer loop
      vertex 0.62787 -9.57944 2.6
      vertex 0.353366 -10.7942 1.6
      vertex 0.706353 -10.7769 1.6
    endloop
  endfacet
  facet normal -0.633308 -0.0939314 0.768178
    outer loop
      vertex -9.51787 -1.25305 2.6
      vertex -10.7076 -1.40968 1.6
      vertex -9.47178 -1.5638 2.6
    endloop
  endfacet
  facet normal -0.0939314 -0.633308 0.768178
    outer loop
      vertex -1.25305 -9.51787 2.6
      vertex -1.5638 -9.47178 2.6
      vertex -1.40968 -10.7076 1.6
    endloop
  endfacet
  facet normal 0.595423 -0.235308 -0.76818
    outer loop
      vertex 9.9779 -4.13298 11.4
      vertex 8.86924 -3.67376 10.4
      vertex 8.9847 -3.3816 10.4
    endloop
  endfacet
  facet normal -0.501484 -0.398012 -0.76818
    outer loop
      vertex -7.4209 -6.09017 10.4
      vertex -8.34851 -6.85145 11.4
      vertex -7.61619 -5.84411 10.4
    endloop
  endfacet
  facet normal 0.254649 -0.587412 -0.76818
    outer loop
      vertex 4.13298 -9.9779 11.4
      vertex 3.96199 -8.74429 10.4
      vertex 4.45724 -9.83733 11.4
    endloop
  endfacet
  facet normal 0.640149 0.0105071 -0.768179
    outer loop
      vertex 10.8 0 11.4
      vertex 9.6 0 10.4
      vertex 10.7942 0.353366 11.4
    endloop
  endfacet
  facet normal 0.640155 0.0104755 -0.768175
    outer loop
      vertex 9.6 0 10.4
      vertex 9.59486 0.314103 10.4
      vertex 10.7942 0.353366 11.4
    endloop
  endfacet
  facet normal -0.114617 -0.629887 -0.768183
    outer loop
      vertex -1.5638 -9.47178 10.4
      vertex -2.10697 -10.5925 11.4
      vertex -1.87287 -9.41554 10.4
    endloop
  endfacet
  facet normal 0.398011 0.501485 -0.76818
    outer loop
      vertex 6.85145 8.34851 11.4
      vertex 5.84411 7.61619 10.4
      vertex 6.57462 8.56822 11.4
    endloop
  endfacet
  facet normal -0.474387 -0.42995 -0.76818
    outer loop
      vertex -7.88253 -7.3828 11.4
      vertex -8.11987 -7.12093 11.4
      vertex -7.00669 -6.56249 10.4
    endloop
  endfacet
  facet normal -0.595423 -0.235308 -0.76818
    outer loop
      vertex -8.86924 -3.67376 10.4
      vertex -9.9779 -4.13298 11.4
      vertex -8.9847 -3.3816 10.4
    endloop
  endfacet
  facet normal -0.215592 -0.602841 -0.768181
    outer loop
      vertex -3.47155 -10.2268 11.4
      vertex -3.8043 -10.1078 11.4
      vertex -3.3816 -8.9847 10.4
    endloop
  endfacet
  facet normal -0.609488 -0.19599 -0.768188
    outer loop
      vertex -10.2268 -3.47155 11.4
      vertex -10.335 -3.13507 11.4
      vertex -9.18663 -2.78673 10.4
    endloop
  endfacet
  facet normal -0.346933 -0.538089 -0.768178
    outer loop
      vertex -5.70313 -9.17138 11.4
      vertex -6.00016 -8.97987 11.4
      vertex -5.06945 -8.15234 10.4
    endloop
  endfacet
  facet normal 0.609488 -0.19599 -0.768188
    outer loop
      vertex 10.2268 -3.47155 11.4
      vertex 9.18663 -2.78673 10.4
      vertex 10.335 -3.13507 11.4
    endloop
  endfacet
  facet normal -0.460054 0.445253 -0.768179
    outer loop
      vertex -7.00669 6.56249 10.4
      vertex -7.88253 7.3828 11.4
      vertex -7.63675 7.63675 11.4
    endloop
  endfacet
  facet normal -0.346937 -0.538085 -0.768179
    outer loop
      vertex -5.06945 -8.15234 10.4
      vertex -6.00016 -8.97987 11.4
      vertex -5.33347 -7.98211 10.4
    endloop
  endfacet
  facet normal -0.0523547 0.638088 -0.768181
    outer loop
      vertex -0.940964 9.55377 10.4
      vertex -1.05858 10.748 11.4
      vertex -0.706353 10.7769 11.4
    endloop
  endfacet
  facet normal -0.0940209 0.63331 -0.768166
    outer loop
      vertex -1.5638 9.47178 10.4
      vertex -1.75927 10.6557 11.4
      vertex -1.40968 10.7076 11.4
    endloop
  endfacet
  facet normal -0.488194 -0.414208 -0.768179
    outer loop
      vertex -8.11987 -7.12093 11.4
      vertex -8.34851 -6.85145 11.4
      vertex -7.21766 -6.32972 10.4
    endloop
  endfacet
  facet normal 0.364351 0.526452 -0.768177
    outer loop
      vertex 5.59179 7.80333 10.4
      vertex 5.33347 7.98211 10.4
      vertex 6.29076 8.77874 11.4
    endloop
  endfacet
  facet normal 0.21569 -0.602823 -0.768168
    outer loop
      vertex 3.47155 -10.2268 11.4
      vertex 3.08582 -9.09053 10.4
      vertex 3.3816 -8.9847 10.4
    endloop
  endfacet
  facet normal -0.615614 0.175797 -0.768189
    outer loop
      vertex -9.27289 2.48466 10.4
      vertex -10.335 3.13507 11.4
      vertex -9.18663 2.78673 10.4
    endloop
  endfacet
  facet normal 0.629929 -0.1145 -0.768166
    outer loop
      vertex 10.5925 -2.10697 11.4
      vertex 9.47178 -1.5638 10.4
      vertex 10.6557 -1.75927 11.4
    endloop
  endfacet
  facet normal -0.609556 0.195855 -0.768168
    outer loop
      vertex -9.18663 2.78673 10.4
      vertex -10.2268 3.47155 11.4
      vertex -9.09053 3.08582 10.4
    endloop
  endfacet
  facet normal 0.501485 -0.398011 -0.76818
    outer loop
      vertex 8.34851 -6.85145 11.4
      vertex 7.61619 -5.84411 10.4
      vertex 8.56822 -6.57462 11.4
    endloop
  endfacet
  facet normal 0.311004 -0.559623 -0.768179
    outer loop
      vertex 5.4 -9.35307 11.4
      vertex 4.52541 -8.46644 10.4
      vertex 4.8 -8.31384 10.4
    endloop
  endfacet
  facet normal 0.54915 0.329143 -0.768179
    outer loop
      vertex 8.31384 4.8 10.4
      vertex 8.15234 5.06945 10.4
      vertex 9.35307 5.4 11.4
    endloop
  endfacet
  facet normal -0.235319 0.595417 -0.768182
    outer loop
      vertex -3.3816 8.9847 10.4
      vertex -4.13298 9.9779 11.4
      vertex -3.8043 10.1078 11.4
    endloop
  endfacet
  facet normal -0.254649 0.587412 -0.76818
    outer loop
      vertex -3.96199 8.74429 10.4
      vertex -4.45724 9.83733 11.4
      vertex -4.13298 9.9779 11.4
    endloop
  endfacet
  facet normal -0.0731867 -0.636036 -0.768181
    outer loop
      vertex -1.05858 -10.748 11.4
      vertex -1.40968 -10.7076 11.4
      vertex -0.940964 -9.55377 10.4
    endloop
  endfacet
  facet normal -0.135142 -0.625801 -0.768186
    outer loop
      vertex -2.10697 -10.5925 11.4
      vertex -2.45242 -10.5179 11.4
      vertex -2.17993 -9.34922 10.4
    endloop
  endfacet
  facet normal -0.445253 0.460054 -0.768179
    outer loop
      vertex -6.56249 7.00669 10.4
      vertex -7.63675 7.63675 11.4
      vertex -7.3828 7.88253 11.4
    endloop
  endfacet
  facet normal -0.135163 -0.6258 -0.768183
    outer loop
      vertex -2.10697 -10.5925 11.4
      vertex -2.17993 -9.34922 10.4
      vertex -1.87287 -9.41554 10.4
    endloop
  endfacet
  facet normal 0.0105071 0.640149 -0.768179
    outer loop
      vertex 0.353366 10.7942 11.4
      vertex 0 9.6 10.4
      vertex 0 10.8 11.4
    endloop
  endfacet
  facet normal -0.638088 -0.0523547 -0.768181
    outer loop
      vertex -10.748 -1.05858 11.4
      vertex -10.7769 -0.706353 11.4
      vertex -9.55377 -0.940964 10.4
    endloop
  endfacet
  facet normal -0.364361 0.526442 -0.768179
    outer loop
      vertex -5.33347 7.98211 10.4
      vertex -6.29076 8.77874 11.4
      vertex -6.00016 8.97987 11.4
    endloop
  endfacet
  facet normal -0.254648 0.587413 -0.76818
    outer loop
      vertex -3.96199 8.74429 10.4
      vertex -4.13298 9.9779 11.4
      vertex -3.67376 8.86924 10.4
    endloop
  endfacet
  facet normal -0.595417 -0.235319 -0.768182
    outer loop
      vertex -9.9779 -4.13298 11.4
      vertex -10.1078 -3.8043 11.4
      vertex -8.9847 -3.3816 10.4
    endloop
  endfacet
  facet normal 0.135142 -0.625801 -0.768186
    outer loop
      vertex 2.45242 -10.5179 11.4
      vertex 2.10697 -10.5925 11.4
      vertex 2.17993 -9.34922 10.4
    endloop
  endfacet
  facet normal 0.1145 -0.629929 -0.768166
    outer loop
      vertex 1.75927 -10.6557 11.4
      vertex 1.5638 -9.47178 10.4
      vertex 2.10697 -10.5925 11.4
    endloop
  endfacet
  facet normal -0.414208 0.488194 -0.768179
    outer loop
      vertex -6.32972 7.21766 10.4
      vertex -7.12093 8.11987 11.4
      vertex -6.85145 8.34851 11.4
    endloop
  endfacet
  facet normal 0.0105071 -0.640149 -0.768179
    outer loop
      vertex 0.353366 -10.7942 11.4
      vertex 0 -10.8 11.4
      vertex 0 -9.6 10.4
    endloop
  endfacet
  facet normal 0.526452 -0.364351 -0.768177
    outer loop
      vertex 8.77874 -6.29076 11.4
      vertex 7.80333 -5.59179 10.4
      vertex 7.98211 -5.33347 10.4
    endloop
  endfacet
  facet normal -0.615644 0.175733 -0.76818
    outer loop
      vertex -9.27289 2.48466 10.4
      vertex -10.432 2.79525 11.4
      vertex -10.335 3.13507 11.4
    endloop
  endfacet
  facet normal -0.63331 0.0940209 -0.768166
    outer loop
      vertex -9.47178 1.5638 10.4
      vertex -10.7076 1.40968 11.4
      vertex -10.6557 1.75927 11.4
    endloop
  endfacet
  facet normal -0.621036 0.155608 -0.76818
    outer loop
      vertex -9.27289 2.48466 10.4
      vertex -10.5179 2.45242 11.4
      vertex -10.432 2.79525 11.4
    endloop
  endfacet
  facet normal -0.633308 -0.0939314 -0.768178
    outer loop
      vertex -9.47178 -1.5638 10.4
      vertex -10.7076 -1.40968 11.4
      vertex -9.51787 -1.25305 10.4
    endloop
  endfacet
  facet normal -0.21569 -0.602823 -0.768168
    outer loop
      vertex -3.08582 -9.09053 10.4
      vertex -3.47155 -10.2268 11.4
      vertex -3.3816 -8.9847 10.4
    endloop
  endfacet
  facet normal -0.445253 -0.460054 -0.768179
    outer loop
      vertex -7.3828 -7.88253 11.4
      vertex -7.63675 -7.63675 11.4
      vertex -6.56249 -7.00669 10.4
    endloop
  endfacet
  facet normal -0.549148 0.329148 -0.768178
    outer loop
      vertex -8.15234 5.06945 10.4
      vertex -9.35307 5.4 11.4
      vertex -9.17138 5.70313 11.4
    endloop
  endfacet
  facet normal 0.640149 -0.0105071 -0.768179
    outer loop
      vertex 10.7942 -0.353366 11.4
      vertex 9.6 0 10.4
      vertex 10.8 0 11.4
    endloop
  endfacet
  facet normal 0.254649 0.587412 -0.76818
    outer loop
      vertex 4.45724 9.83733 11.4
      vertex 3.96199 8.74429 10.4
      vertex 4.13298 9.9779 11.4
    endloop
  endfacet
  facet normal -0.254648 -0.587413 -0.76818
    outer loop
      vertex -3.67376 -8.86924 10.4
      vertex -4.13298 -9.9779 11.4
      vertex -3.96199 -8.74429 10.4
    endloop
  endfacet
  facet normal -0.460052 0.445255 -0.76818
    outer loop
      vertex -7.00669 6.56249 10.4
      vertex -7.63675 7.63675 11.4
      vertex -6.78822 6.78822 10.4
    endloop
  endfacet
  facet normal -0.215592 0.602841 -0.768181
    outer loop
      vertex -3.3816 8.9847 10.4
      vertex -3.8043 10.1078 11.4
      vertex -3.47155 10.2268 11.4
    endloop
  endfacet
  facet normal 0.155561 -0.62104 -0.768186
    outer loop
      vertex 2.45242 -10.5179 11.4
      vertex 2.17993 -9.34922 10.4
      vertex 2.48466 -9.27289 10.4
    endloop
  endfacet
  facet normal -0.629929 0.1145 -0.768166
    outer loop
      vertex -9.47178 1.5638 10.4
      vertex -10.6557 1.75927 11.4
      vertex -10.5925 2.10697 11.4
    endloop
  endfacet
  facet normal -0.488194 0.414208 -0.768179
    outer loop
      vertex -7.21766 6.32972 10.4
      vertex -8.34851 6.85145 11.4
      vertex -8.11987 7.12093 11.4
    endloop
  endfacet
  facet normal 0.636042 -0.0731654 -0.768178
    outer loop
      vertex 10.7076 -1.40968 11.4
      vertex 9.51787 -1.25305 10.4
      vertex 9.55377 -0.940964 10.4
    endloop
  endfacet
  facet normal -0.381381 -0.514245 -0.76818
    outer loop
      vertex -6.29076 -8.77874 11.4
      vertex -6.57462 -8.56822 11.4
      vertex -5.84411 -7.61619 10.4
    endloop
  endfacet
  facet normal 0.578762 -0.273747 -0.768178
    outer loop
      vertex 9.68622 -4.77672 11.4
      vertex 8.60998 -4.24597 10.4
      vertex 9.83733 -4.45724 11.4
    endloop
  endfacet
  facet normal 0.398011 -0.501485 -0.76818
    outer loop
      vertex 6.57462 -8.56822 11.4
      vertex 5.84411 -7.61619 10.4
      vertex 6.85145 -8.34851 11.4
    endloop
  endfacet
  facet normal -0.0940209 -0.63331 -0.768166
    outer loop
      vertex -1.40968 -10.7076 11.4
      vertex -1.75927 -10.6557 11.4
      vertex -1.5638 -9.47178 10.4
    endloop
  endfacet
  facet normal -0.329143 0.54915 -0.768179
    outer loop
      vertex -5.06945 8.15234 10.4
      vertex -5.4 9.35307 11.4
      vertex -4.8 8.31384 10.4
    endloop
  endfacet
  facet normal -0.42995 0.474387 -0.76818
    outer loop
      vertex -6.56249 7.00669 10.4
      vertex -7.3828 7.88253 11.4
      vertex -7.12093 8.11987 11.4
    endloop
  endfacet
  facet normal -0.602841 -0.215592 -0.768181
    outer loop
      vertex -10.1078 -3.8043 11.4
      vertex -10.2268 -3.47155 11.4
      vertex -8.9847 -3.3816 10.4
    endloop
  endfacet
  facet normal 0.640155 -0.0104755 -0.768175
    outer loop
      vertex 10.7942 -0.353366 11.4
      vertex 9.59486 -0.314103 10.4
      vertex 9.6 0 10.4
    endloop
  endfacet
  facet normal -0.0939314 -0.633308 -0.768178
    outer loop
      vertex -1.40968 -10.7076 11.4
      vertex -1.5638 -9.47178 10.4
      vertex -1.25305 -9.51787 10.4
    endloop
  endfacet
  facet normal 0.569497 -0.292534 -0.768178
    outer loop
      vertex 9.68622 -4.77672 11.4
      vertex 8.46644 -4.52541 10.4
      vertex 8.60998 -4.24597 10.4
    endloop
  endfacet
  facet normal 0.609556 0.195855 -0.768168
    outer loop
      vertex 9.18663 2.78673 10.4
      vertex 9.09053 3.08582 10.4
      vertex 10.2268 3.47155 11.4
    endloop
  endfacet
  facet normal 0.311005 -0.559621 -0.768179
    outer loop
      vertex 5.09108 -9.52475 11.4
      vertex 4.52541 -8.46644 10.4
      vertex 5.4 -9.35307 11.4
    endloop
  endfacet
  facet normal 0.636036 -0.0731867 -0.768181
    outer loop
      vertex 10.7076 -1.40968 11.4
      vertex 9.55377 -0.940964 10.4
      vertex 10.748 -1.05858 11.4
    endloop
  endfacet
  facet normal 0.629887 -0.114617 -0.768183
    outer loop
      vertex 10.5925 -2.10697 11.4
      vertex 9.41554 -1.87287 10.4
      vertex 9.47178 -1.5638 10.4
    endloop
  endfacet
  facet normal -0.602823 0.21569 -0.768168
    outer loop
      vertex -9.09053 3.08582 10.4
      vertex -10.2268 3.47155 11.4
      vertex -8.9847 3.3816 10.4
    endloop
  endfacet
  facet normal -0.0313401 -0.639459 -0.768186
    outer loop
      vertex -0.353366 -10.7942 11.4
      vertex -0.706353 -10.7769 11.4
      vertex -0.62787 -9.57944 10.4
    endloop
  endfacet
  facet normal -0.346937 0.538085 -0.768179
    outer loop
      vertex -5.33347 7.98211 10.4
      vertex -6.00016 8.97987 11.4
      vertex -5.06945 8.15234 10.4
    endloop
  endfacet
  facet normal 0.0104755 -0.640155 -0.768175
    outer loop
      vertex 0.353366 -10.7942 11.4
      vertex 0 -9.6 10.4
      vertex 0.314103 -9.59486 10.4
    endloop
  endfacet
  facet normal 0.398012 -0.501484 -0.76818
    outer loop
      vertex 6.85145 -8.34851 11.4
      vertex 5.84411 -7.61619 10.4
      vertex 6.09017 -7.4209 10.4
    endloop
  endfacet
  facet normal -0.602823 -0.21569 -0.768168
    outer loop
      vertex -8.9847 -3.3816 10.4
      vertex -10.2268 -3.47155 11.4
      vertex -9.09053 -3.08582 10.4
    endloop
  endfacet
  facet normal 0.445253 0.460054 -0.768179
    outer loop
      vertex 7.63675 7.63675 11.4
      vertex 6.56249 7.00669 10.4
      vertex 7.3828 7.88253 11.4
    endloop
  endfacet
  facet normal -0.63331 -0.0940209 -0.768166
    outer loop
      vertex -10.6557 -1.75927 11.4
      vertex -10.7076 -1.40968 11.4
      vertex -9.47178 -1.5638 10.4
    endloop
  endfacet
  facet normal -0.640155 -0.0104755 -0.768175
    outer loop
      vertex -9.59486 -0.314103 10.4
      vertex -10.7942 -0.353366 11.4
      vertex -9.6 0 10.4
    endloop
  endfacet
  facet normal 0.329143 -0.54915 -0.768179
    outer loop
      vertex 5.4 -9.35307 11.4
      vertex 4.8 -8.31384 10.4
      vertex 5.06945 -8.15234 10.4
    endloop
  endfacet
  facet normal 0.414208 -0.488194 -0.768179
    outer loop
      vertex 6.85145 -8.34851 11.4
      vertex 6.32972 -7.21766 10.4
      vertex 7.12093 -8.11987 11.4
    endloop
  endfacet
  facet normal -0.346933 0.538089 -0.768178
    outer loop
      vertex -5.06945 8.15234 10.4
      vertex -6.00016 8.97987 11.4
      vertex -5.70313 9.17138 11.4
    endloop
  endfacet
  facet normal 0.0523547 -0.638088 -0.768181
    outer loop
      vertex 1.05858 -10.748 11.4
      vertex 0.706353 -10.7769 11.4
      vertex 0.940964 -9.55377 10.4
    endloop
  endfacet
  facet normal 0.639469 -0.0314265 -0.768174
    outer loop
      vertex 10.7942 -0.353366 11.4
      vertex 9.57944 -0.62787 10.4
      vertex 9.59486 -0.314103 10.4
    endloop
  endfacet
  facet normal 0.292534 -0.569497 -0.768178
    outer loop
      vertex 4.77672 -9.68622 11.4
      vertex 4.24597 -8.60998 10.4
      vertex 4.52541 -8.46644 10.4
    endloop
  endfacet
  facet normal -0.42995 -0.474387 -0.76818
    outer loop
      vertex -7.12093 -8.11987 11.4
      vertex -7.3828 -7.88253 11.4
      vertex -6.56249 -7.00669 10.4
    endloop
  endfacet
  facet normal -0.19599 -0.609488 -0.768188
    outer loop
      vertex -3.13507 -10.335 11.4
      vertex -3.47155 -10.2268 11.4
      vertex -2.78673 -9.18663 10.4
    endloop
  endfacet
  facet normal 0.615614 -0.175797 -0.768189
    outer loop
      vertex 10.335 -3.13507 11.4
      vertex 9.18663 -2.78673 10.4
      vertex 9.27289 -2.48466 10.4
    endloop
  endfacet
  facet normal 0.501485 0.398011 -0.76818
    outer loop
      vertex 8.56822 6.57462 11.4
      vertex 7.61619 5.84411 10.4
      vertex 8.34851 6.85145 11.4
    endloop
  endfacet
  facet normal 0.633308 -0.0939314 -0.768178
    outer loop
      vertex 10.7076 -1.40968 11.4
      vertex 9.47178 -1.5638 10.4
      vertex 9.51787 -1.25305 10.4
    endloop
  endfacet
  facet normal 0.569497 0.292534 -0.768178
    outer loop
      vertex 8.60998 4.24597 10.4
      vertex 8.46644 4.52541 10.4
      vertex 9.68622 4.77672 11.4
    endloop
  endfacet
  facet normal 0.6258 -0.135163 -0.768183
    outer loop
      vertex 10.5925 -2.10697 11.4
      vertex 9.34922 -2.17993 10.4
      vertex 9.41554 -1.87287 10.4
    endloop
  endfacet
  facet normal 0.381381 -0.514245 -0.76818
    outer loop
      vertex 6.29076 -8.77874 11.4
      vertex 5.84411 -7.61619 10.4
      vertex 6.57462 -8.56822 11.4
    endloop
  endfacet
  facet normal -0.609556 -0.195855 -0.768168
    outer loop
      vertex -9.09053 -3.08582 10.4
      vertex -10.2268 -3.47155 11.4
      vertex -9.18663 -2.78673 10.4
    endloop
  endfacet
  facet normal -0.629929 -0.1145 -0.768166
    outer loop
      vertex -10.5925 -2.10697 11.4
      vertex -10.6557 -1.75927 11.4
      vertex -9.47178 -1.5638 10.4
    endloop
  endfacet
  facet normal 0.135163 -0.6258 -0.768183
    outer loop
      vertex 2.10697 -10.5925 11.4
      vertex 1.87287 -9.41554 10.4
      vertex 2.17993 -9.34922 10.4
    endloop
  endfacet
  facet normal -0.587412 -0.254649 -0.76818
    outer loop
      vertex -9.83733 -4.45724 11.4
      vertex -9.9779 -4.13298 11.4
      vertex -8.74429 -3.96199 10.4
    endloop
  endfacet
  facet normal 0.625801 -0.135142 -0.768186
    outer loop
      vertex 10.5179 -2.45242 11.4
      vertex 9.34922 -2.17993 10.4
      vertex 10.5925 -2.10697 11.4
    endloop
  endfacet
  facet normal 0.460052 -0.445255 -0.76818
    outer loop
      vertex 7.63675 -7.63675 11.4
      vertex 6.78822 -6.78822 10.4
      vertex 7.00669 -6.56249 10.4
    endloop
  endfacet
  facet normal -0.329148 -0.549148 -0.768178
    outer loop
      vertex -5.4 -9.35307 11.4
      vertex -5.70313 -9.17138 11.4
      vertex -5.06945 -8.15234 10.4
    endloop
  endfacet
  facet normal -0.538089 0.346933 -0.768178
    outer loop
      vertex -8.15234 5.06945 10.4
      vertex -9.17138 5.70313 11.4
      vertex -8.97987 6.00016 11.4
    endloop
  endfacet
  facet normal 0.235319 -0.595417 -0.768182
    outer loop
      vertex 3.8043 -10.1078 11.4
      vertex 3.3816 -8.9847 10.4
      vertex 4.13298 -9.9779 11.4
    endloop
  endfacet
  facet normal 0.114617 -0.629887 -0.768183
    outer loop
      vertex 2.10697 -10.5925 11.4
      vertex 1.5638 -9.47178 10.4
      vertex 1.87287 -9.41554 10.4
    endloop
  endfacet
  facet normal -0.62104 0.155561 -0.768186
    outer loop
      vertex -9.34922 2.17993 10.4
      vertex -10.5179 2.45242 11.4
      vertex -9.27289 2.48466 10.4
    endloop
  endfacet
  facet normal -0.62104 -0.155561 -0.768186
    outer loop
      vertex -9.27289 -2.48466 10.4
      vertex -10.5179 -2.45242 11.4
      vertex -9.34922 -2.17993 10.4
    endloop
  endfacet
  facet normal 0.195855 0.609556 -0.768168
    outer loop
      vertex 3.08582 9.09053 10.4
      vertex 2.78673 9.18663 10.4
      vertex 3.47155 10.2268 11.4
    endloop
  endfacet
  facet normal 0.0731867 -0.636036 -0.768181
    outer loop
      vertex 1.05858 -10.748 11.4
      vertex 0.940964 -9.55377 10.4
      vertex 1.40968 -10.7076 11.4
    endloop
  endfacet
  facet normal 0.514245 0.381381 -0.76818
    outer loop
      vertex 8.77874 6.29076 11.4
      vertex 7.61619 5.84411 10.4
      vertex 8.56822 6.57462 11.4
    endloop
  endfacet
  facet normal 0.235308 -0.595423 -0.76818
    outer loop
      vertex 4.13298 -9.9779 11.4
      vertex 3.3816 -8.9847 10.4
      vertex 3.67376 -8.86924 10.4
    endloop
  endfacet
  facet normal 0.429955 0.474384 -0.768179
    outer loop
      vertex 6.56249 7.00669 10.4
      vertex 6.32972 7.21766 10.4
      vertex 7.12093 8.11987 11.4
    endloop
  endfacet
  facet normal -0.0105071 -0.640149 -0.768179
    outer loop
      vertex 0 -10.8 11.4
      vertex -0.353366 -10.7942 11.4
      vertex 0 -9.6 10.4
    endloop
  endfacet
  facet normal 0.114617 0.629887 -0.768183
    outer loop
      vertex 1.87287 9.41554 10.4
      vertex 1.5638 9.47178 10.4
      vertex 2.10697 10.5925 11.4
    endloop
  endfacet
  facet normal 0.638085 -0.0523154 -0.768187
    outer loop
      vertex 10.7769 -0.706353 11.4
      vertex 9.55377 -0.940964 10.4
      vertex 9.57944 -0.62787 10.4
    endloop
  endfacet
  facet normal -0.292522 0.569501 -0.768179
    outer loop
      vertex -4.52541 8.46644 10.4
      vertex -5.09108 9.52475 11.4
      vertex -4.77672 9.68622 11.4
    endloop
  endfacet
  facet normal -0.0105071 0.640149 -0.768179
    outer loop
      vertex 0 9.6 10.4
      vertex -0.353366 10.7942 11.4
      vertex 0 10.8 11.4
    endloop
  endfacet
  facet normal 0.175733 -0.615644 -0.76818
    outer loop
      vertex 2.79525 -10.432 11.4
      vertex 2.48466 -9.27289 10.4
      vertex 3.13507 -10.335 11.4
    endloop
  endfacet
  facet normal 0.514237 -0.381398 -0.768177
    outer loop
      vertex 8.77874 -6.29076 11.4
      vertex 7.61619 -5.84411 10.4
      vertex 7.80333 -5.59179 10.4
    endloop
  endfacet
  facet normal 0.538085 -0.346937 -0.768179
    outer loop
      vertex 8.97987 -6.00016 11.4
      vertex 7.98211 -5.33347 10.4
      vertex 8.15234 -5.06945 10.4
    endloop
  endfacet
  facet normal -0.273747 0.578762 -0.768178
    outer loop
      vertex -4.24597 8.60998 10.4
      vertex -4.77672 9.68622 11.4
      vertex -4.45724 9.83733 11.4
    endloop
  endfacet
  facet normal 0.526442 -0.364361 -0.768179
    outer loop
      vertex 8.77874 -6.29076 11.4
      vertex 7.98211 -5.33347 10.4
      vertex 8.97987 -6.00016 11.4
    endloop
  endfacet
  facet normal 0.19599 0.609488 -0.768188
    outer loop
      vertex 3.47155 10.2268 11.4
      vertex 2.78673 9.18663 10.4
      vertex 3.13507 10.335 11.4
    endloop
  endfacet
  facet normal 0.638088 -0.0523547 -0.768181
    outer loop
      vertex 10.748 -1.05858 11.4
      vertex 9.55377 -0.940964 10.4
      vertex 10.7769 -0.706353 11.4
    endloop
  endfacet
  facet normal 0.62104 -0.155561 -0.768186
    outer loop
      vertex 10.5179 -2.45242 11.4
      vertex 9.27289 -2.48466 10.4
      vertex 9.34922 -2.17993 10.4
    endloop
  endfacet
  facet normal -0.381398 -0.514237 -0.768177
    outer loop
      vertex -5.59179 -7.80333 10.4
      vertex -6.29076 -8.77874 11.4
      vertex -5.84411 -7.61619 10.4
    endloop
  endfacet
  facet normal 0.215592 -0.602841 -0.768181
    outer loop
      vertex 3.47155 -10.2268 11.4
      vertex 3.3816 -8.9847 10.4
      vertex 3.8043 -10.1078 11.4
    endloop
  endfacet
  facet normal 0.460054 -0.445253 -0.768179
    outer loop
      vertex 7.63675 -7.63675 11.4
      vertex 7.00669 -6.56249 10.4
      vertex 7.88253 -7.3828 11.4
    endloop
  endfacet
  facet normal -0.0314265 -0.639469 -0.768174
    outer loop
      vertex -0.353366 -10.7942 11.4
      vertex -0.62787 -9.57944 10.4
      vertex -0.314103 -9.59486 10.4
    endloop
  endfacet
  facet normal -0.595423 0.235308 -0.76818
    outer loop
      vertex -8.9847 3.3816 10.4
      vertex -9.9779 4.13298 11.4
      vertex -8.86924 3.67376 10.4
    endloop
  endfacet
  facet normal 0.63331 -0.0940209 -0.768166
    outer loop
      vertex 10.6557 -1.75927 11.4
      vertex 9.47178 -1.5638 10.4
      vertex 10.7076 -1.40968 11.4
    endloop
  endfacet
  facet normal 0.602823 -0.21569 -0.768168
    outer loop
      vertex 10.2268 -3.47155 11.4
      vertex 8.9847 -3.3816 10.4
      vertex 9.09053 -3.08582 10.4
    endloop
  endfacet
  facet normal 0.501484 -0.398012 -0.76818
    outer loop
      vertex 8.34851 -6.85145 11.4
      vertex 7.4209 -6.09017 10.4
      vertex 7.61619 -5.84411 10.4
    endloop
  endfacet
  facet normal 0.609556 -0.195855 -0.768168
    outer loop
      vertex 10.2268 -3.47155 11.4
      vertex 9.09053 -3.08582 10.4
      vertex 9.18663 -2.78673 10.4
    endloop
  endfacet
  facet normal 0.254648 0.587413 -0.76818
    outer loop
      vertex 3.96199 8.74429 10.4
      vertex 3.67376 8.86924 10.4
      vertex 4.13298 9.9779 11.4
    endloop
  endfacet
  facet normal 0.175797 0.615614 -0.768189
    outer loop
      vertex 2.78673 9.18663 10.4
      vertex 2.48466 9.27289 10.4
      vertex 3.13507 10.335 11.4
    endloop
  endfacet
  facet normal 0.639459 -0.0313401 -0.768186
    outer loop
      vertex 10.7769 -0.706353 11.4
      vertex 9.57944 -0.62787 10.4
      vertex 10.7942 -0.353366 11.4
    endloop
  endfacet
  facet normal 0.578762 0.273747 -0.768178
    outer loop
      vertex 9.83733 4.45724 11.4
      vertex 8.60998 4.24597 10.4
      vertex 9.68622 4.77672 11.4
    endloop
  endfacet
  facet normal 0.549148 0.329148 -0.768178
    outer loop
      vertex 9.35307 5.4 11.4
      vertex 8.15234 5.06945 10.4
      vertex 9.17138 5.70313 11.4
    endloop
  endfacet
  facet normal -0.0104755 0.640155 -0.768175
    outer loop
      vertex -0.314103 9.59486 10.4
      vertex -0.353366 10.7942 11.4
      vertex 0 9.6 10.4
    endloop
  endfacet
  facet normal 0.135142 0.625801 -0.768186
    outer loop
      vertex 2.17993 9.34922 10.4
      vertex 2.10697 10.5925 11.4
      vertex 2.45242 10.5179 11.4
    endloop
  endfacet
  facet normal -0.364361 -0.526442 -0.768179
    outer loop
      vertex -6.00016 -8.97987 11.4
      vertex -6.29076 -8.77874 11.4
      vertex -5.33347 -7.98211 10.4
    endloop
  endfacet
  facet normal 0.175797 -0.615614 -0.768189
    outer loop
      vertex 3.13507 -10.335 11.4
      vertex 2.48466 -9.27289 10.4
      vertex 2.78673 -9.18663 10.4
    endloop
  endfacet
  facet normal 0.474384 0.429955 -0.768179
    outer loop
      vertex 7.21766 6.32972 10.4
      vertex 7.00669 6.56249 10.4
      vertex 8.11987 7.12093 11.4
    endloop
  endfacet
  facet normal -0.398011 0.501485 -0.76818
    outer loop
      vertex -5.84411 7.61619 10.4
      vertex -6.85145 8.34851 11.4
      vertex -6.57462 8.56822 11.4
    endloop
  endfacet
  facet normal 0.0940209 0.63331 -0.768166
    outer loop
      vertex 1.5638 9.47178 10.4
      vertex 1.40968 10.7076 11.4
      vertex 1.75927 10.6557 11.4
    endloop
  endfacet
  facet normal 0.538089 0.346933 -0.768178
    outer loop
      vertex 9.17138 5.70313 11.4
      vertex 8.15234 5.06945 10.4
      vertex 8.97987 6.00016 11.4
    endloop
  endfacet
  facet normal -0.0523547 -0.638088 -0.768181
    outer loop
      vertex -0.706353 -10.7769 11.4
      vertex -1.05858 -10.748 11.4
      vertex -0.940964 -9.55377 10.4
    endloop
  endfacet
  facet normal 0.0314265 -0.639469 -0.768174
    outer loop
      vertex 0.353366 -10.7942 11.4
      vertex 0.314103 -9.59486 10.4
      vertex 0.62787 -9.57944 10.4
    endloop
  endfacet
  facet normal -0.501485 -0.398011 -0.76818
    outer loop
      vertex -8.34851 -6.85145 11.4
      vertex -8.56822 -6.57462 11.4
      vertex -7.61619 -5.84411 10.4
    endloop
  endfacet
  facet normal -0.175733 -0.615644 -0.76818
    outer loop
      vertex -2.79525 -10.432 11.4
      vertex -3.13507 -10.335 11.4
      vertex -2.48466 -9.27289 10.4
    endloop
  endfacet
  facet normal 0.0731654 -0.636042 -0.768178
    outer loop
      vertex 1.40968 -10.7076 11.4
      vertex 0.940964 -9.55377 10.4
      vertex 1.25305 -9.51787 10.4
    endloop
  endfacet
  facet normal 0.578766 -0.273731 -0.76818
    outer loop
      vertex 9.83733 -4.45724 11.4
      vertex 8.60998 -4.24597 10.4
      vertex 8.74429 -3.96199 10.4
    endloop
  endfacet
  facet normal -0.615644 -0.175733 -0.76818
    outer loop
      vertex -10.335 -3.13507 11.4
      vertex -10.432 -2.79525 11.4
      vertex -9.27289 -2.48466 10.4
    endloop
  endfacet
  facet normal -0.587413 -0.254648 -0.76818
    outer loop
      vertex -8.74429 -3.96199 10.4
      vertex -9.9779 -4.13298 11.4
      vertex -8.86924 -3.67376 10.4
    endloop
  endfacet
  facet normal -0.578762 -0.273747 -0.768178
    outer loop
      vertex -9.68622 -4.77672 11.4
      vertex -9.83733 -4.45724 11.4
      vertex -8.60998 -4.24597 10.4
    endloop
  endfacet
  facet normal 0.445255 -0.460052 -0.76818
    outer loop
      vertex 7.63675 -7.63675 11.4
      vertex 6.56249 -7.00669 10.4
      vertex 6.78822 -6.78822 10.4
    endloop
  endfacet
  facet normal -0.639469 -0.0314265 -0.768174
    outer loop
      vertex -9.57944 -0.62787 10.4
      vertex -10.7942 -0.353366 11.4
      vertex -9.59486 -0.314103 10.4
    endloop
  endfacet
  facet normal 0.42995 -0.474387 -0.76818
    outer loop
      vertex 7.12093 -8.11987 11.4
      vertex 6.56249 -7.00669 10.4
      vertex 7.3828 -7.88253 11.4
    endloop
  endfacet
  facet normal 0.488194 -0.414208 -0.768179
    outer loop
      vertex 8.11987 -7.12093 11.4
      vertex 7.21766 -6.32972 10.4
      vertex 8.34851 -6.85145 11.4
    endloop
  endfacet
  facet normal -0.602841 0.215592 -0.768181
    outer loop
      vertex -8.9847 3.3816 10.4
      vertex -10.2268 3.47155 11.4
      vertex -10.1078 3.8043 11.4
    endloop
  endfacet
  facet normal 0.235319 0.595417 -0.768182
    outer loop
      vertex 4.13298 9.9779 11.4
      vertex 3.3816 8.9847 10.4
      vertex 3.8043 10.1078 11.4
    endloop
  endfacet
  facet normal -0.639459 0.0313401 -0.768186
    outer loop
      vertex -9.57944 0.62787 10.4
      vertex -10.7942 0.353366 11.4
      vertex -10.7769 0.706353 11.4
    endloop
  endfacet
  facet normal -0.0314265 0.639469 -0.768174
    outer loop
      vertex -0.314103 9.59486 10.4
      vertex -0.62787 9.57944 10.4
      vertex -0.353366 10.7942 11.4
    endloop
  endfacet
  facet normal -0.429955 -0.474384 -0.768179
    outer loop
      vertex -6.32972 -7.21766 10.4
      vertex -7.12093 -8.11987 11.4
      vertex -6.56249 -7.00669 10.4
    endloop
  endfacet
  facet normal 0.1145 0.629929 -0.768166
    outer loop
      vertex 2.10697 10.5925 11.4
      vertex 1.5638 9.47178 10.4
      vertex 1.75927 10.6557 11.4
    endloop
  endfacet
  facet normal 0.514245 -0.381381 -0.76818
    outer loop
      vertex 8.56822 -6.57462 11.4
      vertex 7.61619 -5.84411 10.4
      vertex 8.77874 -6.29076 11.4
    endloop
  endfacet
  facet normal -0.292534 -0.569497 -0.768178
    outer loop
      vertex -4.24597 -8.60998 10.4
      vertex -4.77672 -9.68622 11.4
      vertex -4.52541 -8.46644 10.4
    endloop
  endfacet
  facet normal -0.19599 0.609488 -0.768188
    outer loop
      vertex -2.78673 9.18663 10.4
      vertex -3.47155 10.2268 11.4
      vertex -3.13507 10.335 11.4
    endloop
  endfacet
  facet normal 0.19599 -0.609488 -0.768188
    outer loop
      vertex 3.13507 -10.335 11.4
      vertex 2.78673 -9.18663 10.4
      vertex 3.47155 -10.2268 11.4
    endloop
  endfacet
  facet normal 0.215592 0.602841 -0.768181
    outer loop
      vertex 3.8043 10.1078 11.4
      vertex 3.3816 8.9847 10.4
      vertex 3.47155 10.2268 11.4
    endloop
  endfacet
  facet normal -0.155561 0.62104 -0.768186
    outer loop
      vertex -2.17993 9.34922 10.4
      vertex -2.48466 9.27289 10.4
      vertex -2.45242 10.5179 11.4
    endloop
  endfacet
  facet normal 0.4142 -0.488199 -0.76818
    outer loop
      vertex 6.85145 -8.34851 11.4
      vertex 6.09017 -7.4209 10.4
      vertex 6.32972 -7.21766 10.4
    endloop
  endfacet
  facet normal 0.474387 -0.42995 -0.76818
    outer loop
      vertex 7.88253 -7.3828 11.4
      vertex 7.00669 -6.56249 10.4
      vertex 8.11987 -7.12093 11.4
    endloop
  endfacet
  facet normal -0.629887 0.114617 -0.768183
    outer loop
      vertex -9.47178 1.5638 10.4
      vertex -10.5925 2.10697 11.4
      vertex -9.41554 1.87287 10.4
    endloop
  endfacet
  facet normal -0.640149 0.0105071 -0.768179
    outer loop
      vertex -9.6 0 10.4
      vertex -10.8 0 11.4
      vertex -10.7942 0.353366 11.4
    endloop
  endfacet
  facet normal 0.0940209 -0.63331 -0.768166
    outer loop
      vertex 1.75927 -10.6557 11.4
      vertex 1.40968 -10.7076 11.4
      vertex 1.5638 -9.47178 10.4
    endloop
  endfacet
  facet normal 0.621036 -0.155608 -0.76818
    outer loop
      vertex 10.432 -2.79525 11.4
      vertex 9.27289 -2.48466 10.4
      vertex 10.5179 -2.45242 11.4
    endloop
  endfacet
  facet normal -0.640149 -0.0105071 -0.768179
    outer loop
      vertex -10.7942 -0.353366 11.4
      vertex -10.8 0 11.4
      vertex -9.6 0 10.4
    endloop
  endfacet
  facet normal 0.0313401 -0.639459 -0.768186
    outer loop
      vertex 0.706353 -10.7769 11.4
      vertex 0.353366 -10.7942 11.4
      vertex 0.62787 -9.57944 10.4
    endloop
  endfacet
  facet normal 0.364361 0.526442 -0.768179
    outer loop
      vertex 6.29076 8.77874 11.4
      vertex 5.33347 7.98211 10.4
      vertex 6.00016 8.97987 11.4
    endloop
  endfacet
  facet normal 0.0523154 -0.638085 -0.768187
    outer loop
      vertex 0.706353 -10.7769 11.4
      vertex 0.62787 -9.57944 10.4
      vertex 0.940964 -9.55377 10.4
    endloop
  endfacet
  facet normal 0.569501 -0.292522 -0.768179
    outer loop
      vertex 9.52475 -5.09108 11.4
      vertex 8.46644 -4.52541 10.4
      vertex 9.68622 -4.77672 11.4
    endloop
  endfacet
  facet normal -0.195855 -0.609556 -0.768168
    outer loop
      vertex -2.78673 -9.18663 10.4
      vertex -3.47155 -10.2268 11.4
      vertex -3.08582 -9.09053 10.4
    endloop
  endfacet
  facet normal -0.526452 -0.364351 -0.768177
    outer loop
      vertex -7.80333 -5.59179 10.4
      vertex -8.77874 -6.29076 11.4
      vertex -7.98211 -5.33347 10.4
    endloop
  endfacet
  facet normal 0.538089 -0.346933 -0.768178
    outer loop
      vertex 8.97987 -6.00016 11.4
      vertex 8.15234 -5.06945 10.4
      vertex 9.17138 -5.70313 11.4
    endloop
  endfacet
  facet normal 0.460052 0.445255 -0.76818
    outer loop
      vertex 7.00669 6.56249 10.4
      vertex 6.78822 6.78822 10.4
      vertex 7.63675 7.63675 11.4
    endloop
  endfacet
  facet normal 0.0313401 0.639459 -0.768186
    outer loop
      vertex 0.62787 9.57944 10.4
      vertex 0.353366 10.7942 11.4
      vertex 0.706353 10.7769 11.4
    endloop
  endfacet
  facet normal 0.414208 0.488194 -0.768179
    outer loop
      vertex 7.12093 8.11987 11.4
      vertex 6.32972 7.21766 10.4
      vertex 6.85145 8.34851 11.4
    endloop
  endfacet
  facet normal -0.254649 -0.587412 -0.76818
    outer loop
      vertex -4.13298 -9.9779 11.4
      vertex -4.45724 -9.83733 11.4
      vertex -3.96199 -8.74429 10.4
    endloop
  endfacet
  facet normal 0.549148 -0.329148 -0.768178
    outer loop
      vertex 9.17138 -5.70313 11.4
      vertex 8.15234 -5.06945 10.4
      vertex 9.35307 -5.4 11.4
    endloop
  endfacet
  facet normal 0.329148 -0.549148 -0.768178
    outer loop
      vertex 5.4 -9.35307 11.4
      vertex 5.06945 -8.15234 10.4
      vertex 5.70313 -9.17138 11.4
    endloop
  endfacet
  facet normal 0.0104755 0.640155 -0.768175
    outer loop
      vertex 0.314103 9.59486 10.4
      vertex 0 9.6 10.4
      vertex 0.353366 10.7942 11.4
    endloop
  endfacet
  facet normal -0.114617 0.629887 -0.768183
    outer loop
      vertex -1.87287 9.41554 10.4
      vertex -2.10697 10.5925 11.4
      vertex -1.5638 9.47178 10.4
    endloop
  endfacet
  facet normal -0.0104755 -0.640155 -0.768175
    outer loop
      vertex 0 -9.6 10.4
      vertex -0.353366 -10.7942 11.4
      vertex -0.314103 -9.59486 10.4
    endloop
  endfacet
  facet normal 0.21569 0.602823 -0.768168
    outer loop
      vertex 3.3816 8.9847 10.4
      vertex 3.08582 9.09053 10.4
      vertex 3.47155 10.2268 11.4
    endloop
  endfacet
  facet normal -0.21569 0.602823 -0.768168
    outer loop
      vertex -3.3816 8.9847 10.4
      vertex -3.47155 10.2268 11.4
      vertex -3.08582 9.09053 10.4
    endloop
  endfacet
  facet normal -0.625801 -0.135142 -0.768186
    outer loop
      vertex -10.5179 -2.45242 11.4
      vertex -10.5925 -2.10697 11.4
      vertex -9.34922 -2.17993 10.4
    endloop
  endfacet
  facet normal 0.615644 -0.175733 -0.76818
    outer loop
      vertex 10.335 -3.13507 11.4
      vertex 9.27289 -2.48466 10.4
      vertex 10.432 -2.79525 11.4
    endloop
  endfacet
  facet normal -0.273731 0.578766 -0.76818
    outer loop
      vertex -4.24597 8.60998 10.4
      vertex -4.45724 9.83733 11.4
      vertex -3.96199 8.74429 10.4
    endloop
  endfacet
  facet normal -0.559623 -0.311004 -0.768179
    outer loop
      vertex -8.31384 -4.8 10.4
      vertex -9.35307 -5.4 11.4
      vertex -8.46644 -4.52541 10.4
    endloop
  endfacet
  facet normal -0.4142 -0.488199 -0.76818
    outer loop
      vertex -6.09017 -7.4209 10.4
      vertex -6.85145 -8.34851 11.4
      vertex -6.32972 -7.21766 10.4
    endloop
  endfacet
  facet normal -0.155561 -0.62104 -0.768186
    outer loop
      vertex -2.45242 -10.5179 11.4
      vertex -2.48466 -9.27289 10.4
      vertex -2.17993 -9.34922 10.4
    endloop
  endfacet
  facet normal -0.639459 -0.0313401 -0.768186
    outer loop
      vertex -10.7769 -0.706353 11.4
      vertex -10.7942 -0.353366 11.4
      vertex -9.57944 -0.62787 10.4
    endloop
  endfacet
  facet normal -0.155608 -0.621036 -0.76818
    outer loop
      vertex -2.45242 -10.5179 11.4
      vertex -2.79525 -10.432 11.4
      vertex -2.48466 -9.27289 10.4
    endloop
  endfacet
  facet normal -0.460054 -0.445253 -0.768179
    outer loop
      vertex -7.63675 -7.63675 11.4
      vertex -7.88253 -7.3828 11.4
      vertex -7.00669 -6.56249 10.4
    endloop
  endfacet
  facet normal -0.445255 0.460052 -0.76818
    outer loop
      vertex -6.78822 6.78822 10.4
      vertex -7.63675 7.63675 11.4
      vertex -6.56249 7.00669 10.4
    endloop
  endfacet
  facet normal 0.346937 -0.538085 -0.768179
    outer loop
      vertex 6.00016 -8.97987 11.4
      vertex 5.06945 -8.15234 10.4
      vertex 5.33347 -7.98211 10.4
    endloop
  endfacet
  facet normal -0.398012 -0.501484 -0.76818
    outer loop
      vertex -5.84411 -7.61619 10.4
      vertex -6.85145 -8.34851 11.4
      vertex -6.09017 -7.4209 10.4
    endloop
  endfacet
  facet normal 0.42995 0.474387 -0.76818
    outer loop
      vertex 7.3828 7.88253 11.4
      vertex 6.56249 7.00669 10.4
      vertex 7.12093 8.11987 11.4
    endloop
  endfacet
  facet normal -0.329143 -0.54915 -0.768179
    outer loop
      vertex -4.8 -8.31384 10.4
      vertex -5.4 -9.35307 11.4
      vertex -5.06945 -8.15234 10.4
    endloop
  endfacet
  facet normal 0.559621 -0.311005 -0.768179
    outer loop
      vertex 9.35307 -5.4 11.4
      vertex 8.46644 -4.52541 10.4
      vertex 9.52475 -5.09108 11.4
    endloop
  endfacet
  facet normal 0.292522 -0.569501 -0.768179
    outer loop
      vertex 4.77672 -9.68622 11.4
      vertex 4.52541 -8.46644 10.4
      vertex 5.09108 -9.52475 11.4
    endloop
  endfacet
  facet normal -0.311005 0.559621 -0.768179
    outer loop
      vertex -4.52541 8.46644 10.4
      vertex -5.4 9.35307 11.4
      vertex -5.09108 9.52475 11.4
    endloop
  endfacet
  facet normal 0.195855 -0.609556 -0.768168
    outer loop
      vertex 3.47155 -10.2268 11.4
      vertex 2.78673 -9.18663 10.4
      vertex 3.08582 -9.09053 10.4
    endloop
  endfacet
  facet normal 0.602841 -0.215592 -0.768181
    outer loop
      vertex 10.1078 -3.8043 11.4
      vertex 8.9847 -3.3816 10.4
      vertex 10.2268 -3.47155 11.4
    endloop
  endfacet
  facet normal 0.595417 -0.235319 -0.768182
    outer loop
      vertex 9.9779 -4.13298 11.4
      vertex 8.9847 -3.3816 10.4
      vertex 10.1078 -3.8043 11.4
    endloop
  endfacet
  facet normal -0.526442 -0.364361 -0.768179
    outer loop
      vertex -8.77874 -6.29076 11.4
      vertex -8.97987 -6.00016 11.4
      vertex -7.98211 -5.33347 10.4
    endloop
  endfacet
  facet normal -0.0523154 0.638085 -0.768187
    outer loop
      vertex -0.62787 9.57944 10.4
      vertex -0.940964 9.55377 10.4
      vertex -0.706353 10.7769 11.4
    endloop
  endfacet
  facet normal 0.559623 -0.311004 -0.768179
    outer loop
      vertex 9.35307 -5.4 11.4
      vertex 8.31384 -4.8 10.4
      vertex 8.46644 -4.52541 10.4
    endloop
  endfacet
  facet normal 0.54915 -0.329143 -0.768179
    outer loop
      vertex 9.35307 -5.4 11.4
      vertex 8.15234 -5.06945 10.4
      vertex 8.31384 -4.8 10.4
    endloop
  endfacet
  facet normal 0.364351 -0.526452 -0.768177
    outer loop
      vertex 6.29076 -8.77874 11.4
      vertex 5.33347 -7.98211 10.4
      vertex 5.59179 -7.80333 10.4
    endloop
  endfacet
  facet normal 0.474387 0.42995 -0.76818
    outer loop
      vertex 8.11987 7.12093 11.4
      vertex 7.00669 6.56249 10.4
      vertex 7.88253 7.3828 11.4
    endloop
  endfacet
  facet normal -0.639469 0.0314265 -0.768174
    outer loop
      vertex -9.59486 0.314103 10.4
      vertex -10.7942 0.353366 11.4
      vertex -9.57944 0.62787 10.4
    endloop
  endfacet
  facet normal -0.488199 0.4142 -0.76818
    outer loop
      vertex -7.4209 6.09017 10.4
      vertex -8.34851 6.85145 11.4
      vertex -7.21766 6.32972 10.4
    endloop
  endfacet
  facet normal 0.569501 0.292522 -0.768179
    outer loop
      vertex 9.68622 4.77672 11.4
      vertex 8.46644 4.52541 10.4
      vertex 9.52475 5.09108 11.4
    endloop
  endfacet
  facet normal -0.445255 -0.460052 -0.76818
    outer loop
      vertex -6.56249 -7.00669 10.4
      vertex -7.63675 -7.63675 11.4
      vertex -6.78822 -6.78822 10.4
    endloop
  endfacet
  facet normal 0.329148 0.549148 -0.768178
    outer loop
      vertex 5.70313 9.17138 11.4
      vertex 5.06945 8.15234 10.4
      vertex 5.4 9.35307 11.4
    endloop
  endfacet
  facet normal 0.364361 -0.526442 -0.768179
    outer loop
      vertex 6.00016 -8.97987 11.4
      vertex 5.33347 -7.98211 10.4
      vertex 6.29076 -8.77874 11.4
    endloop
  endfacet
  facet normal -0.6258 -0.135163 -0.768183
    outer loop
      vertex -9.34922 -2.17993 10.4
      vertex -10.5925 -2.10697 11.4
      vertex -9.41554 -1.87287 10.4
    endloop
  endfacet
  facet normal -0.633308 0.0939314 -0.768178
    outer loop
      vertex -9.51787 1.25305 10.4
      vertex -10.7076 1.40968 11.4
      vertex -9.47178 1.5638 10.4
    endloop
  endfacet
  facet normal 0.273731 0.578766 -0.76818
    outer loop
      vertex 4.24597 8.60998 10.4
      vertex 3.96199 8.74429 10.4
      vertex 4.45724 9.83733 11.4
    endloop
  endfacet
  facet normal -0.135142 0.625801 -0.768186
    outer loop
      vertex -2.17993 9.34922 10.4
      vertex -2.45242 10.5179 11.4
      vertex -2.10697 10.5925 11.4
    endloop
  endfacet
  facet normal 0.273747 -0.578762 -0.768178
    outer loop
      vertex 4.45724 -9.83733 11.4
      vertex 4.24597 -8.60998 10.4
      vertex 4.77672 -9.68622 11.4
    endloop
  endfacet
  facet normal -0.615614 -0.175797 -0.768189
    outer loop
      vertex -9.18663 -2.78673 10.4
      vertex -10.335 -3.13507 11.4
      vertex -9.27289 -2.48466 10.4
    endloop
  endfacet
  facet normal 0.346933 -0.538089 -0.768178
    outer loop
      vertex 5.70313 -9.17138 11.4
      vertex 5.06945 -8.15234 10.4
      vertex 6.00016 -8.97987 11.4
    endloop
  endfacet
  facet normal -0.514245 0.381381 -0.76818
    outer loop
      vertex -7.61619 5.84411 10.4
      vertex -8.77874 6.29076 11.4
      vertex -8.56822 6.57462 11.4
    endloop
  endfacet
  facet normal -0.175797 -0.615614 -0.768189
    outer loop
      vertex -2.48466 -9.27289 10.4
      vertex -3.13507 -10.335 11.4
      vertex -2.78673 -9.18663 10.4
    endloop
  endfacet
  facet normal 0.488199 0.4142 -0.76818
    outer loop
      vertex 7.4209 6.09017 10.4
      vertex 7.21766 6.32972 10.4
      vertex 8.34851 6.85145 11.4
    endloop
  endfacet
  facet normal -0.0731867 0.636036 -0.768181
    outer loop
      vertex -0.940964 9.55377 10.4
      vertex -1.40968 10.7076 11.4
      vertex -1.05858 10.748 11.4
    endloop
  endfacet
  facet normal 0.615644 0.175733 -0.76818
    outer loop
      vertex 10.432 2.79525 11.4
      vertex 9.27289 2.48466 10.4
      vertex 10.335 3.13507 11.4
    endloop
  endfacet
  facet normal -0.538089 -0.346933 -0.768178
    outer loop
      vertex -8.97987 -6.00016 11.4
      vertex -9.17138 -5.70313 11.4
      vertex -8.15234 -5.06945 10.4
    endloop
  endfacet
  facet normal -0.587412 0.254649 -0.76818
    outer loop
      vertex -8.74429 3.96199 10.4
      vertex -9.9779 4.13298 11.4
      vertex -9.83733 4.45724 11.4
    endloop
  endfacet
  facet normal -0.329148 0.549148 -0.768178
    outer loop
      vertex -5.06945 8.15234 10.4
      vertex -5.70313 9.17138 11.4
      vertex -5.4 9.35307 11.4
    endloop
  endfacet
  facet normal 0.587413 -0.254648 -0.76818
    outer loop
      vertex 9.9779 -4.13298 11.4
      vertex 8.74429 -3.96199 10.4
      vertex 8.86924 -3.67376 10.4
    endloop
  endfacet
  facet normal -0.514245 -0.381381 -0.76818
    outer loop
      vertex -8.56822 -6.57462 11.4
      vertex -8.77874 -6.29076 11.4
      vertex -7.61619 -5.84411 10.4
    endloop
  endfacet
  facet normal 0.587412 0.254649 -0.76818
    outer loop
      vertex 9.9779 4.13298 11.4
      vertex 8.74429 3.96199 10.4
      vertex 9.83733 4.45724 11.4
    endloop
  endfacet
  facet normal -0.578766 -0.273731 -0.76818
    outer loop
      vertex -8.60998 -4.24597 10.4
      vertex -9.83733 -4.45724 11.4
      vertex -8.74429 -3.96199 10.4
    endloop
  endfacet
  facet normal -0.364351 0.526452 -0.768177
    outer loop
      vertex -5.59179 7.80333 10.4
      vertex -6.29076 8.77874 11.4
      vertex -5.33347 7.98211 10.4
    endloop
  endfacet
  facet normal 0.526452 0.364351 -0.768177
    outer loop
      vertex 7.98211 5.33347 10.4
      vertex 7.80333 5.59179 10.4
      vertex 8.77874 6.29076 11.4
    endloop
  endfacet
  facet normal -0.636036 -0.0731867 -0.768181
    outer loop
      vertex -10.7076 -1.40968 11.4
      vertex -10.748 -1.05858 11.4
      vertex -9.55377 -0.940964 10.4
    endloop
  endfacet
  facet normal -0.474387 0.42995 -0.76818
    outer loop
      vertex -7.00669 6.56249 10.4
      vertex -8.11987 7.12093 11.4
      vertex -7.88253 7.3828 11.4
    endloop
  endfacet
  facet normal -0.638085 -0.0523154 -0.768187
    outer loop
      vertex -9.55377 -0.940964 10.4
      vertex -10.7769 -0.706353 11.4
      vertex -9.57944 -0.62787 10.4
    endloop
  endfacet
  facet normal -0.640155 0.0104755 -0.768175
    outer loop
      vertex -9.6 0 10.4
      vertex -10.7942 0.353366 11.4
      vertex -9.59486 0.314103 10.4
    endloop
  endfacet
  facet normal -0.0939314 0.633308 -0.768178
    outer loop
      vertex -1.25305 9.51787 10.4
      vertex -1.5638 9.47178 10.4
      vertex -1.40968 10.7076 11.4
    endloop
  endfacet
  facet normal 0.578766 0.273731 -0.76818
    outer loop
      vertex 8.74429 3.96199 10.4
      vertex 8.60998 4.24597 10.4
      vertex 9.83733 4.45724 11.4
    endloop
  endfacet
  facet normal -0.175797 0.615614 -0.768189
    outer loop
      vertex -2.78673 9.18663 10.4
      vertex -3.13507 10.335 11.4
      vertex -2.48466 9.27289 10.4
    endloop
  endfacet
  facet normal -0.398011 -0.501485 -0.76818
    outer loop
      vertex -6.57462 -8.56822 11.4
      vertex -6.85145 -8.34851 11.4
      vertex -5.84411 -7.61619 10.4
    endloop
  endfacet
  facet normal -0.414208 -0.488194 -0.768179
    outer loop
      vertex -6.85145 -8.34851 11.4
      vertex -7.12093 -8.11987 11.4
      vertex -6.32972 -7.21766 10.4
    endloop
  endfacet
  facet normal -0.559621 0.311005 -0.768179
    outer loop
      vertex -8.46644 4.52541 10.4
      vertex -9.52475 5.09108 11.4
      vertex -9.35307 5.4 11.4
    endloop
  endfacet
  facet normal -0.638085 0.0523154 -0.768187
    outer loop
      vertex -9.57944 0.62787 10.4
      vertex -10.7769 0.706353 11.4
      vertex -9.55377 0.940964 10.4
    endloop
  endfacet
  facet normal -0.235319 -0.595417 -0.768182
    outer loop
      vertex -3.8043 -10.1078 11.4
      vertex -4.13298 -9.9779 11.4
      vertex -3.3816 -8.9847 10.4
    endloop
  endfacet
  facet normal -0.273747 -0.578762 -0.768178
    outer loop
      vertex -4.45724 -9.83733 11.4
      vertex -4.77672 -9.68622 11.4
      vertex -4.24597 -8.60998 10.4
    endloop
  endfacet
  facet normal 0.254648 -0.587413 -0.76818
    outer loop
      vertex 4.13298 -9.9779 11.4
      vertex 3.67376 -8.86924 10.4
      vertex 3.96199 -8.74429 10.4
    endloop
  endfacet
  facet normal 0.0731867 0.636036 -0.768181
    outer loop
      vertex 1.40968 10.7076 11.4
      vertex 0.940964 9.55377 10.4
      vertex 1.05858 10.748 11.4
    endloop
  endfacet
  facet normal 0.445253 -0.460054 -0.768179
    outer loop
      vertex 7.3828 -7.88253 11.4
      vertex 6.56249 -7.00669 10.4
      vertex 7.63675 -7.63675 11.4
    endloop
  endfacet
  facet normal -0.625801 0.135142 -0.768186
    outer loop
      vertex -9.34922 2.17993 10.4
      vertex -10.5925 2.10697 11.4
      vertex -10.5179 2.45242 11.4
    endloop
  endfacet
  facet normal -0.235308 0.595423 -0.76818
    outer loop
      vertex -3.67376 8.86924 10.4
      vertex -4.13298 9.9779 11.4
      vertex -3.3816 8.9847 10.4
    endloop
  endfacet
  facet normal -0.235308 -0.595423 -0.76818
    outer loop
      vertex -3.3816 -8.9847 10.4
      vertex -4.13298 -9.9779 11.4
      vertex -3.67376 -8.86924 10.4
    endloop
  endfacet
  facet normal 0.445255 0.460052 -0.76818
    outer loop
      vertex 6.78822 6.78822 10.4
      vertex 6.56249 7.00669 10.4
      vertex 7.63675 7.63675 11.4
    endloop
  endfacet
  facet normal -0.501484 0.398012 -0.76818
    outer loop
      vertex -7.61619 5.84411 10.4
      vertex -8.34851 6.85145 11.4
      vertex -7.4209 6.09017 10.4
    endloop
  endfacet
  facet normal 0.501484 0.398012 -0.76818
    outer loop
      vertex 7.61619 5.84411 10.4
      vertex 7.4209 6.09017 10.4
      vertex 8.34851 6.85145 11.4
    endloop
  endfacet
  facet normal 0.398012 0.501484 -0.76818
    outer loop
      vertex 6.09017 7.4209 10.4
      vertex 5.84411 7.61619 10.4
      vertex 6.85145 8.34851 11.4
    endloop
  endfacet
  facet normal -0.559621 -0.311005 -0.768179
    outer loop
      vertex -9.35307 -5.4 11.4
      vertex -9.52475 -5.09108 11.4
      vertex -8.46644 -4.52541 10.4
    endloop
  endfacet
  facet normal -0.460052 -0.445255 -0.76818
    outer loop
      vertex -6.78822 -6.78822 10.4
      vertex -7.63675 -7.63675 11.4
      vertex -7.00669 -6.56249 10.4
    endloop
  endfacet
  facet normal -0.292522 -0.569501 -0.768179
    outer loop
      vertex -4.77672 -9.68622 11.4
      vertex -5.09108 -9.52475 11.4
      vertex -4.52541 -8.46644 10.4
    endloop
  endfacet
  facet normal 0.311004 0.559623 -0.768179
    outer loop
      vertex 4.8 8.31384 10.4
      vertex 4.52541 8.46644 10.4
      vertex 5.4 9.35307 11.4
    endloop
  endfacet
  facet normal -0.609488 0.19599 -0.768188
    outer loop
      vertex -9.18663 2.78673 10.4
      vertex -10.335 3.13507 11.4
      vertex -10.2268 3.47155 11.4
    endloop
  endfacet
  facet normal 0.488199 -0.4142 -0.76818
    outer loop
      vertex 8.34851 -6.85145 11.4
      vertex 7.21766 -6.32972 10.4
      vertex 7.4209 -6.09017 10.4
    endloop
  endfacet
  facet normal 0.474384 -0.429955 -0.768179
    outer loop
      vertex 8.11987 -7.12093 11.4
      vertex 7.00669 -6.56249 10.4
      vertex 7.21766 -6.32972 10.4
    endloop
  endfacet
  facet normal -0.0523154 -0.638085 -0.768187
    outer loop
      vertex -0.706353 -10.7769 11.4
      vertex -0.940964 -9.55377 10.4
      vertex -0.62787 -9.57944 10.4
    endloop
  endfacet
  facet normal 0.381381 0.514245 -0.76818
    outer loop
      vertex 6.57462 8.56822 11.4
      vertex 5.84411 7.61619 10.4
      vertex 6.29076 8.77874 11.4
    endloop
  endfacet
  facet normal -0.514237 0.381398 -0.768177
    outer loop
      vertex -7.80333 5.59179 10.4
      vertex -8.77874 6.29076 11.4
      vertex -7.61619 5.84411 10.4
    endloop
  endfacet
  facet normal -0.488199 -0.4142 -0.76818
    outer loop
      vertex -7.21766 -6.32972 10.4
      vertex -8.34851 -6.85145 11.4
      vertex -7.4209 -6.09017 10.4
    endloop
  endfacet
  facet normal -0.195855 0.609556 -0.768168
    outer loop
      vertex -3.08582 9.09053 10.4
      vertex -3.47155 10.2268 11.4
      vertex -2.78673 9.18663 10.4
    endloop
  endfacet
  facet normal 0.429955 -0.474384 -0.768179
    outer loop
      vertex 7.12093 -8.11987 11.4
      vertex 6.32972 -7.21766 10.4
      vertex 6.56249 -7.00669 10.4
    endloop
  endfacet
  facet normal 0.329143 0.54915 -0.768179
    outer loop
      vertex 5.06945 8.15234 10.4
      vertex 4.8 8.31384 10.4
      vertex 5.4 9.35307 11.4
    endloop
  endfacet
  facet normal -0.501485 0.398011 -0.76818
    outer loop
      vertex -7.61619 5.84411 10.4
      vertex -8.56822 6.57462 11.4
      vertex -8.34851 6.85145 11.4
    endloop
  endfacet
  facet normal -0.155608 0.621036 -0.76818
    outer loop
      vertex -2.48466 9.27289 10.4
      vertex -2.79525 10.432 11.4
      vertex -2.45242 10.5179 11.4
    endloop
  endfacet
  facet normal -0.6258 0.135163 -0.768183
    outer loop
      vertex -9.41554 1.87287 10.4
      vertex -10.5925 2.10697 11.4
      vertex -9.34922 2.17993 10.4
    endloop
  endfacet
  facet normal -0.1145 -0.629929 -0.768166
    outer loop
      vertex -1.75927 -10.6557 11.4
      vertex -2.10697 -10.5925 11.4
      vertex -1.5638 -9.47178 10.4
    endloop
  endfacet
  facet normal -0.549148 -0.329148 -0.768178
    outer loop
      vertex -9.17138 -5.70313 11.4
      vertex -9.35307 -5.4 11.4
      vertex -8.15234 -5.06945 10.4
    endloop
  endfacet
  facet normal -0.569501 -0.292522 -0.768179
    outer loop
      vertex -9.52475 -5.09108 11.4
      vertex -9.68622 -4.77672 11.4
      vertex -8.46644 -4.52541 10.4
    endloop
  endfacet
  facet normal 0.381398 -0.514237 -0.768177
    outer loop
      vertex 6.29076 -8.77874 11.4
      vertex 5.59179 -7.80333 10.4
      vertex 5.84411 -7.61619 10.4
    endloop
  endfacet
  facet normal -0.636042 -0.0731654 -0.768178
    outer loop
      vertex -9.51787 -1.25305 10.4
      vertex -10.7076 -1.40968 11.4
      vertex -9.55377 -0.940964 10.4
    endloop
  endfacet
  facet normal -0.595417 0.235319 -0.768182
    outer loop
      vertex -8.9847 3.3816 10.4
      vertex -10.1078 3.8043 11.4
      vertex -9.9779 4.13298 11.4
    endloop
  endfacet
  facet normal -0.311005 -0.559621 -0.768179
    outer loop
      vertex -5.09108 -9.52475 11.4
      vertex -5.4 -9.35307 11.4
      vertex -4.52541 -8.46644 10.4
    endloop
  endfacet
  facet normal 0.155608 -0.621036 -0.76818
    outer loop
      vertex 2.79525 -10.432 11.4
      vertex 2.45242 -10.5179 11.4
      vertex 2.48466 -9.27289 10.4
    endloop
  endfacet
  facet normal 0.587412 -0.254649 -0.76818
    outer loop
      vertex 9.83733 -4.45724 11.4
      vertex 8.74429 -3.96199 10.4
      vertex 9.9779 -4.13298 11.4
    endloop
  endfacet
  facet normal -0.0313401 0.639459 -0.768186
    outer loop
      vertex -0.62787 9.57944 10.4
      vertex -0.706353 10.7769 11.4
      vertex -0.353366 10.7942 11.4
    endloop
  endfacet
  facet normal -0.381381 0.514245 -0.76818
    outer loop
      vertex -5.84411 7.61619 10.4
      vertex -6.57462 8.56822 11.4
      vertex -6.29076 8.77874 11.4
    endloop
  endfacet
  facet normal 0.0731654 0.636042 -0.768178
    outer loop
      vertex 1.25305 9.51787 10.4
      vertex 0.940964 9.55377 10.4
      vertex 1.40968 10.7076 11.4
    endloop
  endfacet
  facet normal -0.526442 0.364361 -0.768179
    outer loop
      vertex -7.98211 5.33347 10.4
      vertex -8.97987 6.00016 11.4
      vertex -8.77874 6.29076 11.4
    endloop
  endfacet
  facet normal -0.0731654 -0.636042 -0.768178
    outer loop
      vertex -0.940964 -9.55377 10.4
      vertex -1.40968 -10.7076 11.4
      vertex -1.25305 -9.51787 10.4
    endloop
  endfacet
  facet normal 0.155608 0.621036 -0.76818
    outer loop
      vertex 2.48466 9.27289 10.4
      vertex 2.45242 10.5179 11.4
      vertex 2.79525 10.432 11.4
    endloop
  endfacet
  facet normal -0.578762 0.273747 -0.768178
    outer loop
      vertex -8.60998 4.24597 10.4
      vertex -9.83733 4.45724 11.4
      vertex -9.68622 4.77672 11.4
    endloop
  endfacet
  facet normal 0.273731 -0.578766 -0.76818
    outer loop
      vertex 4.45724 -9.83733 11.4
      vertex 3.96199 -8.74429 10.4
      vertex 4.24597 -8.60998 10.4
    endloop
  endfacet
  facet normal -0.638088 0.0523547 -0.768181
    outer loop
      vertex -9.55377 0.940964 10.4
      vertex -10.7769 0.706353 11.4
      vertex -10.748 1.05858 11.4
    endloop
  endfacet
  facet normal -0.569497 -0.292534 -0.768178
    outer loop
      vertex -8.46644 -4.52541 10.4
      vertex -9.68622 -4.77672 11.4
      vertex -8.60998 -4.24597 10.4
    endloop
  endfacet
  facet normal -0.578766 0.273731 -0.76818
    outer loop
      vertex -8.74429 3.96199 10.4
      vertex -9.83733 4.45724 11.4
      vertex -8.60998 4.24597 10.4
    endloop
  endfacet
  facet normal 0.595423 0.235308 -0.76818
    outer loop
      vertex 8.9847 3.3816 10.4
      vertex 8.86924 3.67376 10.4
      vertex 9.9779 4.13298 11.4
    endloop
  endfacet
  facet normal 0.488194 0.414208 -0.768179
    outer loop
      vertex 8.34851 6.85145 11.4
      vertex 7.21766 6.32972 10.4
      vertex 8.11987 7.12093 11.4
    endloop
  endfacet
  facet normal -0.538085 0.346937 -0.768179
    outer loop
      vertex -8.15234 5.06945 10.4
      vertex -8.97987 6.00016 11.4
      vertex -7.98211 5.33347 10.4
    endloop
  endfacet
  facet normal -0.587413 0.254648 -0.76818
    outer loop
      vertex -8.86924 3.67376 10.4
      vertex -9.9779 4.13298 11.4
      vertex -8.74429 3.96199 10.4
    endloop
  endfacet
  facet normal -0.636042 0.0731654 -0.768178
    outer loop
      vertex -9.55377 0.940964 10.4
      vertex -10.7076 1.40968 11.4
      vertex -9.51787 1.25305 10.4
    endloop
  endfacet
  facet normal 0.0939314 -0.633308 -0.768178
    outer loop
      vertex 1.40968 -10.7076 11.4
      vertex 1.25305 -9.51787 10.4
      vertex 1.5638 -9.47178 10.4
    endloop
  endfacet
  facet normal -0.175733 0.615644 -0.76818
    outer loop
      vertex -2.48466 9.27289 10.4
      vertex -3.13507 10.335 11.4
      vertex -2.79525 10.432 11.4
    endloop
  endfacet
  facet normal 0.0939314 0.633308 -0.768178
    outer loop
      vertex 1.5638 9.47178 10.4
      vertex 1.25305 9.51787 10.4
      vertex 1.40968 10.7076 11.4
    endloop
  endfacet
  facet normal -0.636036 0.0731867 -0.768181
    outer loop
      vertex -9.55377 0.940964 10.4
      vertex -10.748 1.05858 11.4
      vertex -10.7076 1.40968 11.4
    endloop
  endfacet
  facet normal -0.621036 -0.155608 -0.76818
    outer loop
      vertex -10.432 -2.79525 11.4
      vertex -10.5179 -2.45242 11.4
      vertex -9.27289 -2.48466 10.4
    endloop
  endfacet
  facet normal -0.474384 -0.429955 -0.768179
    outer loop
      vertex -7.00669 -6.56249 10.4
      vertex -8.11987 -7.12093 11.4
      vertex -7.21766 -6.32972 10.4
    endloop
  endfacet
  facet normal 0.559621 0.311005 -0.768179
    outer loop
      vertex 9.52475 5.09108 11.4
      vertex 8.46644 4.52541 10.4
      vertex 9.35307 5.4 11.4
    endloop
  endfacet
  facet normal 0.381398 0.514237 -0.768177
    outer loop
      vertex 5.84411 7.61619 10.4
      vertex 5.59179 7.80333 10.4
      vertex 6.29076 8.77874 11.4
    endloop
  endfacet
  facet normal -0.311004 -0.559623 -0.768179
    outer loop
      vertex -4.52541 -8.46644 10.4
      vertex -5.4 -9.35307 11.4
      vertex -4.8 -8.31384 10.4
    endloop
  endfacet
  facet normal 0.135163 0.6258 -0.768183
    outer loop
      vertex 2.17993 9.34922 10.4
      vertex 1.87287 9.41554 10.4
      vertex 2.10697 10.5925 11.4
    endloop
  endfacet
  facet normal -0.629887 -0.114617 -0.768183
    outer loop
      vertex -9.41554 -1.87287 10.4
      vertex -10.5925 -2.10697 11.4
      vertex -9.47178 -1.5638 10.4
    endloop
  endfacet
  facet normal 0.625801 0.135142 -0.768186
    outer loop
      vertex 10.5925 2.10697 11.4
      vertex 9.34922 2.17993 10.4
      vertex 10.5179 2.45242 11.4
    endloop
  endfacet
  facet normal 0.629929 0.1145 -0.768166
    outer loop
      vertex 10.6557 1.75927 11.4
      vertex 9.47178 1.5638 10.4
      vertex 10.5925 2.10697 11.4
    endloop
  endfacet
  facet normal -0.135163 0.6258 -0.768183
    outer loop
      vertex -1.87287 9.41554 10.4
      vertex -2.17993 9.34922 10.4
      vertex -2.10697 10.5925 11.4
    endloop
  endfacet
  facet normal -0.474384 0.429955 -0.768179
    outer loop
      vertex -7.21766 6.32972 10.4
      vertex -8.11987 7.12093 11.4
      vertex -7.00669 6.56249 10.4
    endloop
  endfacet
  facet normal 0.633308 0.0939314 -0.768178
    outer loop
      vertex 9.51787 1.25305 10.4
      vertex 9.47178 1.5638 10.4
      vertex 10.7076 1.40968 11.4
    endloop
  endfacet
  facet normal -0.54915 0.329143 -0.768179
    outer loop
      vertex -8.31384 4.8 10.4
      vertex -9.35307 5.4 11.4
      vertex -8.15234 5.06945 10.4
    endloop
  endfacet
  facet normal -0.0731654 0.636042 -0.768178
    outer loop
      vertex -1.25305 9.51787 10.4
      vertex -1.40968 10.7076 11.4
      vertex -0.940964 9.55377 10.4
    endloop
  endfacet
  facet normal -0.538085 -0.346937 -0.768179
    outer loop
      vertex -7.98211 -5.33347 10.4
      vertex -8.97987 -6.00016 11.4
      vertex -8.15234 -5.06945 10.4
    endloop
  endfacet
  facet normal -0.1145 0.629929 -0.768166
    outer loop
      vertex -1.5638 9.47178 10.4
      vertex -2.10697 10.5925 11.4
      vertex -1.75927 10.6557 11.4
    endloop
  endfacet
  facet normal 0.0523547 0.638088 -0.768181
    outer loop
      vertex 0.940964 9.55377 10.4
      vertex 0.706353 10.7769 11.4
      vertex 1.05858 10.748 11.4
    endloop
  endfacet
  facet normal -0.569501 0.292522 -0.768179
    outer loop
      vertex -8.46644 4.52541 10.4
      vertex -9.68622 4.77672 11.4
      vertex -9.52475 5.09108 11.4
    endloop
  endfacet
  facet normal -0.273731 -0.578766 -0.76818
    outer loop
      vertex -3.96199 -8.74429 10.4
      vertex -4.45724 -9.83733 11.4
      vertex -4.24597 -8.60998 10.4
    endloop
  endfacet
  facet normal -0.514237 -0.381398 -0.768177
    outer loop
      vertex -7.61619 -5.84411 10.4
      vertex -8.77874 -6.29076 11.4
      vertex -7.80333 -5.59179 10.4
    endloop
  endfacet
  facet normal 0.621036 0.155608 -0.76818
    outer loop
      vertex 10.5179 2.45242 11.4
      vertex 9.27289 2.48466 10.4
      vertex 10.432 2.79525 11.4
    endloop
  endfacet
  facet normal 0.175733 0.615644 -0.76818
    outer loop
      vertex 3.13507 10.335 11.4
      vertex 2.48466 9.27289 10.4
      vertex 2.79525 10.432 11.4
    endloop
  endfacet
  facet normal 0.0314265 0.639469 -0.768174
    outer loop
      vertex 0.62787 9.57944 10.4
      vertex 0.314103 9.59486 10.4
      vertex 0.353366 10.7942 11.4
    endloop
  endfacet
  facet normal 0.292534 0.569497 -0.768178
    outer loop
      vertex 4.52541 8.46644 10.4
      vertex 4.24597 8.60998 10.4
      vertex 4.77672 9.68622 11.4
    endloop
  endfacet
  facet normal 0.0523154 0.638085 -0.768187
    outer loop
      vertex 0.940964 9.55377 10.4
      vertex 0.62787 9.57944 10.4
      vertex 0.706353 10.7769 11.4
    endloop
  endfacet
  facet normal 0.346933 0.538089 -0.768178
    outer loop
      vertex 6.00016 8.97987 11.4
      vertex 5.06945 8.15234 10.4
      vertex 5.70313 9.17138 11.4
    endloop
  endfacet
  facet normal 0.311005 0.559621 -0.768179
    outer loop
      vertex 5.4 9.35307 11.4
      vertex 4.52541 8.46644 10.4
      vertex 5.09108 9.52475 11.4
    endloop
  endfacet
  facet normal 0.235308 0.595423 -0.76818
    outer loop
      vertex 3.67376 8.86924 10.4
      vertex 3.3816 8.9847 10.4
      vertex 4.13298 9.9779 11.4
    endloop
  endfacet
  facet normal -0.569497 0.292534 -0.768178
    outer loop
      vertex -8.60998 4.24597 10.4
      vertex -9.68622 4.77672 11.4
      vertex -8.46644 4.52541 10.4
    endloop
  endfacet
  facet normal -0.364351 -0.526452 -0.768177
    outer loop
      vertex -5.33347 -7.98211 10.4
      vertex -6.29076 -8.77874 11.4
      vertex -5.59179 -7.80333 10.4
    endloop
  endfacet
  facet normal -0.398012 0.501484 -0.76818
    outer loop
      vertex -6.09017 7.4209 10.4
      vertex -6.85145 8.34851 11.4
      vertex -5.84411 7.61619 10.4
    endloop
  endfacet
  facet normal 0.636036 0.0731867 -0.768181
    outer loop
      vertex 10.748 1.05858 11.4
      vertex 9.55377 0.940964 10.4
      vertex 10.7076 1.40968 11.4
    endloop
  endfacet
  facet normal 0.6258 0.135163 -0.768183
    outer loop
      vertex 9.41554 1.87287 10.4
      vertex 9.34922 2.17993 10.4
      vertex 10.5925 2.10697 11.4
    endloop
  endfacet
  facet normal -0.381398 0.514237 -0.768177
    outer loop
      vertex -5.84411 7.61619 10.4
      vertex -6.29076 8.77874 11.4
      vertex -5.59179 7.80333 10.4
    endloop
  endfacet
  facet normal -0.526452 0.364351 -0.768177
    outer loop
      vertex -7.98211 5.33347 10.4
      vertex -8.77874 6.29076 11.4
      vertex -7.80333 5.59179 10.4
    endloop
  endfacet
  facet normal 0.292522 0.569501 -0.768179
    outer loop
      vertex 5.09108 9.52475 11.4
      vertex 4.52541 8.46644 10.4
      vertex 4.77672 9.68622 11.4
    endloop
  endfacet
  facet normal 0.346937 0.538085 -0.768179
    outer loop
      vertex 5.33347 7.98211 10.4
      vertex 5.06945 8.15234 10.4
      vertex 6.00016 8.97987 11.4
    endloop
  endfacet
  facet normal 0.460054 0.445253 -0.768179
    outer loop
      vertex 7.88253 7.3828 11.4
      vertex 7.00669 6.56249 10.4
      vertex 7.63675 7.63675 11.4
    endloop
  endfacet
  facet normal 0.638085 0.0523154 -0.768187
    outer loop
      vertex 9.57944 0.62787 10.4
      vertex 9.55377 0.940964 10.4
      vertex 10.7769 0.706353 11.4
    endloop
  endfacet
  facet normal 0.602823 0.21569 -0.768168
    outer loop
      vertex 9.09053 3.08582 10.4
      vertex 8.9847 3.3816 10.4
      vertex 10.2268 3.47155 11.4
    endloop
  endfacet
  facet normal 0.602841 0.215592 -0.768181
    outer loop
      vertex 10.2268 3.47155 11.4
      vertex 8.9847 3.3816 10.4
      vertex 10.1078 3.8043 11.4
    endloop
  endfacet
  facet normal 0.273747 0.578762 -0.768178
    outer loop
      vertex 4.77672 9.68622 11.4
      vertex 4.24597 8.60998 10.4
      vertex 4.45724 9.83733 11.4
    endloop
  endfacet
  facet normal 0.538085 0.346937 -0.768179
    outer loop
      vertex 8.15234 5.06945 10.4
      vertex 7.98211 5.33347 10.4
      vertex 8.97987 6.00016 11.4
    endloop
  endfacet
  facet normal 0.526442 0.364361 -0.768179
    outer loop
      vertex 8.97987 6.00016 11.4
      vertex 7.98211 5.33347 10.4
      vertex 8.77874 6.29076 11.4
    endloop
  endfacet
  facet normal 0.514237 0.381398 -0.768177
    outer loop
      vertex 7.80333 5.59179 10.4
      vertex 7.61619 5.84411 10.4
      vertex 8.77874 6.29076 11.4
    endloop
  endfacet
  facet normal 0.4142 0.488199 -0.76818
    outer loop
      vertex 6.32972 7.21766 10.4
      vertex 6.09017 7.4209 10.4
      vertex 6.85145 8.34851 11.4
    endloop
  endfacet
  facet normal 0.62104 0.155561 -0.768186
    outer loop
      vertex 9.34922 2.17993 10.4
      vertex 9.27289 2.48466 10.4
      vertex 10.5179 2.45242 11.4
    endloop
  endfacet
  facet normal -0.559623 0.311004 -0.768179
    outer loop
      vertex -8.46644 4.52541 10.4
      vertex -9.35307 5.4 11.4
      vertex -8.31384 4.8 10.4
    endloop
  endfacet
  facet normal 0.587413 0.254648 -0.76818
    outer loop
      vertex 8.86924 3.67376 10.4
      vertex 8.74429 3.96199 10.4
      vertex 9.9779 4.13298 11.4
    endloop
  endfacet
  facet normal -0.54915 -0.329143 -0.768179
    outer loop
      vertex -8.15234 -5.06945 10.4
      vertex -9.35307 -5.4 11.4
      vertex -8.31384 -4.8 10.4
    endloop
  endfacet
  facet normal 0.155561 0.62104 -0.768186
    outer loop
      vertex 2.48466 9.27289 10.4
      vertex 2.17993 9.34922 10.4
      vertex 2.45242 10.5179 11.4
    endloop
  endfacet
  facet normal -0.311004 0.559623 -0.768179
    outer loop
      vertex -4.8 8.31384 10.4
      vertex -5.4 9.35307 11.4
      vertex -4.52541 8.46644 10.4
    endloop
  endfacet
  facet normal -0.292534 0.569497 -0.768178
    outer loop
      vertex -4.52541 8.46644 10.4
      vertex -4.77672 9.68622 11.4
      vertex -4.24597 8.60998 10.4
    endloop
  endfacet
  facet normal -0.4142 0.488199 -0.76818
    outer loop
      vertex -6.32972 7.21766 10.4
      vertex -6.85145 8.34851 11.4
      vertex -6.09017 7.4209 10.4
    endloop
  endfacet
  facet normal 0.615614 0.175797 -0.768189
    outer loop
      vertex 9.27289 2.48466 10.4
      vertex 9.18663 2.78673 10.4
      vertex 10.335 3.13507 11.4
    endloop
  endfacet
  facet normal -0.429955 0.474384 -0.768179
    outer loop
      vertex -6.56249 7.00669 10.4
      vertex -7.12093 8.11987 11.4
      vertex -6.32972 7.21766 10.4
    endloop
  endfacet
  facet normal 0.609488 0.19599 -0.768188
    outer loop
      vertex 10.335 3.13507 11.4
      vertex 9.18663 2.78673 10.4
      vertex 10.2268 3.47155 11.4
    endloop
  endfacet
  facet normal 0.595417 0.235319 -0.768182
    outer loop
      vertex 10.1078 3.8043 11.4
      vertex 8.9847 3.3816 10.4
      vertex 9.9779 4.13298 11.4
    endloop
  endfacet
  facet normal 0.636042 0.0731654 -0.768178
    outer loop
      vertex 9.55377 0.940964 10.4
      vertex 9.51787 1.25305 10.4
      vertex 10.7076 1.40968 11.4
    endloop
  endfacet
  facet normal 0.559623 0.311004 -0.768179
    outer loop
      vertex 8.46644 4.52541 10.4
      vertex 8.31384 4.8 10.4
      vertex 9.35307 5.4 11.4
    endloop
  endfacet
  facet normal 0.638088 0.0523547 -0.768181
    outer loop
      vertex 10.7769 0.706353 11.4
      vertex 9.55377 0.940964 10.4
      vertex 10.748 1.05858 11.4
    endloop
  endfacet
  facet normal 0.63331 0.0940209 -0.768166
    outer loop
      vertex 10.7076 1.40968 11.4
      vertex 9.47178 1.5638 10.4
      vertex 10.6557 1.75927 11.4
    endloop
  endfacet
  facet normal 0.629887 0.114617 -0.768183
    outer loop
      vertex 9.47178 1.5638 10.4
      vertex 9.41554 1.87287 10.4
      vertex 10.5925 2.10697 11.4
    endloop
  endfacet
  facet normal 0.639459 0.0313401 -0.768186
    outer loop
      vertex 10.7942 0.353366 11.4
      vertex 9.57944 0.62787 10.4
      vertex 10.7769 0.706353 11.4
    endloop
  endfacet
  facet normal 0.639469 0.0314265 -0.768174
    outer loop
      vertex 9.59486 0.314103 10.4
      vertex 9.57944 0.62787 10.4
      vertex 10.7942 0.353366 11.4
    endloop
  endfacet
  facet normal -0.243033 0.970018 0
    outer loop
      vertex 1.09998 -4.10518 0
      vertex 0.965074 -4.13898 13
      vertex 1.09998 -4.10518 13
    endloop
  endfacet
  facet normal -0.243033 0.970018 0
    outer loop
      vertex 0.965074 -4.13898 13
      vertex 1.09998 -4.10518 0
      vertex 0.965074 -4.13898 0
    endloop
  endfacet
  facet normal 0.803207 0.5957 0
    outer loop
      vertex -3.37175 -2.58724 13
      vertex -3.4546 -2.47553 0
      vertex -3.4546 -2.47553 13
    endloop
  endfacet
  facet normal 0.803207 0.5957 0
    outer loop
      vertex -3.4546 -2.47553 0
      vertex -3.37175 -2.58724 13
      vertex -3.37175 -2.58724 0
    endloop
  endfacet
  facet normal 0.993451 0.114256 0
    outer loop
      vertex -4.21364 -0.554736 13
      vertex -4.22953 -0.416573 0
      vertex -4.22953 -0.416573 13
    endloop
  endfacet
  facet normal 0.993451 0.114256 0
    outer loop
      vertex -4.22953 -0.416573 0
      vertex -4.21364 -0.554736 13
      vertex -4.21364 -0.554736 0
    endloop
  endfacet
  facet normal 0.970018 -0.243033 0
    outer loop
      vertex -4.13898 0.965074 13
      vertex -4.10518 1.09998 0
      vertex -4.10518 1.09998 13
    endloop
  endfacet
  facet normal 0.970018 -0.243033 0
    outer loop
      vertex -4.10518 1.09998 0
      vertex -4.13898 0.965074 13
      vertex -4.13898 0.965074 0
    endloop
  endfacet
  facet normal 0.840449 0.541891 0
    outer loop
      vertex -3.53375 -2.36117 13
      vertex -3.60911 -2.24429 0
      vertex -3.60911 -2.24429 13
    endloop
  endfacet
  facet normal 0.840449 0.541891 0
    outer loop
      vertex -3.60911 -2.24429 0
      vertex -3.53375 -2.36117 13
      vertex -3.53375 -2.36117 0
    endloop
  endfacet
  facet normal 0.427521 -0.904006 0
    outer loop
      vertex -1.87973 3.81171 0
      vertex -1.754 3.87117 13
      vertex -1.87973 3.81171 13
    endloop
  endfacet
  facet normal 0.427521 -0.904006 0
    outer loop
      vertex -1.754 3.87117 13
      vertex -1.87973 3.81171 0
      vertex -1.754 3.87117 0
    endloop
  endfacet
  facet normal 0.762551 -0.646928 0
    outer loop
      vertex -3.28529 2.69617 13
      vertex -3.19532 2.80222 0
      vertex -3.19532 2.80222 13
    endloop
  endfacet
  facet normal 0.762551 -0.646928 0
    outer loop
      vertex -3.19532 2.80222 0
      vertex -3.28529 2.69617 13
      vertex -3.28529 2.69617 0
    endloop
  endfacet
  facet normal -0.485789 -0.874076 0
    outer loop
      vertex 2.00344 3.74817 0
      vertex 2.125 3.68061 13
      vertex 2.00344 3.74817 13
    endloop
  endfacet
  facet normal -0.485789 -0.874076 -0
    outer loop
      vertex 2.125 3.68061 13
      vertex 2.00344 3.74817 0
      vertex 2.125 3.68061 0
    endloop
  endfacet
  facet normal 0.857728 0.514104 0
    outer loop
      vertex -3.60911 -2.24429 13
      vertex -3.68061 -2.125 0
      vertex -3.68061 -2.125 13
    endloop
  endfacet
  facet normal 0.857728 0.514104 0
    outer loop
      vertex -3.68061 -2.125 0
      vertex -3.60911 -2.24429 13
      vertex -3.60911 -2.24429 0
    endloop
  endfacet
  facet normal 0.996653 0.0817541 0
    outer loop
      vertex -4.22953 -0.416573 13
      vertex -4.2409 -0.277963 0
      vertex -4.2409 -0.277963 13
    endloop
  endfacet
  facet normal 0.996653 0.0817541 0
    outer loop
      vertex -4.2409 -0.277963 0
      vertex -4.22953 -0.416573 13
      vertex -4.22953 -0.416573 0
    endloop
  endfacet
  facet normal -0.514104 -0.857728 0
    outer loop
      vertex 2.125 3.68061 0
      vertex 2.24429 3.60911 13
      vertex 2.125 3.68061 13
    endloop
  endfacet
  facet normal -0.514104 -0.857728 -0
    outer loop
      vertex 2.24429 3.60911 13
      vertex 2.125 3.68061 0
      vertex 2.24429 3.60911 0
    endloop
  endfacet
  facet normal -0.0490382 -0.998797 0
    outer loop
      vertex 0.139055 4.24772 0
      vertex 0.277963 4.2409 13
      vertex 0.139055 4.24772 13
    endloop
  endfacet
  facet normal -0.0490382 -0.998797 -0
    outer loop
      vertex 0.277963 4.2409 13
      vertex 0.139055 4.24772 0
      vertex 0.277963 4.2409 0
    endloop
  endfacet
  facet normal -0.397769 0.917486 0
    outer loop
      vertex 1.754 -3.87117 0
      vertex 1.6264 -3.92649 13
      vertex 1.754 -3.87117 13
    endloop
  endfacet
  facet normal -0.397769 0.917486 0
    outer loop
      vertex 1.6264 -3.92649 13
      vertex 1.754 -3.87117 0
      vertex 1.6264 -3.92649 0
    endloop
  endfacet
  facet normal -0.427521 0.904006 0
    outer loop
      vertex 1.87973 -3.81171 0
      vertex 1.754 -3.87117 13
      vertex 1.87973 -3.81171 13
    endloop
  endfacet
  facet normal -0.427521 0.904006 0
    outer loop
      vertex 1.754 -3.87117 13
      vertex 1.87973 -3.81171 0
      vertex 1.754 -3.87117 0
    endloop
  endfacet
  facet normal 0.762551 0.646928 0
    outer loop
      vertex -3.19532 -2.80222 13
      vertex -3.28529 -2.69617 0
      vertex -3.28529 -2.69617 13
    endloop
  endfacet
  facet normal 0.762551 0.646928 0
    outer loop
      vertex -3.28529 -2.69617 0
      vertex -3.19532 -2.80222 13
      vertex -3.19532 -2.80222 0
    endloop
  endfacet
  facet normal -0.646928 -0.762551 0
    outer loop
      vertex 2.69617 3.28529 0
      vertex 2.80222 3.19532 13
      vertex 2.69617 3.28529 13
    endloop
  endfacet
  facet normal -0.646928 -0.762551 -0
    outer loop
      vertex 2.80222 3.19532 13
      vertex 2.69617 3.28529 0
      vertex 2.80222 3.19532 0
    endloop
  endfacet
  facet normal 0.0490382 -0.998797 0
    outer loop
      vertex -0.277963 4.2409 0
      vertex -0.139055 4.24772 13
      vertex -0.277963 4.2409 13
    endloop
  endfacet
  facet normal 0.0490382 -0.998797 0
    outer loop
      vertex -0.139055 4.24772 13
      vertex -0.277963 4.2409 0
      vertex -0.139055 4.24772 0
    endloop
  endfacet
  facet normal 0.718553 0.695472 0
    outer loop
      vertex -3.0052 -3.0052 13
      vertex -3.10192 -2.90527 0
      vertex -3.10192 -2.90527 13
    endloop
  endfacet
  facet normal 0.718553 0.695472 0
    outer loop
      vertex -3.10192 -2.90527 0
      vertex -3.0052 -3.0052 13
      vertex -3.0052 -3.0052 0
    endloop
  endfacet
  facet normal -0.762537 0.646944 0
    outer loop
      vertex 3.19532 -2.80222 0
      vertex 3.25 -2.73777 13
      vertex 3.25 -2.73777 0
    endloop
  endfacet
  facet normal -0.762537 0.646944 0
    outer loop
      vertex 3.25 -2.73777 13
      vertex 3.19532 -2.80222 0
      vertex 3.19532 -2.80222 13
    endloop
  endfacet
  facet normal 0.397769 -0.917486 0
    outer loop
      vertex -1.754 3.87117 0
      vertex -1.6264 3.92649 13
      vertex -1.754 3.87117 13
    endloop
  endfacet
  facet normal 0.397769 -0.917486 0
    outer loop
      vertex -1.6264 3.92649 13
      vertex -1.754 3.87117 0
      vertex -1.6264 3.92649 0
    endloop
  endfacet
  facet normal 0.0490382 0.998797 -0
    outer loop
      vertex -0.139055 -4.24772 0
      vertex -0.277963 -4.2409 13
      vertex -0.139055 -4.24772 13
    endloop
  endfacet
  facet normal 0.0490382 0.998797 0
    outer loop
      vertex -0.277963 -4.2409 13
      vertex -0.139055 -4.24772 0
      vertex -0.277963 -4.2409 0
    endloop
  endfacet
  facet normal 0.146755 -0.989173 0
    outer loop
      vertex -0.692306 4.19323 0
      vertex -0.554736 4.21364 13
      vertex -0.692306 4.19323 13
    endloop
  endfacet
  facet normal 0.146755 -0.989173 0
    outer loop
      vertex -0.554736 4.21364 13
      vertex -0.692306 4.19323 0
      vertex -0.554736 4.21364 0
    endloop
  endfacet
  facet normal 0.993451 -0.114256 0
    outer loop
      vertex -4.22953 0.416573 13
      vertex -4.21364 0.554736 0
      vertex -4.21364 0.554736 13
    endloop
  endfacet
  facet normal 0.993451 -0.114256 0
    outer loop
      vertex -4.21364 0.554736 0
      vertex -4.22953 0.416573 13
      vertex -4.22953 0.416573 0
    endloop
  endfacet
  facet normal 0.740948 -0.671563 0
    outer loop
      vertex -3.19532 2.80222 13
      vertex -3.10192 2.90527 0
      vertex -3.10192 2.90527 13
    endloop
  endfacet
  facet normal 0.740948 -0.671563 0
    outer loop
      vertex -3.10192 2.90527 0
      vertex -3.19532 2.80222 13
      vertex -3.19532 2.80222 0
    endloop
  endfacet
  facet normal 0.999866 0.0163942 0
    outer loop
      vertex -4.24772 -0.139055 13
      vertex -4.25 0 0
      vertex -4.25 0 13
    endloop
  endfacet
  facet normal 0.999866 0.0163942 0
    outer loop
      vertex -4.25 0 0
      vertex -4.24772 -0.139055 13
      vertex -4.24772 -0.139055 0
    endloop
  endfacet
  facet normal 0.889528 -0.45688 0
    outer loop
      vertex -3.81171 1.87973 13
      vertex -3.74817 2.00344 0
      vertex -3.74817 2.00344 13
    endloop
  endfacet
  facet normal 0.889528 -0.45688 0
    outer loop
      vertex -3.74817 2.00344 0
      vertex -3.81171 1.87973 13
      vertex -3.81171 1.87973 0
    endloop
  endfacet
  facet normal -0.305942 0.95205 0
    outer loop
      vertex 1.36612 -4.02445 0
      vertex 1.23371 -4.067 13
      vertex 1.36612 -4.02445 13
    endloop
  endfacet
  facet normal -0.305942 0.95205 0
    outer loop
      vertex 1.23371 -4.067 13
      vertex 1.36612 -4.02445 0
      vertex 1.23371 -4.067 0
    endloop
  endfacet
  facet normal -0.211109 -0.977463 0
    outer loop
      vertex 0.829133 4.16834 0
      vertex 0.965074 4.13898 13
      vertex 0.829133 4.16834 13
    endloop
  endfacet
  facet normal -0.211109 -0.977463 -0
    outer loop
      vertex 0.965074 4.13898 13
      vertex 0.829133 4.16834 0
      vertex 0.965074 4.13898 0
    endloop
  endfacet
  facet normal -0.45688 -0.889528 0
    outer loop
      vertex 1.87973 3.81171 0
      vertex 2.00344 3.74817 13
      vertex 1.87973 3.81171 13
    endloop
  endfacet
  facet normal -0.45688 -0.889528 -0
    outer loop
      vertex 2.00344 3.74817 13
      vertex 1.87973 3.81171 0
      vertex 2.00344 3.74817 0
    endloop
  endfacet
  facet normal 0.996653 -0.0817541 0
    outer loop
      vertex -4.2409 0.277963 13
      vertex -4.22953 0.416573 0
      vertex -4.22953 0.416573 13
    endloop
  endfacet
  facet normal 0.996653 -0.0817541 0
    outer loop
      vertex -4.22953 0.416573 0
      vertex -4.2409 0.277963 13
      vertex -4.2409 0.277963 0
    endloop
  endfacet
  facet normal 0.0817541 0.996653 -0
    outer loop
      vertex -0.277963 -4.2409 0
      vertex -0.416573 -4.22953 13
      vertex -0.277963 -4.2409 13
    endloop
  endfacet
  facet normal 0.0817541 0.996653 0
    outer loop
      vertex -0.416573 -4.22953 13
      vertex -0.277963 -4.2409 0
      vertex -0.416573 -4.22953 0
    endloop
  endfacet
  facet normal 0.485789 -0.874076 0
    outer loop
      vertex -2.125 3.68061 0
      vertex -2.00344 3.74817 13
      vertex -2.125 3.68061 13
    endloop
  endfacet
  facet normal 0.485789 -0.874076 0
    outer loop
      vertex -2.00344 3.74817 13
      vertex -2.125 3.68061 0
      vertex -2.00344 3.74817 0
    endloop
  endfacet
  facet normal -0.695472 -0.718553 0
    outer loop
      vertex 2.90527 3.10192 0
      vertex 3.0052 3.0052 13
      vertex 2.90527 3.10192 13
    endloop
  endfacet
  facet normal -0.695472 -0.718553 -0
    outer loop
      vertex 3.0052 3.0052 13
      vertex 2.90527 3.10192 0
      vertex 3.0052 3.0052 0
    endloop
  endfacet
  facet normal 0.930021 0.367507 0
    outer loop
      vertex -3.92649 -1.6264 13
      vertex -3.9776 -1.49706 0
      vertex -3.9776 -1.49706 13
    endloop
  endfacet
  facet normal 0.930021 0.367507 0
    outer loop
      vertex -3.9776 -1.49706 0
      vertex -3.92649 -1.6264 13
      vertex -3.92649 -1.6264 0
    endloop
  endfacet
  facet normal 0.695472 -0.718553 0
    outer loop
      vertex -3.0052 3.0052 0
      vertex -2.90527 3.10192 13
      vertex -3.0052 3.0052 13
    endloop
  endfacet
  facet normal 0.695472 -0.718553 0
    outer loop
      vertex -2.90527 3.10192 13
      vertex -3.0052 3.0052 0
      vertex -2.90527 3.10192 0
    endloop
  endfacet
  facet normal 0.671563 0.740948 -0
    outer loop
      vertex -2.80222 -3.19532 0
      vertex -2.90527 -3.10192 13
      vertex -2.80222 -3.19532 13
    endloop
  endfacet
  facet normal 0.671563 0.740948 0
    outer loop
      vertex -2.90527 -3.10192 13
      vertex -2.80222 -3.19532 0
      vertex -2.90527 -3.10192 0
    endloop
  endfacet
  facet normal 0.427521 0.904006 -0
    outer loop
      vertex -1.754 -3.87117 0
      vertex -1.87973 -3.81171 13
      vertex -1.754 -3.87117 13
    endloop
  endfacet
  facet normal 0.427521 0.904006 0
    outer loop
      vertex -1.87973 -3.81171 13
      vertex -1.754 -3.87117 0
      vertex -1.87973 -3.81171 0
    endloop
  endfacet
  facet normal 0.646928 0.762551 -0
    outer loop
      vertex -2.69617 -3.28529 0
      vertex -2.80222 -3.19532 13
      vertex -2.69617 -3.28529 13
    endloop
  endfacet
  facet normal 0.646928 0.762551 0
    outer loop
      vertex -2.80222 -3.19532 13
      vertex -2.69617 -3.28529 0
      vertex -2.80222 -3.19532 0
    endloop
  endfacet
  facet normal -0.0817541 -0.996653 0
    outer loop
      vertex 0.277963 4.2409 0
      vertex 0.416573 4.22953 13
      vertex 0.277963 4.2409 13
    endloop
  endfacet
  facet normal -0.0817541 -0.996653 -0
    outer loop
      vertex 0.416573 4.22953 13
      vertex 0.277963 4.2409 0
      vertex 0.416573 4.22953 0
    endloop
  endfacet
  facet normal 0.5957 -0.803207 0
    outer loop
      vertex -2.58724 3.37175 0
      vertex -2.47553 3.4546 13
      vertex -2.58724 3.37175 13
    endloop
  endfacet
  facet normal 0.5957 -0.803207 0
    outer loop
      vertex -2.47553 3.4546 13
      vertex -2.58724 3.37175 0
      vertex -2.47553 3.4546 0
    endloop
  endfacet
  facet normal -0.114256 -0.993451 0
    outer loop
      vertex 0.416573 4.22953 0
      vertex 0.554736 4.21364 13
      vertex 0.416573 4.22953 13
    endloop
  endfacet
  facet normal -0.114256 -0.993451 -0
    outer loop
      vertex 0.554736 4.21364 13
      vertex 0.416573 4.22953 0
      vertex 0.554736 4.21364 0
    endloop
  endfacet
  facet normal 0.0817541 -0.996653 0
    outer loop
      vertex -0.416573 4.22953 0
      vertex -0.277963 4.2409 13
      vertex -0.416573 4.22953 13
    endloop
  endfacet
  facet normal 0.0817541 -0.996653 0
    outer loop
      vertex -0.277963 4.2409 13
      vertex -0.416573 4.22953 0
      vertex -0.277963 4.2409 0
    endloop
  endfacet
  facet normal 0.569102 -0.822267 0
    outer loop
      vertex -2.47553 3.4546 0
      vertex -2.36117 3.53375 13
      vertex -2.47553 3.4546 13
    endloop
  endfacet
  facet normal 0.569102 -0.822267 0
    outer loop
      vertex -2.36117 3.53375 13
      vertex -2.47553 3.4546 0
      vertex -2.36117 3.53375 0
    endloop
  endfacet
  facet normal -0.485789 0.874076 0
    outer loop
      vertex 2.125 -3.68061 0
      vertex 2.00344 -3.74817 13
      vertex 2.125 -3.68061 13
    endloop
  endfacet
  facet normal -0.485789 0.874076 0
    outer loop
      vertex 2.00344 -3.74817 13
      vertex 2.125 -3.68061 0
      vertex 2.00344 -3.74817 0
    endloop
  endfacet
  facet normal -0.427521 -0.904006 0
    outer loop
      vertex 1.754 3.87117 0
      vertex 1.87973 3.81171 13
      vertex 1.754 3.87117 13
    endloop
  endfacet
  facet normal -0.427521 -0.904006 -0
    outer loop
      vertex 1.87973 3.81171 13
      vertex 1.754 3.87117 0
      vertex 1.87973 3.81171 0
    endloop
  endfacet
  facet normal 0.889528 0.45688 0
    outer loop
      vertex -3.74817 -2.00344 13
      vertex -3.81171 -1.87973 0
      vertex -3.81171 -1.87973 13
    endloop
  endfacet
  facet normal 0.889528 0.45688 0
    outer loop
      vertex -3.81171 -1.87973 0
      vertex -3.74817 -2.00344 13
      vertex -3.74817 -2.00344 0
    endloop
  endfacet
  facet normal 0.0163942 0.999866 -0
    outer loop
      vertex 0 -4.25 0
      vertex -0.139055 -4.24772 13
      vertex 0 -4.25 13
    endloop
  endfacet
  facet normal 0.0163942 0.999866 0
    outer loop
      vertex -0.139055 -4.24772 13
      vertex 0 -4.25 0
      vertex -0.139055 -4.24772 0
    endloop
  endfacet
  facet normal -0.336883 -0.941547 0
    outer loop
      vertex 1.36612 4.02445 0
      vertex 1.49706 3.9776 13
      vertex 1.36612 4.02445 13
    endloop
  endfacet
  facet normal -0.336883 -0.941547 -0
    outer loop
      vertex 1.49706 3.9776 13
      vertex 1.36612 4.02445 0
      vertex 1.49706 3.9776 0
    endloop
  endfacet
  facet normal 0.146755 0.989173 -0
    outer loop
      vertex -0.554736 -4.21364 0
      vertex -0.692306 -4.19323 13
      vertex -0.554736 -4.21364 13
    endloop
  endfacet
  facet normal 0.146755 0.989173 0
    outer loop
      vertex -0.692306 -4.19323 13
      vertex -0.554736 -4.21364 0
      vertex -0.692306 -4.19323 0
    endloop
  endfacet
  facet normal 0.178971 0.983854 -0
    outer loop
      vertex -0.692306 -4.19323 0
      vertex -0.829133 -4.16834 13
      vertex -0.692306 -4.19323 13
    endloop
  endfacet
  facet normal 0.178971 0.983854 0
    outer loop
      vertex -0.829133 -4.16834 13
      vertex -0.692306 -4.19323 0
      vertex -0.829133 -4.16834 0
    endloop
  endfacet
  facet normal 0.874076 0.485789 0
    outer loop
      vertex -3.68061 -2.125 13
      vertex -3.74817 -2.00344 0
      vertex -3.74817 -2.00344 13
    endloop
  endfacet
  facet normal 0.874076 0.485789 0
    outer loop
      vertex -3.74817 -2.00344 0
      vertex -3.68061 -2.125 13
      vertex -3.68061 -2.125 0
    endloop
  endfacet
  facet normal -0.397769 -0.917486 0
    outer loop
      vertex 1.6264 3.92649 0
      vertex 1.754 3.87117 13
      vertex 1.6264 3.92649 13
    endloop
  endfacet
  facet normal -0.397769 -0.917486 -0
    outer loop
      vertex 1.754 3.87117 13
      vertex 1.6264 3.92649 0
      vertex 1.754 3.87117 0
    endloop
  endfacet
  facet normal -0.740948 0.671563 0
    outer loop
      vertex 3.10192 -2.90527 0
      vertex 3.19532 -2.80222 13
      vertex 3.19532 -2.80222 0
    endloop
  endfacet
  facet normal -0.740948 0.671563 0
    outer loop
      vertex 3.19532 -2.80222 13
      vertex 3.10192 -2.90527 0
      vertex 3.10192 -2.90527 13
    endloop
  endfacet
  facet normal 0.114256 -0.993451 0
    outer loop
      vertex -0.554736 4.21364 0
      vertex -0.416573 4.22953 13
      vertex -0.554736 4.21364 13
    endloop
  endfacet
  facet normal 0.114256 -0.993451 0
    outer loop
      vertex -0.416573 4.22953 13
      vertex -0.554736 4.21364 0
      vertex -0.416573 4.22953 0
    endloop
  endfacet
  facet normal 0.178971 -0.983854 0
    outer loop
      vertex -0.829133 4.16834 0
      vertex -0.692306 4.19323 13
      vertex -0.829133 4.16834 13
    endloop
  endfacet
  facet normal 0.178971 -0.983854 0
    outer loop
      vertex -0.692306 4.19323 13
      vertex -0.829133 4.16834 0
      vertex -0.692306 4.19323 0
    endloop
  endfacet
  facet normal -0.0490382 0.998797 0
    outer loop
      vertex 0.277963 -4.2409 0
      vertex 0.139055 -4.24772 13
      vertex 0.277963 -4.2409 13
    endloop
  endfacet
  facet normal -0.0490382 0.998797 0
    outer loop
      vertex 0.139055 -4.24772 13
      vertex 0.277963 -4.2409 0
      vertex 0.139055 -4.24772 0
    endloop
  endfacet
  facet normal 0.803207 -0.5957 0
    outer loop
      vertex -3.4546 2.47553 13
      vertex -3.37175 2.58724 0
      vertex -3.37175 2.58724 13
    endloop
  endfacet
  facet normal 0.803207 -0.5957 0
    outer loop
      vertex -3.37175 2.58724 0
      vertex -3.4546 2.47553 13
      vertex -3.4546 2.47553 0
    endloop
  endfacet
  facet normal 0.336883 0.941547 -0
    outer loop
      vertex -1.36612 -4.02445 0
      vertex -1.49706 -3.9776 13
      vertex -1.36612 -4.02445 13
    endloop
  endfacet
  facet normal 0.336883 0.941547 0
    outer loop
      vertex -1.49706 -3.9776 13
      vertex -1.36612 -4.02445 0
      vertex -1.49706 -3.9776 0
    endloop
  endfacet
  facet normal 0.646928 -0.762551 0
    outer loop
      vertex -2.80222 3.19532 0
      vertex -2.69617 3.28529 13
      vertex -2.80222 3.19532 13
    endloop
  endfacet
  facet normal 0.646928 -0.762551 0
    outer loop
      vertex -2.69617 3.28529 13
      vertex -2.80222 3.19532 0
      vertex -2.69617 3.28529 0
    endloop
  endfacet
  facet normal 0.514104 -0.857728 0
    outer loop
      vertex -2.24429 3.60911 0
      vertex -2.125 3.68061 13
      vertex -2.24429 3.60911 13
    endloop
  endfacet
  facet normal 0.514104 -0.857728 0
    outer loop
      vertex -2.125 3.68061 13
      vertex -2.24429 3.60911 0
      vertex -2.125 3.68061 0
    endloop
  endfacet
  facet normal 0.989173 -0.146755 0
    outer loop
      vertex -4.21364 0.554736 13
      vertex -4.19323 0.692306 0
      vertex -4.19323 0.692306 13
    endloop
  endfacet
  facet normal 0.989173 -0.146755 0
    outer loop
      vertex -4.19323 0.692306 0
      vertex -4.21364 0.554736 13
      vertex -4.21364 0.554736 0
    endloop
  endfacet
  facet normal -0.541891 -0.840449 0
    outer loop
      vertex 2.24429 3.60911 0
      vertex 2.36117 3.53375 13
      vertex 2.24429 3.60911 13
    endloop
  endfacet
  facet normal -0.541891 -0.840449 -0
    outer loop
      vertex 2.36117 3.53375 13
      vertex 2.24429 3.60911 0
      vertex 2.36117 3.53375 0
    endloop
  endfacet
  facet normal 0.998797 -0.0490382 0
    outer loop
      vertex -4.24772 0.139055 13
      vertex -4.2409 0.277963 0
      vertex -4.2409 0.277963 13
    endloop
  endfacet
  facet normal 0.998797 -0.0490382 0
    outer loop
      vertex -4.2409 0.277963 0
      vertex -4.24772 0.139055 13
      vertex -4.24772 0.139055 0
    endloop
  endfacet
  facet normal 0.989173 0.146755 0
    outer loop
      vertex -4.19323 -0.692306 13
      vertex -4.21364 -0.554736 0
      vertex -4.21364 -0.554736 13
    endloop
  endfacet
  facet normal 0.989173 0.146755 0
    outer loop
      vertex -4.21364 -0.554736 0
      vertex -4.19323 -0.692306 13
      vertex -4.19323 -0.692306 0
    endloop
  endfacet
  facet normal -0.671563 -0.740948 0
    outer loop
      vertex 2.80222 3.19532 0
      vertex 2.90527 3.10192 13
      vertex 2.80222 3.19532 13
    endloop
  endfacet
  facet normal -0.671563 -0.740948 -0
    outer loop
      vertex 2.90527 3.10192 13
      vertex 2.80222 3.19532 0
      vertex 2.90527 3.10192 0
    endloop
  endfacet
  facet normal 0.671563 -0.740948 0
    outer loop
      vertex -2.90527 3.10192 0
      vertex -2.80222 3.19532 13
      vertex -2.90527 3.10192 13
    endloop
  endfacet
  facet normal 0.671563 -0.740948 0
    outer loop
      vertex -2.80222 3.19532 13
      vertex -2.90527 3.10192 0
      vertex -2.80222 3.19532 0
    endloop
  endfacet
  facet normal -0.274531 -0.961578 0
    outer loop
      vertex 1.09998 4.10518 0
      vertex 1.23371 4.067 13
      vertex 1.09998 4.10518 13
    endloop
  endfacet
  facet normal -0.274531 -0.961578 -0
    outer loop
      vertex 1.23371 4.067 13
      vertex 1.09998 4.10518 0
      vertex 1.23371 4.067 0
    endloop
  endfacet
  facet normal 0.930021 -0.367507 0
    outer loop
      vertex -3.9776 1.49706 13
      vertex -3.92649 1.6264 0
      vertex -3.92649 1.6264 13
    endloop
  endfacet
  facet normal 0.930021 -0.367507 0
    outer loop
      vertex -3.92649 1.6264 0
      vertex -3.9776 1.49706 13
      vertex -3.9776 1.49706 0
    endloop
  endfacet
  facet normal -0.146755 0.989173 0
    outer loop
      vertex 0.692306 -4.19323 0
      vertex 0.554736 -4.21364 13
      vertex 0.692306 -4.19323 13
    endloop
  endfacet
  facet normal -0.146755 0.989173 0
    outer loop
      vertex 0.554736 -4.21364 13
      vertex 0.692306 -4.19323 0
      vertex 0.554736 -4.21364 0
    endloop
  endfacet
  facet normal -0.740948 -0.671563 0
    outer loop
      vertex 3.19532 2.80222 0
      vertex 3.10192 2.90527 13
      vertex 3.10192 2.90527 0
    endloop
  endfacet
  facet normal -0.740948 -0.671563 0
    outer loop
      vertex 3.10192 2.90527 13
      vertex 3.19532 2.80222 0
      vertex 3.19532 2.80222 13
    endloop
  endfacet
  facet normal -0.178971 0.983854 0
    outer loop
      vertex 0.829133 -4.16834 0
      vertex 0.692306 -4.19323 13
      vertex 0.829133 -4.16834 13
    endloop
  endfacet
  facet normal -0.178971 0.983854 0
    outer loop
      vertex 0.692306 -4.19323 13
      vertex 0.829133 -4.16834 0
      vertex 0.692306 -4.19323 0
    endloop
  endfacet
  facet normal 0.977463 -0.211109 0
    outer loop
      vertex -4.16834 0.829133 13
      vertex -4.13898 0.965074 0
      vertex -4.13898 0.965074 13
    endloop
  endfacet
  facet normal 0.977463 -0.211109 0
    outer loop
      vertex -4.13898 0.965074 0
      vertex -4.16834 0.829133 13
      vertex -4.16834 0.829133 0
    endloop
  endfacet
  facet normal -0.569102 0.822267 0
    outer loop
      vertex 2.47553 -3.4546 0
      vertex 2.36117 -3.53375 13
      vertex 2.47553 -3.4546 13
    endloop
  endfacet
  facet normal -0.569102 0.822267 0
    outer loop
      vertex 2.36117 -3.53375 13
      vertex 2.47553 -3.4546 0
      vertex 2.36117 -3.53375 0
    endloop
  endfacet
  facet normal 0.874076 -0.485789 0
    outer loop
      vertex -3.74817 2.00344 13
      vertex -3.68061 2.125 0
      vertex -3.68061 2.125 13
    endloop
  endfacet
  facet normal 0.874076 -0.485789 0
    outer loop
      vertex -3.68061 2.125 0
      vertex -3.74817 2.00344 13
      vertex -3.74817 2.00344 0
    endloop
  endfacet
  facet normal -0.621691 -0.783262 0
    outer loop
      vertex 2.58724 3.37175 0
      vertex 2.69617 3.28529 13
      vertex 2.58724 3.37175 13
    endloop
  endfacet
  facet normal -0.621691 -0.783262 -0
    outer loop
      vertex 2.69617 3.28529 13
      vertex 2.58724 3.37175 0
      vertex 2.69617 3.28529 0
    endloop
  endfacet
  facet normal 0.305942 0.95205 -0
    outer loop
      vertex -1.23371 -4.067 0
      vertex -1.36612 -4.02445 13
      vertex -1.23371 -4.067 13
    endloop
  endfacet
  facet normal 0.305942 0.95205 0
    outer loop
      vertex -1.36612 -4.02445 13
      vertex -1.23371 -4.067 0
      vertex -1.36612 -4.02445 0
    endloop
  endfacet
  facet normal 0.961578 -0.274531 0
    outer loop
      vertex -4.10518 1.09998 13
      vertex -4.067 1.23371 0
      vertex -4.067 1.23371 13
    endloop
  endfacet
  facet normal 0.961578 -0.274531 0
    outer loop
      vertex -4.067 1.23371 0
      vertex -4.10518 1.09998 13
      vertex -4.10518 1.09998 0
    endloop
  endfacet
  facet normal -0.114256 0.993451 0
    outer loop
      vertex 0.554736 -4.21364 0
      vertex 0.416573 -4.22953 13
      vertex 0.554736 -4.21364 13
    endloop
  endfacet
  facet normal -0.114256 0.993451 0
    outer loop
      vertex 0.416573 -4.22953 13
      vertex 0.554736 -4.21364 0
      vertex 0.416573 -4.22953 0
    endloop
  endfacet
  facet normal -0.367507 -0.930021 0
    outer loop
      vertex 1.49706 3.9776 0
      vertex 1.6264 3.92649 13
      vertex 1.49706 3.9776 13
    endloop
  endfacet
  facet normal -0.367507 -0.930021 -0
    outer loop
      vertex 1.6264 3.92649 13
      vertex 1.49706 3.9776 0
      vertex 1.6264 3.92649 0
    endloop
  endfacet
  facet normal 0.367507 -0.930021 0
    outer loop
      vertex -1.6264 3.92649 0
      vertex -1.49706 3.9776 13
      vertex -1.6264 3.92649 13
    endloop
  endfacet
  facet normal 0.367507 -0.930021 0
    outer loop
      vertex -1.49706 3.9776 13
      vertex -1.6264 3.92649 0
      vertex -1.49706 3.9776 0
    endloop
  endfacet
  facet normal 0.917486 -0.397769 0
    outer loop
      vertex -3.92649 1.6264 13
      vertex -3.87117 1.754 0
      vertex -3.87117 1.754 13
    endloop
  endfacet
  facet normal 0.917486 -0.397769 0
    outer loop
      vertex -3.87117 1.754 0
      vertex -3.92649 1.6264 13
      vertex -3.92649 1.6264 0
    endloop
  endfacet
  facet normal -0.0163942 0.999866 0
    outer loop
      vertex 0.139055 -4.24772 0
      vertex 0 -4.25 13
      vertex 0.139055 -4.24772 13
    endloop
  endfacet
  facet normal -0.0163942 0.999866 0
    outer loop
      vertex 0 -4.25 13
      vertex 0.139055 -4.24772 0
      vertex 0 -4.25 0
    endloop
  endfacet
  facet normal 0.740948 0.671563 0
    outer loop
      vertex -3.10192 -2.90527 13
      vertex -3.19532 -2.80222 0
      vertex -3.19532 -2.80222 13
    endloop
  endfacet
  facet normal 0.740948 0.671563 0
    outer loop
      vertex -3.19532 -2.80222 0
      vertex -3.10192 -2.90527 13
      vertex -3.10192 -2.90527 0
    endloop
  endfacet
  facet normal -0.211109 0.977463 0
    outer loop
      vertex 0.965074 -4.13898 0
      vertex 0.829133 -4.16834 13
      vertex 0.965074 -4.13898 13
    endloop
  endfacet
  facet normal -0.211109 0.977463 0
    outer loop
      vertex 0.829133 -4.16834 13
      vertex 0.965074 -4.13898 0
      vertex 0.829133 -4.16834 0
    endloop
  endfacet
  facet normal 0.211109 0.977463 -0
    outer loop
      vertex -0.829133 -4.16834 0
      vertex -0.965074 -4.13898 13
      vertex -0.829133 -4.16834 13
    endloop
  endfacet
  facet normal 0.211109 0.977463 0
    outer loop
      vertex -0.965074 -4.13898 13
      vertex -0.829133 -4.16834 0
      vertex -0.965074 -4.13898 0
    endloop
  endfacet
  facet normal -0.671563 0.740948 0
    outer loop
      vertex 2.90527 -3.10192 0
      vertex 2.80222 -3.19532 13
      vertex 2.90527 -3.10192 13
    endloop
  endfacet
  facet normal -0.671563 0.740948 0
    outer loop
      vertex 2.80222 -3.19532 13
      vertex 2.90527 -3.10192 0
      vertex 2.80222 -3.19532 0
    endloop
  endfacet
  facet normal -0.45688 0.889528 0
    outer loop
      vertex 2.00344 -3.74817 0
      vertex 1.87973 -3.81171 13
      vertex 2.00344 -3.74817 13
    endloop
  endfacet
  facet normal -0.45688 0.889528 0
    outer loop
      vertex 1.87973 -3.81171 13
      vertex 2.00344 -3.74817 0
      vertex 1.87973 -3.81171 0
    endloop
  endfacet
  facet normal 0.0163942 -0.999866 0
    outer loop
      vertex -0.139055 4.24772 0
      vertex 0 4.25 13
      vertex -0.139055 4.24772 13
    endloop
  endfacet
  facet normal 0.0163942 -0.999866 0
    outer loop
      vertex 0 4.25 13
      vertex -0.139055 4.24772 0
      vertex 0 4.25 0
    endloop
  endfacet
  facet normal 0.970018 0.243033 0
    outer loop
      vertex -4.10518 -1.09998 13
      vertex -4.13898 -0.965074 0
      vertex -4.13898 -0.965074 13
    endloop
  endfacet
  facet normal 0.970018 0.243033 0
    outer loop
      vertex -4.13898 -0.965074 0
      vertex -4.10518 -1.09998 13
      vertex -4.10518 -1.09998 0
    endloop
  endfacet
  facet normal -0.0163942 -0.999866 0
    outer loop
      vertex 0 4.25 0
      vertex 0.139055 4.24772 13
      vertex 0 4.25 13
    endloop
  endfacet
  facet normal -0.0163942 -0.999866 -0
    outer loop
      vertex 0.139055 4.24772 13
      vertex 0 4.25 0
      vertex 0.139055 4.24772 0
    endloop
  endfacet
  facet normal -0.146755 -0.989173 0
    outer loop
      vertex 0.554736 4.21364 0
      vertex 0.692306 4.19323 13
      vertex 0.554736 4.21364 13
    endloop
  endfacet
  facet normal -0.146755 -0.989173 -0
    outer loop
      vertex 0.692306 4.19323 13
      vertex 0.554736 4.21364 0
      vertex 0.692306 4.19323 0
    endloop
  endfacet
  facet normal 0.211109 -0.977463 0
    outer loop
      vertex -0.965074 4.13898 0
      vertex -0.829133 4.16834 13
      vertex -0.965074 4.13898 13
    endloop
  endfacet
  facet normal 0.211109 -0.977463 0
    outer loop
      vertex -0.829133 4.16834 13
      vertex -0.965074 4.13898 0
      vertex -0.829133 4.16834 0
    endloop
  endfacet
  facet normal 0.983854 0.178971 0
    outer loop
      vertex -4.16834 -0.829133 13
      vertex -4.19323 -0.692306 0
      vertex -4.19323 -0.692306 13
    endloop
  endfacet
  facet normal 0.983854 0.178971 0
    outer loop
      vertex -4.19323 -0.692306 0
      vertex -4.16834 -0.829133 13
      vertex -4.16834 -0.829133 0
    endloop
  endfacet
  facet normal -0.336883 0.941547 0
    outer loop
      vertex 1.49706 -3.9776 0
      vertex 1.36612 -4.02445 13
      vertex 1.49706 -3.9776 13
    endloop
  endfacet
  facet normal -0.336883 0.941547 0
    outer loop
      vertex 1.36612 -4.02445 13
      vertex 1.49706 -3.9776 0
      vertex 1.36612 -4.02445 0
    endloop
  endfacet
  facet normal 0.857728 -0.514104 0
    outer loop
      vertex -3.68061 2.125 13
      vertex -3.60911 2.24429 0
      vertex -3.60911 2.24429 13
    endloop
  endfacet
  facet normal 0.857728 -0.514104 0
    outer loop
      vertex -3.60911 2.24429 0
      vertex -3.68061 2.125 13
      vertex -3.68061 2.125 0
    endloop
  endfacet
  facet normal -0.274531 0.961578 0
    outer loop
      vertex 1.23371 -4.067 0
      vertex 1.09998 -4.10518 13
      vertex 1.23371 -4.067 13
    endloop
  endfacet
  facet normal -0.274531 0.961578 0
    outer loop
      vertex 1.09998 -4.10518 13
      vertex 1.23371 -4.067 0
      vertex 1.09998 -4.10518 0
    endloop
  endfacet
  facet normal 0.305942 -0.95205 0
    outer loop
      vertex -1.36612 4.02445 0
      vertex -1.23371 4.067 13
      vertex -1.36612 4.02445 13
    endloop
  endfacet
  facet normal 0.305942 -0.95205 0
    outer loop
      vertex -1.23371 4.067 13
      vertex -1.36612 4.02445 0
      vertex -1.23371 4.067 0
    endloop
  endfacet
  facet normal 0.961578 0.274531 0
    outer loop
      vertex -4.067 -1.23371 13
      vertex -4.10518 -1.09998 0
      vertex -4.10518 -1.09998 13
    endloop
  endfacet
  facet normal 0.961578 0.274531 0
    outer loop
      vertex -4.10518 -1.09998 0
      vertex -4.067 -1.23371 13
      vertex -4.067 -1.23371 0
    endloop
  endfacet
  facet normal -0.514104 0.857728 0
    outer loop
      vertex 2.24429 -3.60911 0
      vertex 2.125 -3.68061 13
      vertex 2.24429 -3.60911 13
    endloop
  endfacet
  facet normal -0.514104 0.857728 0
    outer loop
      vertex 2.125 -3.68061 13
      vertex 2.24429 -3.60911 0
      vertex 2.125 -3.68061 0
    endloop
  endfacet
  facet normal 0.783262 0.621691 0
    outer loop
      vertex -3.28529 -2.69617 13
      vertex -3.37175 -2.58724 0
      vertex -3.37175 -2.58724 13
    endloop
  endfacet
  facet normal 0.783262 0.621691 0
    outer loop
      vertex -3.37175 -2.58724 0
      vertex -3.28529 -2.69617 13
      vertex -3.28529 -2.69617 0
    endloop
  endfacet
  facet normal 0.95205 -0.305942 0
    outer loop
      vertex -4.067 1.23371 13
      vertex -4.02445 1.36612 0
      vertex -4.02445 1.36612 13
    endloop
  endfacet
  facet normal 0.95205 -0.305942 0
    outer loop
      vertex -4.02445 1.36612 0
      vertex -4.067 1.23371 13
      vertex -4.067 1.23371 0
    endloop
  endfacet
  facet normal -0.305942 -0.95205 0
    outer loop
      vertex 1.23371 4.067 0
      vertex 1.36612 4.02445 13
      vertex 1.23371 4.067 13
    endloop
  endfacet
  facet normal -0.305942 -0.95205 -0
    outer loop
      vertex 1.36612 4.02445 13
      vertex 1.23371 4.067 0
      vertex 1.36612 4.02445 0
    endloop
  endfacet
  facet normal 0.541891 -0.840449 0
    outer loop
      vertex -2.36117 3.53375 0
      vertex -2.24429 3.60911 13
      vertex -2.36117 3.53375 13
    endloop
  endfacet
  facet normal 0.541891 -0.840449 0
    outer loop
      vertex -2.24429 3.60911 13
      vertex -2.36117 3.53375 0
      vertex -2.24429 3.60911 0
    endloop
  endfacet
  facet normal -0.569102 -0.822267 0
    outer loop
      vertex 2.36117 3.53375 0
      vertex 2.47553 3.4546 13
      vertex 2.36117 3.53375 13
    endloop
  endfacet
  facet normal -0.569102 -0.822267 -0
    outer loop
      vertex 2.47553 3.4546 13
      vertex 2.36117 3.53375 0
      vertex 2.47553 3.4546 0
    endloop
  endfacet
  facet normal 0.514104 0.857728 -0
    outer loop
      vertex -2.125 -3.68061 0
      vertex -2.24429 -3.60911 13
      vertex -2.125 -3.68061 13
    endloop
  endfacet
  facet normal 0.514104 0.857728 0
    outer loop
      vertex -2.24429 -3.60911 13
      vertex -2.125 -3.68061 0
      vertex -2.24429 -3.60911 0
    endloop
  endfacet
  facet normal 0.621691 -0.783262 0
    outer loop
      vertex -2.69617 3.28529 0
      vertex -2.58724 3.37175 13
      vertex -2.69617 3.28529 13
    endloop
  endfacet
  facet normal 0.621691 -0.783262 0
    outer loop
      vertex -2.58724 3.37175 13
      vertex -2.69617 3.28529 0
      vertex -2.58724 3.37175 0
    endloop
  endfacet
  facet normal 0.485789 0.874076 -0
    outer loop
      vertex -2.00344 -3.74817 0
      vertex -2.125 -3.68061 13
      vertex -2.00344 -3.74817 13
    endloop
  endfacet
  facet normal 0.485789 0.874076 0
    outer loop
      vertex -2.125 -3.68061 13
      vertex -2.00344 -3.74817 0
      vertex -2.125 -3.68061 0
    endloop
  endfacet
  facet normal 0.917486 0.397769 0
    outer loop
      vertex -3.87117 -1.754 13
      vertex -3.92649 -1.6264 0
      vertex -3.92649 -1.6264 13
    endloop
  endfacet
  facet normal 0.917486 0.397769 0
    outer loop
      vertex -3.92649 -1.6264 0
      vertex -3.87117 -1.754 13
      vertex -3.87117 -1.754 0
    endloop
  endfacet
  facet normal 0.114256 0.993451 -0
    outer loop
      vertex -0.416573 -4.22953 0
      vertex -0.554736 -4.21364 13
      vertex -0.416573 -4.22953 13
    endloop
  endfacet
  facet normal 0.114256 0.993451 0
    outer loop
      vertex -0.554736 -4.21364 13
      vertex -0.416573 -4.22953 0
      vertex -0.554736 -4.21364 0
    endloop
  endfacet
  facet normal 0.941547 -0.336883 0
    outer loop
      vertex -4.02445 1.36612 13
      vertex -3.9776 1.49706 0
      vertex -3.9776 1.49706 13
    endloop
  endfacet
  facet normal 0.941547 -0.336883 0
    outer loop
      vertex -3.9776 1.49706 0
      vertex -4.02445 1.36612 13
      vertex -4.02445 1.36612 0
    endloop
  endfacet
  facet normal 0.274531 0.961578 -0
    outer loop
      vertex -1.09998 -4.10518 0
      vertex -1.23371 -4.067 13
      vertex -1.09998 -4.10518 13
    endloop
  endfacet
  facet normal 0.274531 0.961578 0
    outer loop
      vertex -1.23371 -4.067 13
      vertex -1.09998 -4.10518 0
      vertex -1.23371 -4.067 0
    endloop
  endfacet
  facet normal 0.243033 -0.970018 0
    outer loop
      vertex -1.09998 4.10518 0
      vertex -0.965074 4.13898 13
      vertex -1.09998 4.10518 13
    endloop
  endfacet
  facet normal 0.243033 -0.970018 0
    outer loop
      vertex -0.965074 4.13898 13
      vertex -1.09998 4.10518 0
      vertex -0.965074 4.13898 0
    endloop
  endfacet
  facet normal 0.274531 -0.961578 0
    outer loop
      vertex -1.23371 4.067 0
      vertex -1.09998 4.10518 13
      vertex -1.23371 4.067 13
    endloop
  endfacet
  facet normal 0.274531 -0.961578 0
    outer loop
      vertex -1.09998 4.10518 13
      vertex -1.23371 4.067 0
      vertex -1.09998 4.10518 0
    endloop
  endfacet
  facet normal 0.45688 0.889528 -0
    outer loop
      vertex -1.87973 -3.81171 0
      vertex -2.00344 -3.74817 13
      vertex -1.87973 -3.81171 13
    endloop
  endfacet
  facet normal 0.45688 0.889528 0
    outer loop
      vertex -2.00344 -3.74817 13
      vertex -1.87973 -3.81171 0
      vertex -2.00344 -3.74817 0
    endloop
  endfacet
  facet normal 0.367507 0.930021 -0
    outer loop
      vertex -1.49706 -3.9776 0
      vertex -1.6264 -3.92649 13
      vertex -1.49706 -3.9776 13
    endloop
  endfacet
  facet normal 0.367507 0.930021 0
    outer loop
      vertex -1.6264 -3.92649 13
      vertex -1.49706 -3.9776 0
      vertex -1.6264 -3.92649 0
    endloop
  endfacet
  facet normal -0.621691 0.783262 0
    outer loop
      vertex 2.69617 -3.28529 0
      vertex 2.58724 -3.37175 13
      vertex 2.69617 -3.28529 13
    endloop
  endfacet
  facet normal -0.621691 0.783262 0
    outer loop
      vertex 2.58724 -3.37175 13
      vertex 2.69617 -3.28529 0
      vertex 2.58724 -3.37175 0
    endloop
  endfacet
  facet normal 0.998797 0.0490382 0
    outer loop
      vertex -4.2409 -0.277963 13
      vertex -4.24772 -0.139055 0
      vertex -4.24772 -0.139055 13
    endloop
  endfacet
  facet normal 0.998797 0.0490382 0
    outer loop
      vertex -4.24772 -0.139055 0
      vertex -4.2409 -0.277963 13
      vertex -4.2409 -0.277963 0
    endloop
  endfacet
  facet normal 0.95205 0.305942 0
    outer loop
      vertex -4.02445 -1.36612 13
      vertex -4.067 -1.23371 0
      vertex -4.067 -1.23371 13
    endloop
  endfacet
  facet normal 0.95205 0.305942 0
    outer loop
      vertex -4.067 -1.23371 0
      vertex -4.02445 -1.36612 13
      vertex -4.02445 -1.36612 0
    endloop
  endfacet
  facet normal 0.822267 -0.569102 0
    outer loop
      vertex -3.53375 2.36117 13
      vertex -3.4546 2.47553 0
      vertex -3.4546 2.47553 13
    endloop
  endfacet
  facet normal 0.822267 -0.569102 0
    outer loop
      vertex -3.4546 2.47553 0
      vertex -3.53375 2.36117 13
      vertex -3.53375 2.36117 0
    endloop
  endfacet
  facet normal -0.0817541 0.996653 0
    outer loop
      vertex 0.416573 -4.22953 0
      vertex 0.277963 -4.2409 13
      vertex 0.416573 -4.22953 13
    endloop
  endfacet
  facet normal -0.0817541 0.996653 0
    outer loop
      vertex 0.277963 -4.2409 13
      vertex 0.416573 -4.22953 0
      vertex 0.277963 -4.2409 0
    endloop
  endfacet
  facet normal 0.904006 -0.427521 0
    outer loop
      vertex -3.87117 1.754 13
      vertex -3.81171 1.87973 0
      vertex -3.81171 1.87973 13
    endloop
  endfacet
  facet normal 0.904006 -0.427521 0
    outer loop
      vertex -3.81171 1.87973 0
      vertex -3.87117 1.754 13
      vertex -3.87117 1.754 0
    endloop
  endfacet
  facet normal 0.941547 0.336883 0
    outer loop
      vertex -3.9776 -1.49706 13
      vertex -4.02445 -1.36612 0
      vertex -4.02445 -1.36612 13
    endloop
  endfacet
  facet normal 0.941547 0.336883 0
    outer loop
      vertex -4.02445 -1.36612 0
      vertex -3.9776 -1.49706 13
      vertex -3.9776 -1.49706 0
    endloop
  endfacet
  facet normal 0.977463 0.211109 0
    outer loop
      vertex -4.13898 -0.965074 13
      vertex -4.16834 -0.829133 0
      vertex -4.16834 -0.829133 13
    endloop
  endfacet
  facet normal 0.977463 0.211109 0
    outer loop
      vertex -4.16834 -0.829133 0
      vertex -4.13898 -0.965074 13
      vertex -4.13898 -0.965074 0
    endloop
  endfacet
  facet normal -0.541891 0.840449 0
    outer loop
      vertex 2.36117 -3.53375 0
      vertex 2.24429 -3.60911 13
      vertex 2.36117 -3.53375 13
    endloop
  endfacet
  facet normal -0.541891 0.840449 0
    outer loop
      vertex 2.24429 -3.60911 13
      vertex 2.36117 -3.53375 0
      vertex 2.24429 -3.60911 0
    endloop
  endfacet
  facet normal -0.762537 -0.646944 0
    outer loop
      vertex 3.25 2.73777 0
      vertex 3.19532 2.80222 13
      vertex 3.19532 2.80222 0
    endloop
  endfacet
  facet normal -0.762537 -0.646944 0
    outer loop
      vertex 3.19532 2.80222 13
      vertex 3.25 2.73777 0
      vertex 3.25 2.73777 13
    endloop
  endfacet
  facet normal 0.822267 0.569102 0
    outer loop
      vertex -3.4546 -2.47553 13
      vertex -3.53375 -2.36117 0
      vertex -3.53375 -2.36117 13
    endloop
  endfacet
  facet normal 0.822267 0.569102 0
    outer loop
      vertex -3.53375 -2.36117 0
      vertex -3.4546 -2.47553 13
      vertex -3.4546 -2.47553 0
    endloop
  endfacet
  facet normal 0.783262 -0.621691 0
    outer loop
      vertex -3.37175 2.58724 13
      vertex -3.28529 2.69617 0
      vertex -3.28529 2.69617 13
    endloop
  endfacet
  facet normal 0.783262 -0.621691 0
    outer loop
      vertex -3.28529 2.69617 0
      vertex -3.37175 2.58724 13
      vertex -3.37175 2.58724 0
    endloop
  endfacet
  facet normal -0.718553 -0.695472 0
    outer loop
      vertex 3.10192 2.90527 0
      vertex 3.0052 3.0052 13
      vertex 3.0052 3.0052 0
    endloop
  endfacet
  facet normal -0.718553 -0.695472 0
    outer loop
      vertex 3.0052 3.0052 13
      vertex 3.10192 2.90527 0
      vertex 3.10192 2.90527 13
    endloop
  endfacet
  facet normal 0.904006 0.427521 0
    outer loop
      vertex -3.81171 -1.87973 13
      vertex -3.87117 -1.754 0
      vertex -3.87117 -1.754 13
    endloop
  endfacet
  facet normal 0.904006 0.427521 0
    outer loop
      vertex -3.87117 -1.754 0
      vertex -3.81171 -1.87973 13
      vertex -3.81171 -1.87973 0
    endloop
  endfacet
  facet normal 0.718553 -0.695472 0
    outer loop
      vertex -3.10192 2.90527 13
      vertex -3.0052 3.0052 0
      vertex -3.0052 3.0052 13
    endloop
  endfacet
  facet normal 0.718553 -0.695472 0
    outer loop
      vertex -3.0052 3.0052 0
      vertex -3.10192 2.90527 13
      vertex -3.10192 2.90527 0
    endloop
  endfacet
  facet normal -0.5957 -0.803207 0
    outer loop
      vertex 2.47553 3.4546 0
      vertex 2.58724 3.37175 13
      vertex 2.47553 3.4546 13
    endloop
  endfacet
  facet normal -0.5957 -0.803207 -0
    outer loop
      vertex 2.58724 3.37175 13
      vertex 2.47553 3.4546 0
      vertex 2.58724 3.37175 0
    endloop
  endfacet
  facet normal 0.336883 -0.941547 0
    outer loop
      vertex -1.49706 3.9776 0
      vertex -1.36612 4.02445 13
      vertex -1.49706 3.9776 13
    endloop
  endfacet
  facet normal 0.336883 -0.941547 0
    outer loop
      vertex -1.36612 4.02445 13
      vertex -1.49706 3.9776 0
      vertex -1.36612 4.02445 0
    endloop
  endfacet
  facet normal 0.695472 0.718553 -0
    outer loop
      vertex -2.90527 -3.10192 0
      vertex -3.0052 -3.0052 13
      vertex -2.90527 -3.10192 13
    endloop
  endfacet
  facet normal 0.695472 0.718553 0
    outer loop
      vertex -3.0052 -3.0052 13
      vertex -2.90527 -3.10192 0
      vertex -3.0052 -3.0052 0
    endloop
  endfacet
  facet normal 0.983854 -0.178971 0
    outer loop
      vertex -4.19323 0.692306 13
      vertex -4.16834 0.829133 0
      vertex -4.16834 0.829133 13
    endloop
  endfacet
  facet normal 0.983854 -0.178971 0
    outer loop
      vertex -4.16834 0.829133 0
      vertex -4.19323 0.692306 13
      vertex -4.19323 0.692306 0
    endloop
  endfacet
  facet normal 0.999866 -0.0163942 0
    outer loop
      vertex -4.25 0 13
      vertex -4.24772 0.139055 0
      vertex -4.24772 0.139055 13
    endloop
  endfacet
  facet normal 0.999866 -0.0163942 0
    outer loop
      vertex -4.24772 0.139055 0
      vertex -4.25 0 13
      vertex -4.25 0 0
    endloop
  endfacet
  facet normal 0.621691 0.783262 -0
    outer loop
      vertex -2.58724 -3.37175 0
      vertex -2.69617 -3.28529 13
      vertex -2.58724 -3.37175 13
    endloop
  endfacet
  facet normal 0.621691 0.783262 0
    outer loop
      vertex -2.69617 -3.28529 13
      vertex -2.58724 -3.37175 0
      vertex -2.69617 -3.28529 0
    endloop
  endfacet
  facet normal -0.695472 0.718553 0
    outer loop
      vertex 3.0052 -3.0052 0
      vertex 2.90527 -3.10192 13
      vertex 3.0052 -3.0052 13
    endloop
  endfacet
  facet normal -0.695472 0.718553 0
    outer loop
      vertex 2.90527 -3.10192 13
      vertex 3.0052 -3.0052 0
      vertex 2.90527 -3.10192 0
    endloop
  endfacet
  facet normal 0.243033 0.970018 -0
    outer loop
      vertex -0.965074 -4.13898 0
      vertex -1.09998 -4.10518 13
      vertex -0.965074 -4.13898 13
    endloop
  endfacet
  facet normal 0.243033 0.970018 0
    outer loop
      vertex -1.09998 -4.10518 13
      vertex -0.965074 -4.13898 0
      vertex -1.09998 -4.10518 0
    endloop
  endfacet
  facet normal 0.45688 -0.889528 0
    outer loop
      vertex -2.00344 3.74817 0
      vertex -1.87973 3.81171 13
      vertex -2.00344 3.74817 13
    endloop
  endfacet
  facet normal 0.45688 -0.889528 0
    outer loop
      vertex -1.87973 3.81171 13
      vertex -2.00344 3.74817 0
      vertex -1.87973 3.81171 0
    endloop
  endfacet
  facet normal -0.5957 0.803207 0
    outer loop
      vertex 2.58724 -3.37175 0
      vertex 2.47553 -3.4546 13
      vertex 2.58724 -3.37175 13
    endloop
  endfacet
  facet normal -0.5957 0.803207 0
    outer loop
      vertex 2.47553 -3.4546 13
      vertex 2.58724 -3.37175 0
      vertex 2.47553 -3.4546 0
    endloop
  endfacet
  facet normal -0.367507 0.930021 0
    outer loop
      vertex 1.6264 -3.92649 0
      vertex 1.49706 -3.9776 13
      vertex 1.6264 -3.92649 13
    endloop
  endfacet
  facet normal -0.367507 0.930021 0
    outer loop
      vertex 1.49706 -3.9776 13
      vertex 1.6264 -3.92649 0
      vertex 1.49706 -3.9776 0
    endloop
  endfacet
  facet normal -0.718553 0.695472 0
    outer loop
      vertex 3.0052 -3.0052 0
      vertex 3.10192 -2.90527 13
      vertex 3.10192 -2.90527 0
    endloop
  endfacet
  facet normal -0.718553 0.695472 0
    outer loop
      vertex 3.10192 -2.90527 13
      vertex 3.0052 -3.0052 0
      vertex 3.0052 -3.0052 13
    endloop
  endfacet
  facet normal -0.646928 0.762551 0
    outer loop
      vertex 2.80222 -3.19532 0
      vertex 2.69617 -3.28529 13
      vertex 2.80222 -3.19532 13
    endloop
  endfacet
  facet normal -0.646928 0.762551 0
    outer loop
      vertex 2.69617 -3.28529 13
      vertex 2.80222 -3.19532 0
      vertex 2.69617 -3.28529 0
    endloop
  endfacet
  facet normal -0.243033 -0.970018 0
    outer loop
      vertex 0.965074 4.13898 0
      vertex 1.09998 4.10518 13
      vertex 0.965074 4.13898 13
    endloop
  endfacet
  facet normal -0.243033 -0.970018 -0
    outer loop
      vertex 1.09998 4.10518 13
      vertex 0.965074 4.13898 0
      vertex 1.09998 4.10518 0
    endloop
  endfacet
  facet normal -0.178971 -0.983854 0
    outer loop
      vertex 0.692306 4.19323 0
      vertex 0.829133 4.16834 13
      vertex 0.692306 4.19323 13
    endloop
  endfacet
  facet normal -0.178971 -0.983854 -0
    outer loop
      vertex 0.829133 4.16834 13
      vertex 0.692306 4.19323 0
      vertex 0.829133 4.16834 0
    endloop
  endfacet
  facet normal 0.840449 -0.541891 0
    outer loop
      vertex -3.60911 2.24429 13
      vertex -3.53375 2.36117 0
      vertex -3.53375 2.36117 13
    endloop
  endfacet
  facet normal 0.840449 -0.541891 0
    outer loop
      vertex -3.53375 2.36117 0
      vertex -3.60911 2.24429 13
      vertex -3.60911 2.24429 0
    endloop
  endfacet
  facet normal 0.397769 0.917486 -0
    outer loop
      vertex -1.6264 -3.92649 0
      vertex -1.754 -3.87117 13
      vertex -1.6264 -3.92649 13
    endloop
  endfacet
  facet normal 0.397769 0.917486 0
    outer loop
      vertex -1.754 -3.87117 13
      vertex -1.6264 -3.92649 0
      vertex -1.754 -3.87117 0
    endloop
  endfacet
  facet normal 0.541891 0.840449 -0
    outer loop
      vertex -2.24429 -3.60911 0
      vertex -2.36117 -3.53375 13
      vertex -2.24429 -3.60911 13
    endloop
  endfacet
  facet normal 0.541891 0.840449 0
    outer loop
      vertex -2.36117 -3.53375 13
      vertex -2.24429 -3.60911 0
      vertex -2.36117 -3.53375 0
    endloop
  endfacet
  facet normal 0.5957 0.803207 -0
    outer loop
      vertex -2.47553 -3.4546 0
      vertex -2.58724 -3.37175 13
      vertex -2.47553 -3.4546 13
    endloop
  endfacet
  facet normal 0.5957 0.803207 0
    outer loop
      vertex -2.58724 -3.37175 13
      vertex -2.47553 -3.4546 0
      vertex -2.58724 -3.37175 0
    endloop
  endfacet
  facet normal 0.569102 0.822267 -0
    outer loop
      vertex -2.36117 -3.53375 0
      vertex -2.47553 -3.4546 13
      vertex -2.36117 -3.53375 13
    endloop
  endfacet
  facet normal 0.569102 0.822267 0
    outer loop
      vertex -2.47553 -3.4546 13
      vertex -2.36117 -3.53375 0
      vertex -2.47553 -3.4546 0
    endloop
  endfacet
  facet normal -1 0 0
    outer loop
      vertex 3.25 -2.73777 0
      vertex 3.25 2.73777 13
      vertex 3.25 2.73777 0
    endloop
  endfacet
  facet normal -1 -0 0
    outer loop
      vertex 3.25 2.73777 13
      vertex 3.25 -2.73777 0
      vertex 3.25 -2.73777 13
    endloop
  endfacet
endsolid OpenSCAD_Model
